id_transaccion,fecha,id_socio,nombre_cliente,sucursal,categoria_servicio,tipo_membresia,monto_ingreso,costo_adquisicion_cac,duracion_meses_socio,estado_socio,asistencias_mes,nps_satisfaccion
TRX-RD-5019,2025-01-01,011-5108527-9,"Yudelka Morales Castillo","Santiago (Los Jardines)","Personal Trainer","Premium",1205.00,1676.00,10,Activo,7,8
TRX-RD-5030,2025-01-01,011-7856238-3,"Gabriel Marte Sánchez","Santo Domingo (Piantini)","Membresías","Básica",1690.00,1325.00,8,Activo,18,8
TRX-RD-5054,2025-01-01,031-8639038-5,"Manuel Cruz Santana","Santiago (Los Jardines)","Tienda Deportiva","Premium",1715.00,1556.00,10,Activo,14,7
TRX-RD-5002,2025-01-02,037-9546737-6,"Stephanie Reyes Gómez","Punta Cana (Bávaro)","Tienda Deportiva","Básica",1490.00,1340.00,7,Activo,12,8
TRX-RD-5013,2025-01-02,097-1176412-7,"Gabriel Jiménez Sánchez","Santo Domingo (Piantini)","Membresías","Premium",2690.00,1963.00,8,Activo,10,8
TRX-RD-5021,2025-01-02,402-7470758-3,"Johanny Pérez Reyes","Santo Domingo (Piantini)","Membresías","VIP",4890.00,2407.00,9,Activo,14,10
TRX-RD-5073,2025-01-02,031-0627540-1,"María Morales Guzmán","Punta Cana (Bávaro)","Membresías","Básica",1690.00,1201.00,14,Activo,8,8
TRX-RD-5053,2025-01-03,031-8639038-5,"Manuel Cruz Santana","Santiago (Los Jardines)","Clases Guiadas","Premium",717.00,1556.00,10,Activo,14,7
TRX-RD-5065,2025-01-03,001-2826741-6,"Yamilka Santana Martínez","Santo Domingo Este (Zona Oriental)","Membresías","Básica",1690.00,1389.00,12,Activo,14,7
TRX-RD-5020,2025-01-04,002-0039098-7,"Alejandro Rodríguez Castillo","Punta Cana (Bávaro)","Membresías","Premium",2690.00,1582.00,10,Activo,13,9
TRX-RD-5031,2025-01-04,011-7856238-3,"Gabriel Marte Sánchez","Santo Domingo (Piantini)","Clases Guiadas","Básica",753.00,1325.00,8,Activo,18,8
TRX-RD-5059,2025-01-04,037-4666965-8,"Genesis Sánchez Santana","Santiago (Los Jardines)","Clases Guiadas","Básica",1282.00,1234.00,8,Activo,7,7
TRX-RD-5063,2025-01-04,402-6167615-5,"María Gómez Marte","Puerto Plata Club","Personal Trainer","Premium",1573.00,1749.00,7,Activo,9,9
TRX-RD-5078,2025-01-04,002-6485922-4,"Carlos Sánchez García","Santiago (Los Jardines)","Personal Trainer","Premium",1474.00,1669.00,8,Activo,10,10
TRX-RD-5079,2025-01-04,011-4532392-7,"Gabriel Marte Vásquez","Santo Domingo Este (Zona Oriental)","Membresías","Premium",2690.00,1474.00,14,Activo,13,8
TRX-RD-5080,2025-01-05,011-3817674-6,"Manuel Reyes Rodríguez","Santiago (Los Jardines)","Membresías","VIP",4890.00,2435.00,12,Activo,19,7
TRX-RD-5004,2025-01-06,002-1793907-3,"Genesis Jiménez Morales","Puerto Plata Club","Membresías","VIP",4890.00,2188.00,8,Activo,18,8
TRX-RD-5005,2025-01-06,001-4336709-2,"Ana Paulino Jiménez","Santo Domingo Este (Zona Oriental)","Membresías","Básica",1690.00,1162.00,10,Activo,13,6
TRX-RD-5061,2025-01-06,097-4377382-3,"Kelvin Marte Santana","Santo Domingo (Piantini)","Personal Trainer","Premium",1406.00,1336.00,6,Activo,15,7
TRX-RD-5010,2025-01-07,097-6529660-4,"Johanny Pérez García","Santo Domingo Este (Zona Oriental)","Membresías","Básica",1690.00,1226.00,4,Activo,14,8
TRX-RD-5051,2025-01-07,031-8639038-5,"Manuel Cruz Santana","Santiago (Los Jardines)","Membresías","Premium",2690.00,1556.00,10,Activo,14,7
TRX-RD-5069,2025-01-08,037-2632060-3,"Nicole Castillo Rodríguez","Santo Domingo (Piantini)","Clases Guiadas","VIP",883.00,2417.00,12,Activo,10,9
TRX-RD-5038,2025-01-09,402-7439845-8,"Nicole Sánchez Santana","Santiago (Los Jardines)","Tienda Deportiva","VIP",1299.00,2334.00,10,Activo,9,8
TRX-RD-5041,2025-01-10,097-6771051-1,"Nicole Cruz Morales","Santo Domingo (Piantini)","Tienda Deportiva","Premium",1542.00,1626.00,11,Activo,8,7
TRX-RD-5046,2025-01-10,402-6702324-6,"Alejandro Peña Cruz","Santo Domingo (Piantini)","Personal Trainer","Premium",1401.00,1835.00,9,Activo,9,9
TRX-RD-5049,2025-01-10,002-4145283-8,"Stephanie Martínez Rodríguez","Punta Cana (Bávaro)","Membresías","Básica",1690.00,1446.00,10,Activo,16,7
TRX-RD-5055,2025-01-10,037-2983311-5,"Rafael Reyes Reyes","Santiago (Los Jardines)","Membresías","Premium",2690.00,1440.00,6,Activo,12,6
TRX-RD-5015,2025-01-11,097-1176412-7,"Gabriel Jiménez Sánchez","Santo Domingo (Piantini)","Tienda Deportiva","Premium",2312.00,1963.00,8,Activo,10,8
TRX-RD-5023,2025-01-11,001-4914206-9,"Gabriel Díaz Reyes","Santiago (Los Jardines)","Membresías","Premium",2690.00,1504.00,15,Activo,9,8
TRX-RD-5034,2025-01-11,097-9949127-0,"Francisco Santana Peña","Santo Domingo (Piantini)","Tienda Deportiva","VIP",1426.00,2523.00,15,Activo,9,7
TRX-RD-5084,2025-01-11,031-1342744-1,"Patricia Pérez Díaz","Puerto Plata Club","Tienda Deportiva","Básica",998.00,1141.00,11,Activo,9,9
TRX-RD-5012,2025-01-12,002-4974312-1,"Patricia Guzmán Pérez","Santo Domingo (Piantini)","Clases Guiadas","Premium",719.00,1678.00,10,Activo,6,8
TRX-RD-5024,2025-01-12,001-4914206-9,"Gabriel Díaz Reyes","Santiago (Los Jardines)","Personal Trainer","Premium",1364.00,1504.00,15,Activo,9,8
TRX-RD-5036,2025-01-12,001-2220302-9,"Ana Martínez Santana","Punta Cana (Bávaro)","Tienda Deportiva","Básica",1422.00,1409.00,11,Activo,16,7
TRX-RD-5025,2025-01-13,001-4914206-9,"Gabriel Díaz Reyes","Santiago (Los Jardines)","Clases Guiadas","Premium",1114.00,1504.00,15,Activo,9,8
TRX-RD-5071,2025-01-13,097-3249981-0,"Manuel Reyes Rosario","Puerto Plata Club","Membresías","Básica",1690.00,1486.00,10,Activo,13,10
TRX-RD-5075,2025-01-13,031-5780704-5,"Joan Guzmán Rodríguez","Punta Cana (Bávaro)","Tienda Deportiva","VIP",1444.00,2509.00,13,Activo,6,9
TRX-RD-5011,2025-01-14,002-4974312-1,"Patricia Guzmán Pérez","Santo Domingo (Piantini)","Membresías","Premium",2690.00,1678.00,10,Activo,6,8
TRX-RD-5074,2025-01-14,031-5780704-5,"Joan Guzmán Rodríguez","Punta Cana (Bávaro)","Membresías","VIP",4890.00,2509.00,13,Activo,6,9
TRX-RD-5083,2025-01-14,031-1342744-1,"Patricia Pérez Díaz","Puerto Plata Club","Personal Trainer","Básica",1459.00,1141.00,11,Activo,9,9
TRX-RD-5044,2025-01-15,001-2305238-3,"Johanny Jiménez Marte","Santo Domingo (Piantini)","Membresías","VIP",4890.00,2486.00,10,Activo,11,9
TRX-RD-5066,2025-01-15,001-2826741-6,"Yamilka Santana Martínez","Santo Domingo Este (Zona Oriental)","Personal Trainer","Básica",1551.00,1389.00,12,Activo,14,7
TRX-RD-5017,2025-01-16,001-9939436-2,"Pedro Rosario Sánchez","Santo Domingo Este (Zona Oriental)","Personal Trainer","Básica",1627.00,1328.00,12,Activo,8,8
TRX-RD-5048,2025-01-16,002-3232256-0,"Patricia Santana Morales","Santo Domingo (Piantini)","Membresías","Básica",1690.00,1098.00,11,Activo,11,9
TRX-RD-5062,2025-01-16,402-6167615-5,"María Gómez Marte","Puerto Plata Club","Membresías","Premium",2690.00,1749.00,7,Activo,9,9
TRX-RD-5070,2025-01-16,031-7537326-9,"Johanny Guzmán Pérez","Santo Domingo (Piantini)","Membresías","Premium",2690.00,1736.00,9,Activo,17,7
TRX-RD-5016,2025-01-17,001-9939436-2,"Pedro Rosario Sánchez","Santo Domingo Este (Zona Oriental)","Membresías","Básica",1690.00,1328.00,12,Activo,8,8
TRX-RD-5039,2025-01-17,011-6072118-7,"Stephanie Cruz Sánchez","Santiago (Los Jardines)","Membresías","Básica",1690.00,1288.00,6,Activo,10,9
TRX-RD-5047,2025-01-17,402-0772858-1,"Rosa Ventura Jiménez","Puerto Plata Club","Membresías","VIP",4890.00,2382.00,8,Activo,11,8
TRX-RD-5077,2025-01-17,002-6485922-4,"Carlos Sánchez García","Santiago (Los Jardines)","Membresías","Premium",2690.00,1669.00,8,Activo,10,10
TRX-RD-5018,2025-01-18,011-5108527-9,"Yudelka Morales Castillo","Santiago (Los Jardines)","Membresías","Premium",2690.00,1676.00,10,Activo,7,8
TRX-RD-5060,2025-01-18,097-4377382-3,"Kelvin Marte Santana","Santo Domingo (Piantini)","Membresías","Premium",2690.00,1336.00,6,Activo,15,7
TRX-RD-5064,2025-01-18,402-6167615-5,"María Gómez Marte","Puerto Plata Club","Clases Guiadas","Premium",788.00,1749.00,7,Activo,9,9
TRX-RD-5067,2025-01-18,031-3955124-0,"Luis Pérez Vásquez","Santo Domingo (Piantini)","Membresías","Básica",1690.00,1130.00,9,Activo,10,8
TRX-RD-5045,2025-01-19,402-6702324-6,"Alejandro Peña Cruz","Santo Domingo (Piantini)","Membresías","Premium",2690.00,1835.00,9,Activo,9,9
TRX-RD-5026,2025-01-20,001-2647774-4,"Nicole Ventura Morales","Punta Cana (Bávaro)","Membresías","Básica",1690.00,1220.00,7,Activo,7,7
TRX-RD-5056,2025-01-20,002-9773654-8,"Ramón Guzmán García","Santo Domingo (Piantini)","Membresías","VIP",4890.00,2398.00,14,Activo,11,8
TRX-RD-5058,2025-01-20,037-4666965-8,"Genesis Sánchez Santana","Santiago (Los Jardines)","Membresías","Básica",1690.00,1234.00,8,Activo,7,7
TRX-RD-5068,2025-01-20,037-2632060-3,"Nicole Castillo Rodríguez","Santo Domingo (Piantini)","Membresías","VIP",4890.00,2417.00,12,Activo,10,9
TRX-RD-5022,2025-01-21,402-7470758-3,"Johanny Pérez Reyes","Santo Domingo (Piantini)","Personal Trainer","VIP",1770.00,2407.00,9,Activo,14,10
TRX-RD-5028,2025-01-21,002-2068409-6,"Gabriel Díaz Guzmán","Puerto Plata Club","Membresías","Básica",1690.00,1264.00,10,Activo,12,8
TRX-RD-5052,2025-01-21,031-8639038-5,"Manuel Cruz Santana","Santiago (Los Jardines)","Personal Trainer","Premium",1468.00,1556.00,10,Activo,14,7
TRX-RD-5086,2025-01-21,037-3006683-8,"Carmen Peña Peña","Punta Cana (Bávaro)","Membresías","Básica",1690.00,1406.00,10,Activo,16,7
TRX-RD-5006,2025-01-22,402-3725711-4,"Genesis Rodríguez Sánchez","Punta Cana (Bávaro)","Membresías","Básica",1690.00,1179.00,14,Activo,10,6
TRX-RD-5009,2025-01-22,011-4381267-3,"Carlos Reyes Sánchez","Santo Domingo Este (Zona Oriental)","Personal Trainer","Premium",1461.00,1600.00,6,Activo,9,6
TRX-RD-5014,2025-01-22,097-1176412-7,"Gabriel Jiménez Sánchez","Santo Domingo (Piantini)","Personal Trainer","Premium",1901.00,1963.00,8,Activo,10,8
TRX-RD-5037,2025-01-22,402-7439845-8,"Nicole Sánchez Santana","Santiago (Los Jardines)","Membresías","VIP",4890.00,2334.00,10,Activo,9,8
TRX-RD-5050,2025-01-22,002-4145283-8,"Stephanie Martínez Rodríguez","Punta Cana (Bávaro)","Tienda Deportiva","Básica",1115.00,1446.00,10,Activo,16,7
TRX-RD-5072,2025-01-22,031-7353529-9,"Patricia Sánchez Santana","Santiago (Los Jardines)","Membresías","Básica",1690.00,1184.00,9,Activo,15,8
TRX-RD-5008,2025-01-23,011-4381267-3,"Carlos Reyes Sánchez","Santo Domingo Este (Zona Oriental)","Membresías","Premium",2690.00,1600.00,6,Activo,9,6
TRX-RD-5082,2025-01-23,031-1342744-1,"Patricia Pérez Díaz","Puerto Plata Club","Membresías","Básica",1690.00,1141.00,11,Activo,9,9
TRX-RD-5033,2025-01-24,097-9949127-0,"Francisco Santana Peña","Santo Domingo (Piantini)","Personal Trainer","VIP",1642.00,2523.00,15,Activo,9,7
TRX-RD-5043,2025-01-24,402-4161120-7,"Carlos Vásquez Peña","Santo Domingo (Piantini)","Membresías","Premium",2690.00,1665.00,10,Activo,12,8
TRX-RD-5081,2025-01-24,402-7552381-5,"Manuel Rosario Díaz","Santo Domingo Este (Zona Oriental)","Membresías","Básica",1690.00,1509.00,4,Activo,11,8
TRX-RD-5042,2025-01-25,001-0419364-4,"Ramón Jiménez Santana","Santo Domingo (Piantini)","Membresías","Básica",1690.00,1238.00,12,Activo,12,8
TRX-RD-5076,2025-01-25,037-7679995-3,"Juan Gómez Rodríguez","Punta Cana (Bávaro)","Membresías","Básica",1690.00,924.00,10,Activo,14,9
TRX-RD-5027,2025-01-26,001-2647774-4,"Nicole Ventura Morales","Punta Cana (Bávaro)","Personal Trainer","Básica",1644.00,1220.00,7,Activo,7,7
TRX-RD-5035,2025-01-26,001-2220302-9,"Ana Martínez Santana","Punta Cana (Bávaro)","Membresías","Básica",1690.00,1409.00,11,Activo,16,7
TRX-RD-5057,2025-01-26,037-8606750-8,"Miguel Peña Vásquez","Punta Cana (Bávaro)","Membresías","Premium",2690.00,1553.00,9,Activo,13,9
TRX-RD-5007,2025-01-27,011-9439820-0,"Ramón Guzmán Reyes","Santo Domingo (Piantini)","Membresías","Premium",2690.00,1665.00,9,Activo,16,8
TRX-RD-5001,2025-01-28,037-9546737-6,"Stephanie Reyes Gómez","Punta Cana (Bávaro)","Membresías","Básica",1690.00,1340.00,7,Activo,12,8
TRX-RD-5003,2025-01-28,002-6588410-6,"Laura Díaz Díaz","Santo Domingo Este (Zona Oriental)","Membresías","Premium",2690.00,1880.00,6,Activo,14,7
TRX-RD-5029,2025-01-28,402-9032230-0,"Pedro Morales García","Punta Cana (Bávaro)","Membresías","Básica",1690.00,1224.00,9,Activo,8,8
TRX-RD-5032,2025-01-28,097-9949127-0,"Francisco Santana Peña","Santo Domingo (Piantini)","Membresías","VIP",4890.00,2523.00,15,Activo,9,7
TRX-RD-5040,2025-01-28,097-6771051-1,"Nicole Cruz Morales","Santo Domingo (Piantini)","Membresías","Premium",2690.00,1626.00,11,Activo,8,7
TRX-RD-5085,2025-01-28,031-3656944-3,"Joan Martínez Cruz","Santo Domingo Este (Zona Oriental)","Membresías","Básica",1690.00,1281.00,1,Activo,8,8
TRX-RD-5124,2025-02-01,001-4914206-9,"Gabriel Díaz Reyes","Santiago (Los Jardines)","Membresías","Premium",2690.00,1504.00,15,Activo,9,9
TRX-RD-5128,2025-02-01,001-2647774-4,"Nicole Ventura Morales","Punta Cana (Bávaro)","Personal Trainer","Básica",1580.00,1220.00,7,Activo,12,8
TRX-RD-5129,2025-02-01,001-7971463-9,"Luisa Peña Díaz","Punta Cana (Bávaro)","Membresías","VIP",4890.00,2491.00,11,Activo,13,8
TRX-RD-5130,2025-02-01,002-2068409-6,"Gabriel Díaz Guzmán","Puerto Plata Club","Membresías","Básica",1690.00,1264.00,10,Activo,11,9
TRX-RD-5133,2025-02-01,011-7856238-3,"Gabriel Marte Sánchez","Santo Domingo (Piantini)","Personal Trainer","Básica",1526.00,1325.00,8,Activo,11,8
TRX-RD-5181,2025-02-01,001-1274666-4,"Kelvin Marte Guzmán","Santiago (Los Jardines)","Membresías","Premium",2690.00,1496.00,10,Activo,7,9
TRX-RD-5218,2025-02-01,097-3249981-0,"Manuel Reyes Rosario","Puerto Plata Club","Membresías","Básica",1690.00,1486.00,10,Activo,6,9
TRX-RD-5238,2025-02-01,402-7552381-5,"Manuel Rosario Díaz","Santo Domingo Este (Zona Oriental)","Membresías","Básica",1690.00,1509.00,4,Activo,12,8
TRX-RD-5194,2025-02-02,037-4666965-8,"Genesis Sánchez Santana","Santiago (Los Jardines)","Personal Trainer","Básica",1612.00,1234.00,8,Activo,9,8
TRX-RD-5177,2025-02-03,002-2223394-2,"Johanny Martínez Reyes","Santo Domingo (Piantini)","Tienda Deportiva","Premium",1541.00,1445.00,7,Activo,11,7
TRX-RD-5185,2025-02-03,031-8639038-5,"Manuel Cruz Santana","Santiago (Los Jardines)","Membresías","Premium",2690.00,1556.00,10,Activo,10,8
TRX-RD-5204,2025-02-03,001-7888720-4,"Pedro Peña Guzmán","Puerto Plata Club","Membresías","VIP",4890.00,2841.00,13,Activo,12,9
TRX-RD-5212,2025-02-03,037-6396478-4,"Miguel Marte Rosario","Punta Cana (Bávaro)","Tienda Deportiva","Básica",1494.00,1489.00,7,Activo,12,9
TRX-RD-5234,2025-02-03,011-4532392-7,"Gabriel Marte Vásquez","Santo Domingo Este (Zona Oriental)","Membresías","Premium",2690.00,1474.00,14,Activo,7,6
TRX-RD-5090,2025-02-04,002-1793907-3,"Genesis Jiménez Morales","Puerto Plata Club","Membresías","VIP",4890.00,2188.00,8,Activo,12,9
TRX-RD-5113,2025-02-04,002-4974312-1,"Patricia Guzmán Pérez","Santo Domingo (Piantini)","Membresías","Premium",2690.00,1678.00,10,Activo,8,9
TRX-RD-5149,2025-02-04,097-6771051-1,"Nicole Cruz Morales","Santo Domingo (Piantini)","Personal Trainer","Premium",1306.00,1626.00,11,Activo,14,8
TRX-RD-5160,2025-02-04,002-0919408-3,"Laura Cruz Gómez","Santiago (Los Jardines)","Membresías","Básica",1690.00,1307.00,13,Activo,12,7
TRX-RD-5215,2025-02-04,031-7537326-9,"Johanny Guzmán Pérez","Santo Domingo (Piantini)","Membresías","Premium",2690.00,1736.00,9,Activo,9,8
TRX-RD-5225,2025-02-04,037-7679995-3,"Juan Gómez Rodríguez","Punta Cana (Bávaro)","Membresías","Básica",1690.00,924.00,10,Activo,9,7
TRX-RD-5244,2025-02-04,037-3006683-8,"Carmen Peña Peña","Punta Cana (Bávaro)","Membresías","Básica",1690.00,1406.00,10,Activo,14,9
TRX-RD-5102,2025-02-05,097-7920909-8,"Ana García Santana","Santo Domingo Este (Zona Oriental)","Tienda Deportiva","Básica",1554.00,1411.00,10,Activo,17,8
TRX-RD-5147,2025-02-05,011-6072118-7,"Stephanie Cruz Sánchez","Santiago (Los Jardines)","Membresías","Básica",1690.00,1288.00,6,Activo,10,9
TRX-RD-5216,2025-02-05,031-7537326-9,"Johanny Guzmán Pérez","Santo Domingo (Piantini)","Personal Trainer","Premium",1237.00,1736.00,9,Activo,9,8
TRX-RD-5105,2025-02-06,037-5764630-6,"Yamilka Sánchez Sánchez","Santiago (Los Jardines)","Membresías","VIP",4890.00,2364.00,17,Activo,16,8
TRX-RD-5135,2025-02-06,031-6851654-4,"José Rosario Pérez","Santo Domingo Este (Zona Oriental)","Membresías","Básica",1690.00,1363.00,7,Activo,12,9
TRX-RD-5141,2025-02-06,097-9949127-0,"Francisco Santana Peña","Santo Domingo (Piantini)","Membresías","VIP",4890.00,2523.00,15,Activo,16,7
TRX-RD-5183,2025-02-06,002-4145283-8,"Stephanie Martínez Rodríguez","Punta Cana (Bávaro)","Membresías","Básica",1690.00,1446.00,10,Activo,12,8
TRX-RD-5193,2025-02-06,037-4666965-8,"Genesis Sánchez Santana","Santiago (Los Jardines)","Membresías","Básica",1690.00,1234.00,8,Activo,9,8
TRX-RD-5224,2025-02-06,402-5274340-2,"Altagracia Morales Sánchez","Santiago (Los Jardines)","Personal Trainer","Premium",1097.00,1875.00,9,Activo,10,8
TRX-RD-5232,2025-02-06,001-9581794-5,"Carlos Sánchez Martínez","Puerto Plata Club","Membresías","VIP",4890.00,2196.00,12,Activo,18,8
TRX-RD-5104,2025-02-07,097-6529660-4,"Johanny Pérez García","Santo Domingo Este (Zona Oriental)","Membresías","Básica",1690.00,1226.00,4,Activo,15,9
TRX-RD-5116,2025-02-07,097-1176412-7,"Gabriel Jiménez Sánchez","Santo Domingo (Piantini)","Clases Guiadas","Premium",1075.00,1963.00,8,Activo,10,8
TRX-RD-5123,2025-02-07,402-7470758-3,"Johanny Pérez Reyes","Santo Domingo (Piantini)","Personal Trainer","VIP",1620.00,2407.00,9,Activo,14,8
TRX-RD-5174,2025-02-07,002-5305764-0,"Patricia Castillo Santana","Punta Cana (Bávaro)","Membresías","Básica",1690.00,1329.00,9,Activo,8,10
TRX-RD-5180,2025-02-07,011-7999624-2,"Rafael Rosario Martínez","Puerto Plata Club","Membresías","Premium",2690.00,1879.00,5,Activo,9,9
TRX-RD-5186,2025-02-07,037-2983311-5,"Rafael Reyes Reyes","Santiago (Los Jardines)","Membresías","Premium",2690.00,1440.00,6,Activo,7,6
TRX-RD-5187,2025-02-07,002-9773654-8,"Ramón Guzmán García","Santo Domingo (Piantini)","Membresías","VIP",4890.00,2398.00,14,Activo,11,6
TRX-RD-5203,2025-02-07,031-4566564-6,"Carolina Vásquez Jiménez","Santiago (Los Jardines)","Membresías","Básica",1690.00,1233.00,7,Activo,14,8
TRX-RD-5096,2025-02-08,402-1899446-1,"Yamilka Castillo Pérez","Punta Cana (Bávaro)","Membresías","Básica",1690.00,1110.00,7,Activo,9,7
TRX-RD-5099,2025-02-08,097-5613607-4,"Miguel Díaz Cruz","Punta Cana (Bávaro)","Membresías","Básica",1690.00,1355.00,14,Activo,8,8
TRX-RD-5168,2025-02-08,402-6702324-6,"Alejandro Peña Cruz","Santo Domingo (Piantini)","Membresías","Premium",2690.00,1835.00,9,Activo,12,9
TRX-RD-5195,2025-02-08,011-0266902-3,"Genesis Castillo Peña","Santo Domingo (Piantini)","Membresías","VIP",4890.00,2620.00,14,Activo,8,9
TRX-RD-5242,2025-02-08,097-4974915-7,"Laura Santana Vásquez","Punta Cana (Bávaro)","Membresías","Básica",1690.00,1537.00,11,Activo,12,8
TRX-RD-5103,2025-02-09,011-4381267-3,"Carlos Reyes Sánchez","Santo Domingo Este (Zona Oriental)","Membresías","Premium",2690.00,1600.00,6,Activo,10,6
TRX-RD-5110,2025-02-09,031-9385468-8,"Manuel Marte Vásquez","Santo Domingo Este (Zona Oriental)","Membresías","Básica",1690.00,1318.00,8,Activo,15,9
TRX-RD-5117,2025-02-09,001-9939436-2,"Pedro Rosario Sánchez","Santo Domingo Este (Zona Oriental)","Membresías","Básica",1690.00,1328.00,12,Activo,19,8
TRX-RD-5163,2025-02-09,402-0475896-1,"Carolina Reyes Rosario","Santo Domingo (Piantini)","Personal Trainer","Premium",1624.00,1762.00,12,Activo,12,8
TRX-RD-5166,2025-02-09,001-6928831-3,"Laura Guzmán Santana","Santo Domingo (Piantini)","Membresías","Premium",2690.00,1783.00,8,Activo,9,9
TRX-RD-5213,2025-02-09,037-2632060-3,"Nicole Castillo Rodríguez","Santo Domingo (Piantini)","Membresías","VIP",4890.00,2417.00,12,Activo,11,7
TRX-RD-5226,2025-02-09,002-8193156-8,"Altagracia Martínez Castillo","Punta Cana (Bávaro)","Membresías","Básica",1690.00,1073.00,9,Activo,8,6
TRX-RD-5108,2025-02-10,402-9497962-6,"Juan Sánchez Ventura","Santo Domingo Este (Zona Oriental)","Tienda Deportiva","Premium",1184.00,1775.00,11,Activo,12,8
TRX-RD-5134,2025-02-10,011-7856238-3,"Gabriel Marte Sánchez","Santo Domingo (Piantini)","Clases Guiadas","Básica",1044.00,1325.00,8,Activo,11,8
TRX-RD-5235,2025-02-10,011-4532392-7,"Gabriel Marte Vásquez","Santo Domingo Este (Zona Oriental)","Tienda Deportiva","Premium",1727.00,1474.00,14,Activo,7,6
TRX-RD-5243,2025-02-10,031-3656944-3,"Joan Martínez Cruz","Santo Domingo Este (Zona Oriental)","Membresías","Básica",1690.00,1281.00,1,Cancelado,10,7
TRX-RD-5089,2025-02-11,002-6588410-6,"Laura Díaz Díaz","Santo Domingo Este (Zona Oriental)","Personal Trainer","Premium",1648.00,1880.00,6,Activo,10,9
TRX-RD-5118,2025-02-11,011-5108527-9,"Yudelka Morales Castillo","Santiago (Los Jardines)","Membresías","Premium",2690.00,1676.00,10,Activo,4,9
TRX-RD-5196,2025-02-11,011-0266902-3,"Genesis Castillo Peña","Santo Domingo (Piantini)","Personal Trainer","VIP",1221.00,2620.00,14,Activo,8,9
TRX-RD-5207,2025-02-11,011-5973150-2,"Ramón Díaz Castillo","Santiago (Los Jardines)","Tienda Deportiva","Básica",1881.00,952.00,5,Activo,10,7
TRX-RD-5208,2025-02-11,001-2826741-6,"Yamilka Santana Martínez","Santo Domingo Este (Zona Oriental)","Membresías","Básica",1690.00,1389.00,12,Activo,6,6
TRX-RD-5227,2025-02-11,402-3646088-3,"Kelvin Reyes Cruz","Punta Cana (Bávaro)","Membresías","VIP",4890.00,2581.00,6,Activo,7,8
TRX-RD-5229,2025-02-11,097-8381334-9,"Carmen Rosario Ventura","Puerto Plata Club","Membresías","Premium",2690.00,1763.00,12,Activo,8,7
TRX-RD-5125,2025-02-12,402-3864375-9,"Kelvin Ventura Pérez","Santo Domingo (Piantini)","Membresías","VIP",4890.00,2450.00,9,Activo,13,9
TRX-RD-5165,2025-02-12,031-1581612-0,"Ana Cruz Sánchez","Puerto Plata Club","Membresías","Básica",1690.00,1359.00,7,Activo,5,6
TRX-RD-5219,2025-02-12,097-2808250-5,"Johanny Paulino Rodríguez","Puerto Plata Club","Membresías","VIP",4890.00,2070.00,6,Activo,14,8
TRX-RD-5230,2025-02-12,002-6485922-4,"Carlos Sánchez García","Santiago (Los Jardines)","Membresías","Premium",2690.00,1669.00,8,Activo,9,7
TRX-RD-5131,2025-02-13,402-9032230-0,"Pedro Morales García","Punta Cana (Bávaro)","Membresías","Básica",1690.00,1224.00,9,Activo,13,8
TRX-RD-5169,2025-02-13,402-0772858-1,"Rosa Ventura Jiménez","Puerto Plata Club","Membresías","VIP",4890.00,2382.00,8,Activo,6,10
TRX-RD-5179,2025-02-13,002-3232256-0,"Patricia Santana Morales","Santo Domingo (Piantini)","Tienda Deportiva","Básica",1952.00,1098.00,11,Activo,13,9
TRX-RD-5182,2025-02-13,002-7964571-7,"Yamilka Ventura Peña","Punta Cana (Bávaro)","Membresías","Básica",1690.00,1430.00,11,Activo,9,7
TRX-RD-5191,2025-02-13,002-6259335-3,"Emmanuel Guzmán Rosario","Santo Domingo Este (Zona Oriental)","Membresías","Premium",2690.00,2156.00,16,Activo,6,7
TRX-RD-5210,2025-02-13,031-3955124-0,"Luis Pérez Vásquez","Santo Domingo (Piantini)","Personal Trainer","Básica",1167.00,1130.00,9,Activo,11,8
TRX-RD-5222,2025-02-13,031-5780704-5,"Joan Guzmán Rodríguez","Punta Cana (Bávaro)","Membresías","VIP",4890.00,2509.00,13,Activo,10,6
TRX-RD-5095,2025-02-14,402-3725711-4,"Genesis Rodríguez Sánchez","Punta Cana (Bávaro)","Tienda Deportiva","Básica",1462.00,1179.00,14,Activo,14,9
TRX-RD-5097,2025-02-14,011-9439820-0,"Ramón Guzmán Reyes","Santo Domingo (Piantini)","Membresías","Premium",2690.00,1665.00,9,Activo,9,9
TRX-RD-5158,2025-02-14,002-3548885-5,"Miguel Vásquez Cruz","Punta Cana (Bávaro)","Clases Guiadas","Básica",1273.00,1131.00,4,Activo,9,9
TRX-RD-5106,2025-02-15,402-9497962-6,"Juan Sánchez Ventura","Santo Domingo Este (Zona Oriental)","Membresías","Premium",2690.00,1775.00,11,Activo,12,8
TRX-RD-5148,2025-02-15,097-6771051-1,"Nicole Cruz Morales","Santo Domingo (Piantini)","Membresías","Premium",2690.00,1626.00,11,Activo,14,8
TRX-RD-5170,2025-02-15,011-0803242-4,"Laura Gómez Ventura","Santiago (Los Jardines)","Membresías","VIP",4890.00,2719.00,12,Activo,6,8
TRX-RD-5201,2025-02-15,037-0534406-1,"Yudelka Guzmán Martínez","Punta Cana (Bávaro)","Membresías","Premium",2690.00,1985.00,9,Activo,14,10
TRX-RD-5221,2025-02-15,031-0627540-1,"María Morales Guzmán","Punta Cana (Bávaro)","Membresías","Básica",1690.00,1201.00,14,Activo,14,8
TRX-RD-5231,2025-02-15,002-6485922-4,"Carlos Sánchez García","Santiago (Los Jardines)","Personal Trainer","Premium",1841.00,1669.00,8,Activo,9,7
TRX-RD-5236,2025-02-15,011-3817674-6,"Manuel Reyes Rodríguez","Santiago (Los Jardines)","Membresías","VIP",4890.00,2435.00,12,Activo,13,9
TRX-RD-5239,2025-02-15,031-1342744-1,"Patricia Pérez Díaz","Puerto Plata Club","Membresías","Básica",1690.00,1141.00,11,Activo,15,7
TRX-RD-5120,2025-02-16,037-9879283-8,"Carmen Morales Cruz","Santo Domingo (Piantini)","Membresías","Básica",1690.00,1237.00,10,Activo,14,9
TRX-RD-5127,2025-02-16,001-2647774-4,"Nicole Ventura Morales","Punta Cana (Bávaro)","Membresías","Básica",1690.00,1220.00,7,Activo,12,8
TRX-RD-5175,2025-02-16,031-0389221-6,"Laura Reyes Marte","Santo Domingo (Piantini)","Membresías","Premium",2690.00,1788.00,9,Activo,16,8
TRX-RD-5189,2025-02-16,037-8606750-8,"Miguel Peña Vásquez","Punta Cana (Bávaro)","Tienda Deportiva","Premium",1373.00,1553.00,9,Activo,9,7
TRX-RD-5114,2025-02-17,001-3041013-7,"Juan Ventura García","Punta Cana (Bávaro)","Membresías","Premium",2690.00,1565.00,6,Activo,14,8
TRX-RD-5132,2025-02-17,011-7856238-3,"Gabriel Marte Sánchez","Santo Domingo (Piantini)","Membresías","Básica",1690.00,1325.00,8,Activo,11,8
TRX-RD-5137,2025-02-17,037-8163497-1,"Carolina Marte Reyes","Santo Domingo (Piantini)","Membresías","VIP",4890.00,2270.00,10,Activo,10,8
TRX-RD-5146,2025-02-17,002-6000131-8,"María Jiménez Santana","Puerto Plata Club","Membresías","Premium",2690.00,1598.00,10,Activo,7,7
TRX-RD-5173,2025-02-17,001-2207218-4,"Luisa Marte Vásquez","Santo Domingo Este (Zona Oriental)","Membresías","VIP",4890.00,2660.00,9,Activo,12,10
TRX-RD-5184,2025-02-17,002-4145283-8,"Stephanie Martínez Rodríguez","Punta Cana (Bávaro)","Personal Trainer","Básica",1275.00,1446.00,10,Activo,12,8
TRX-RD-5192,2025-02-17,002-6259335-3,"Emmanuel Guzmán Rosario","Santo Domingo Este (Zona Oriental)","Personal Trainer","Premium",1860.00,2156.00,16,Activo,6,7
TRX-RD-5223,2025-02-17,402-5274340-2,"Altagracia Morales Sánchez","Santiago (Los Jardines)","Membresías","Premium",2690.00,1875.00,9,Activo,10,8
TRX-RD-5087,2025-02-18,037-9546737-6,"Stephanie Reyes Gómez","Punta Cana (Bávaro)","Membresías","Básica",1690.00,1340.00,7,Activo,15,10
TRX-RD-5152,2025-02-18,001-0419364-4,"Ramón Jiménez Santana","Santo Domingo (Piantini)","Personal Trainer","Básica",1362.00,1238.00,12,Activo,5,8
TRX-RD-5155,2025-02-18,002-0478549-7,"Luis Guzmán Díaz","Santo Domingo Este (Zona Oriental)","Personal Trainer","VIP",1713.00,2524.00,10,Activo,9,10
TRX-RD-5154,2025-02-19,002-0478549-7,"Luis Guzmán Díaz","Santo Domingo Este (Zona Oriental)","Membresías","VIP",4890.00,2524.00,10,Activo,9,10
TRX-RD-5178,2025-02-19,002-3232256-0,"Patricia Santana Morales","Santo Domingo (Piantini)","Membresías","Básica",1690.00,1098.00,11,Activo,13,9
TRX-RD-5209,2025-02-19,031-3955124-0,"Luis Pérez Vásquez","Santo Domingo (Piantini)","Membresías","Básica",1690.00,1130.00,9,Activo,11,8
TRX-RD-5217,2025-02-19,031-7537326-9,"Johanny Guzmán Pérez","Santo Domingo (Piantini)","Tienda Deportiva","Premium",1672.00,1736.00,9,Activo,9,8
TRX-RD-5161,2025-02-20,001-2305238-3,"Johanny Jiménez Marte","Santo Domingo (Piantini)","Membresías","VIP",4890.00,2486.00,10,Activo,11,8
TRX-RD-5199,2025-02-20,402-6167615-5,"María Gómez Marte","Puerto Plata Club","Membresías","Premium",2690.00,1749.00,7,Activo,10,9
TRX-RD-5107,2025-02-21,402-9497962-6,"Juan Sánchez Ventura","Santo Domingo Este (Zona Oriental)","Personal Trainer","Premium",1371.00,1775.00,11,Activo,12,8
TRX-RD-5115,2025-02-21,097-1176412-7,"Gabriel Jiménez Sánchez","Santo Domingo (Piantini)","Membresías","Premium",2690.00,1963.00,8,Activo,10,8
TRX-RD-5136,2025-02-21,002-2421057-5,"Yamilka Pérez Vásquez","Santiago (Los Jardines)","Membresías","Básica",1690.00,1190.00,11,Activo,11,8
TRX-RD-5176,2025-02-21,002-2223394-2,"Johanny Martínez Reyes","Santo Domingo (Piantini)","Membresías","Premium",2690.00,1445.00,7,Activo,11,7
TRX-RD-5200,2025-02-21,402-6167615-5,"María Gómez Marte","Puerto Plata Club","Personal Trainer","Premium",1692.00,1749.00,7,Activo,10,9
TRX-RD-5240,2025-02-21,031-1342744-1,"Patricia Pérez Díaz","Puerto Plata Club","Personal Trainer","Básica",1561.00,1141.00,11,Activo,15,7
TRX-RD-5145,2025-02-22,011-3552274-4,"Ramón Marte Morales","Santo Domingo (Piantini)","Membresías","Básica",1690.00,1475.00,4,Activo,8,9
TRX-RD-5151,2025-02-22,001-0419364-4,"Ramón Jiménez Santana","Santo Domingo (Piantini)","Membresías","Básica",1690.00,1238.00,12,Activo,5,8
TRX-RD-5237,2025-02-22,402-2143151-9,"Rosa Sánchez Sánchez","Puerto Plata Club","Membresías","Básica",1690.00,1418.00,13,Activo,11,8
TRX-RD-5093,2025-02-23,402-4917674-0,"Yamilka García Morales","Punta Cana (Bávaro)","Personal Trainer","VIP",1735.00,2476.00,10,Activo,12,8
TRX-RD-5122,2025-02-23,402-7470758-3,"Johanny Pérez Reyes","Santo Domingo (Piantini)","Membresías","VIP",4890.00,2407.00,9,Activo,14,8
TRX-RD-5126,2025-02-23,402-3864375-9,"Kelvin Ventura Pérez","Santo Domingo (Piantini)","Personal Trainer","VIP",1442.00,2450.00,9,Activo,13,9
TRX-RD-5162,2025-02-23,402-0475896-1,"Carolina Reyes Rosario","Santo Domingo (Piantini)","Membresías","Premium",2690.00,1762.00,12,Activo,12,8
TRX-RD-5164,2025-02-23,011-9824525-8,"José Sánchez Marte","Santo Domingo (Piantini)","Membresías","Premium",2690.00,1765.00,11,Activo,12,10
TRX-RD-5167,2025-02-23,097-3288495-3,"Luis Sánchez Peña","Santiago (Los Jardines)","Membresías","VIP",4890.00,2380.00,11,Activo,8,9
TRX-RD-5202,2025-02-23,037-0534406-1,"Yudelka Guzmán Martínez","Punta Cana (Bávaro)","Clases Guiadas","Premium",728.00,1985.00,9,Activo,14,10
TRX-RD-5092,2025-02-24,402-4917674-0,"Yamilka García Morales","Punta Cana (Bávaro)","Membresías","VIP",4890.00,2476.00,10,Activo,12,8
TRX-RD-5094,2025-02-24,402-3725711-4,"Genesis Rodríguez Sánchez","Punta Cana (Bávaro)","Membresías","Básica",1690.00,1179.00,14,Activo,14,9
TRX-RD-5109,2025-02-24,011-1339381-1,"Juan Castillo Morales","Santo Domingo (Piantini)","Membresías","Básica",1690.00,1261.00,8,Activo,11,9
TRX-RD-5111,2025-02-24,031-9385468-8,"Manuel Marte Vásquez","Santo Domingo Este (Zona Oriental)","Personal Trainer","Básica",1280.00,1318.00,8,Activo,15,9
TRX-RD-5144,2025-02-24,402-7439845-8,"Nicole Sánchez Santana","Santiago (Los Jardines)","Clases Guiadas","VIP",959.00,2334.00,10,Activo,16,8
TRX-RD-5171,2025-02-24,011-0803242-4,"Laura Gómez Ventura","Santiago (Los Jardines)","Tienda Deportiva","VIP",1217.00,2719.00,12,Activo,6,8
TRX-RD-5214,2025-02-24,037-2632060-3,"Nicole Castillo Rodríguez","Santo Domingo (Piantini)","Clases Guiadas","VIP",1141.00,2417.00,12,Activo,11,7
TRX-RD-5220,2025-02-24,031-7353529-9,"Patricia Sánchez Santana","Santiago (Los Jardines)","Membresías","Básica",1690.00,1184.00,9,Activo,12,7
TRX-RD-5241,2025-02-24,011-2784457-7,"Kelvin Jiménez Gómez","Santiago (Los Jardines)","Membresías","Básica",1690.00,1191.00,17,Activo,10,9
TRX-RD-5159,2025-02-25,402-4161120-7,"Carlos Vásquez Peña","Santo Domingo (Piantini)","Membresías","Premium",2690.00,1665.00,10,Activo,10,9
TRX-RD-5098,2025-02-26,011-9439820-0,"Ramón Guzmán Reyes","Santo Domingo (Piantini)","Personal Trainer","Premium",1683.00,1665.00,9,Activo,9,9
TRX-RD-5119,2025-02-26,011-5108527-9,"Yudelka Morales Castillo","Santiago (Los Jardines)","Clases Guiadas","Premium",1168.00,1676.00,10,Activo,4,9
TRX-RD-5138,2025-02-26,011-3806746-5,"Genesis Jiménez García","Punta Cana (Bávaro)","Membresías","Premium",2690.00,1605.00,5,Activo,12,7
TRX-RD-5140,2025-02-26,011-3806746-5,"Genesis Jiménez García","Punta Cana (Bávaro)","Tienda Deportiva","Premium",1668.00,1605.00,5,Activo,12,7
TRX-RD-5150,2025-02-26,097-6771051-1,"Nicole Cruz Morales","Santo Domingo (Piantini)","Tienda Deportiva","Premium",2212.00,1626.00,11,Activo,14,8
TRX-RD-5156,2025-02-26,002-0478549-7,"Luis Guzmán Díaz","Santo Domingo Este (Zona Oriental)","Clases Guiadas","VIP",963.00,2524.00,10,Activo,9,10
TRX-RD-5190,2025-02-26,002-3335454-7,"Manuel Rodríguez Reyes","Santo Domingo Este (Zona Oriental)","Membresías","Básica",1690.00,1007.00,10,Activo,12,9
TRX-RD-5197,2025-02-26,031-8208335-6,"María Gómez Guzmán","Santiago (Los Jardines)","Membresías","Premium",2690.00,1664.00,4,Activo,7,9
TRX-RD-5205,2025-02-26,001-7888720-4,"Pedro Peña Guzmán","Puerto Plata Club","Clases Guiadas","VIP",941.00,2841.00,13,Activo,12,9
TRX-RD-5091,2025-02-27,001-4336709-2,"Ana Paulino Jiménez","Santo Domingo Este (Zona Oriental)","Membresías","Básica",1690.00,1162.00,10,Activo,9,8
TRX-RD-5100,2025-02-27,097-5613607-4,"Miguel Díaz Cruz","Punta Cana (Bávaro)","Personal Trainer","Básica",1695.00,1355.00,14,Activo,8,8
TRX-RD-5112,2025-02-27,031-9385468-8,"Manuel Marte Vásquez","Santo Domingo Este (Zona Oriental)","Clases Guiadas","Básica",1147.00,1318.00,8,Activo,15,9
TRX-RD-5139,2025-02-27,011-3806746-5,"Genesis Jiménez García","Punta Cana (Bávaro)","Personal Trainer","Premium",1394.00,1605.00,5,Activo,12,7
TRX-RD-5142,2025-02-27,001-2220302-9,"Ana Martínez Santana","Punta Cana (Bávaro)","Membresías","Básica",1690.00,1409.00,11,Activo,15,10
TRX-RD-5143,2025-02-27,402-7439845-8,"Nicole Sánchez Santana","Santiago (Los Jardines)","Membresías","VIP",4890.00,2334.00,10,Activo,16,8
TRX-RD-5157,2025-02-27,002-3548885-5,"Miguel Vásquez Cruz","Punta Cana (Bávaro)","Membresías","Básica",1690.00,1131.00,4,Activo,9,9
TRX-RD-5188,2025-02-27,037-8606750-8,"Miguel Peña Vásquez","Punta Cana (Bávaro)","Membresías","Premium",2690.00,1553.00,9,Activo,9,7
TRX-RD-5211,2025-02-27,037-6396478-4,"Miguel Marte Rosario","Punta Cana (Bávaro)","Membresías","Básica",1690.00,1489.00,7,Activo,12,9
TRX-RD-5233,2025-02-27,001-9581794-5,"Carlos Sánchez Martínez","Puerto Plata Club","Personal Trainer","VIP",1616.00,2196.00,12,Activo,18,8
TRX-RD-5088,2025-02-28,002-6588410-6,"Laura Díaz Díaz","Santo Domingo Este (Zona Oriental)","Membresías","Premium",2690.00,1880.00,6,Activo,10,9
TRX-RD-5101,2025-02-28,097-7920909-8,"Ana García Santana","Santo Domingo Este (Zona Oriental)","Membresías","Básica",1690.00,1411.00,10,Activo,17,8
TRX-RD-5121,2025-02-28,002-0039098-7,"Alejandro Rodríguez Castillo","Punta Cana (Bávaro)","Membresías","Premium",2690.00,1582.00,10,Activo,3,9
TRX-RD-5153,2025-02-28,402-1618967-6,"Carlos Paulino Guzmán","Punta Cana (Bávaro)","Membresías","Básica",1690.00,1128.00,10,Activo,14,5
TRX-RD-5172,2025-02-28,002-2795339-5,"Ramón Martínez Vásquez","Santo Domingo (Piantini)","Membresías","Básica",1690.00,1134.00,12,Activo,14,7
TRX-RD-5198,2025-02-28,097-4377382-3,"Kelvin Marte Santana","Santo Domingo (Piantini)","Membresías","Premium",2690.00,1336.00,6,Activo,11,8
TRX-RD-5206,2025-02-28,011-5973150-2,"Ramón Díaz Castillo","Santiago (Los Jardines)","Membresías","Básica",1690.00,952.00,5,Activo,10,7
TRX-RD-5228,2025-02-28,402-3646088-3,"Kelvin Reyes Cruz","Punta Cana (Bávaro)","Personal Trainer","VIP",1434.00,2581.00,6,Activo,7,8
TRX-RD-5289,2025-03-01,011-5108527-9,"Yudelka Morales Castillo","Santiago (Los Jardines)","Clases Guiadas","Premium",917.00,1676.00,10,Activo,10,9
TRX-RD-5310,2025-03-01,002-2068409-6,"Gabriel Díaz Guzmán","Puerto Plata Club","Clases Guiadas","Básica",772.00,1264.00,10,Activo,10,8
TRX-RD-5419,2025-03-01,002-4145283-8,"Stephanie Martínez Rodríguez","Punta Cana (Bávaro)","Membresías","Básica",1690.00,1446.00,10,Activo,12,7
TRX-RD-5420,2025-03-01,031-8488242-5,"Emmanuel Reyes Guzmán","Santo Domingo Este (Zona Oriental)","Membresías","Premium",2690.00,1538.00,7,Activo,9,9
TRX-RD-5478,2025-03-01,002-8193156-8,"Altagracia Martínez Castillo","Punta Cana (Bávaro)","Membresías","Básica",1690.00,1073.00,9,Activo,15,8
TRX-RD-5261,2025-03-02,011-9439820-0,"Ramón Guzmán Reyes","Santo Domingo (Piantini)","Personal Trainer","Premium",1345.00,1665.00,9,Activo,7,7
TRX-RD-5280,2025-03-02,011-1339381-1,"Juan Castillo Morales","Santo Domingo (Piantini)","Clases Guiadas","Básica",1263.00,1261.00,8,Activo,13,10
TRX-RD-5297,2025-03-02,402-7470758-3,"Johanny Pérez Reyes","Santo Domingo (Piantini)","Membresías","VIP",4890.00,2407.00,9,Activo,8,7
TRX-RD-5313,2025-03-02,031-1102942-1,"Miguel Sánchez Sánchez","Santo Domingo (Piantini)","Membresías","Básica",1690.00,1329.00,19,Activo,8,8
TRX-RD-5322,2025-03-02,001-5524767-9,"Ramón Jiménez Vásquez","Santo Domingo Este (Zona Oriental)","Clases Guiadas","Básica",1142.00,1201.00,7,Activo,11,7
TRX-RD-5347,2025-03-02,002-6000131-8,"María Jiménez Santana","Puerto Plata Club","Membresías","Premium",2690.00,1598.00,10,Activo,10,8
TRX-RD-5351,2025-03-02,001-0419364-4,"Ramón Jiménez Santana","Santo Domingo (Piantini)","Membresías","Básica",1690.00,1238.00,12,Activo,15,8
TRX-RD-5372,2025-03-02,402-2286782-8,"Patricia Sánchez Sánchez","Santiago (Los Jardines)","Clases Guiadas","Premium",788.00,1526.00,5,Activo,13,8
TRX-RD-5392,2025-03-02,011-4453841-8,"Manuel Morales Paulino","Puerto Plata Club","Membresías","Básica",1690.00,1143.00,10,Activo,14,8
TRX-RD-5423,2025-03-02,031-8639038-5,"Manuel Cruz Santana","Santiago (Los Jardines)","Tienda Deportiva","Premium",1603.00,1556.00,10,Activo,8,8
TRX-RD-5448,2025-03-02,011-5973150-2,"Ramón Díaz Castillo","Santiago (Los Jardines)","Membresías","Básica",1690.00,952.00,5,Activo,11,9
TRX-RD-5450,2025-03-02,031-1597777-3,"Altagracia Morales Paulino","Puerto Plata Club","Membresías","Básica",1690.00,1462.00,5,Activo,10,8
TRX-RD-5479,2025-03-02,002-8193156-8,"Altagracia Martínez Castillo","Punta Cana (Bávaro)","Personal Trainer","Básica",1337.00,1073.00,9,Activo,15,8
TRX-RD-5495,2025-03-02,011-3817674-6,"Manuel Reyes Rodríguez","Santiago (Los Jardines)","Tienda Deportiva","VIP",1067.00,2435.00,12,Activo,12,10
TRX-RD-5501,2025-03-02,031-1342744-1,"Patricia Pérez Díaz","Puerto Plata Club","Membresías","Básica",1690.00,1141.00,11,Activo,12,9
TRX-RD-5258,2025-03-03,402-1899446-1,"Yamilka Castillo Pérez","Punta Cana (Bávaro)","Tienda Deportiva","Básica",2021.00,1110.00,7,Activo,9,8
TRX-RD-5285,2025-03-03,097-1176412-7,"Gabriel Jiménez Sánchez","Santo Domingo (Piantini)","Membresías","Premium",2690.00,1963.00,8,Activo,7,9
TRX-RD-5301,2025-03-03,097-4883894-4,"Stephanie Vásquez Guzmán","Santiago (Los Jardines)","Membresías","Básica",1690.00,1041.00,8,Activo,13,6
TRX-RD-5354,2025-03-03,402-1618967-6,"Carlos Paulino Guzmán","Punta Cana (Bávaro)","Membresías","Básica",1690.00,1128.00,10,Activo,13,8
TRX-RD-5395,2025-03-03,002-5305764-0,"Patricia Castillo Santana","Punta Cana (Bávaro)","Membresías","Básica",1690.00,1329.00,9,Activo,13,8
TRX-RD-5405,2025-03-03,031-5457306-1,"Carlos Paulino Marte","Punta Cana (Bávaro)","Tienda Deportiva","Básica",1310.00,1200.00,15,Activo,9,8
TRX-RD-5411,2025-03-03,097-7852937-1,"Rafael Rosario Guzmán","Punta Cana (Bávaro)","Clases Guiadas","Básica",623.00,1344.00,8,Activo,5,7
TRX-RD-5245,2025-03-04,031-4201189-3,"Alejandro Díaz Castillo","Santo Domingo (Piantini)","Membresías","Básica",1690.00,949.00,11,Activo,11,9
TRX-RD-5293,2025-03-04,037-9879283-8,"Carmen Morales Cruz","Santo Domingo (Piantini)","Personal Trainer","Básica",1428.00,1237.00,10,Activo,9,7
TRX-RD-5326,2025-03-04,031-6851654-4,"José Rosario Pérez","Santo Domingo Este (Zona Oriental)","Personal Trainer","Básica",1726.00,1363.00,7,Activo,9,7
TRX-RD-5342,2025-03-04,011-3552274-4,"Ramón Marte Morales","Santo Domingo (Piantini)","Membresías","Básica",1690.00,1475.00,4,Activo,12,7
TRX-RD-5343,2025-03-04,001-6416894-0,"Gabriel Guzmán Castillo","Punta Cana (Bávaro)","Membresías","Básica",1690.00,1018.00,9,Activo,12,8
TRX-RD-5382,2025-03-04,402-6702324-6,"Alejandro Peña Cruz","Santo Domingo (Piantini)","Membresías","Premium",2690.00,1835.00,9,Activo,5,7
TRX-RD-5383,2025-03-04,402-0772858-1,"Rosa Ventura Jiménez","Puerto Plata Club","Membresías","VIP",4890.00,2382.00,8,Activo,6,9
TRX-RD-5389,2025-03-04,011-2788001-9,"Ramón Ventura Reyes","Santo Domingo (Piantini)","Membresías","VIP",4890.00,2662.00,13,Activo,7,7
TRX-RD-5398,2025-03-04,031-0389221-6,"Laura Reyes Marte","Santo Domingo (Piantini)","Tienda Deportiva","Premium",1700.00,1788.00,9,Activo,4,10
TRX-RD-5491,2025-03-04,001-9581794-5,"Carlos Sánchez Martínez","Puerto Plata Club","Tienda Deportiva","VIP",1450.00,2196.00,12,Activo,11,8
TRX-RD-5324,2025-03-05,031-3115349-0,"Gabriel Gómez Guzmán","Punta Cana (Bávaro)","Membresías","Premium",2690.00,1509.00,6,Activo,14,7
TRX-RD-5329,2025-03-05,037-8163497-1,"Carolina Marte Reyes","Santo Domingo (Piantini)","Membresías","VIP",4890.00,2270.00,10,Activo,13,8
TRX-RD-5364,2025-03-05,402-4161120-7,"Carlos Vásquez Peña","Santo Domingo (Piantini)","Membresías","Premium",2690.00,1665.00,10,Activo,10,9
TRX-RD-5386,2025-03-05,011-0803242-4,"Laura Gómez Ventura","Santiago (Los Jardines)","Membresías","VIP",4890.00,2719.00,12,Activo,11,7
TRX-RD-5446,2025-03-05,031-4566564-6,"Carolina Vásquez Jiménez","Santiago (Los Jardines)","Membresías","Básica",1690.00,1233.00,7,Activo,9,9
TRX-RD-5457,2025-03-05,037-2632060-3,"Nicole Castillo Rodríguez","Santo Domingo (Piantini)","Membresías","VIP",4890.00,2417.00,12,Activo,15,10
TRX-RD-5463,2025-03-05,031-3458161-4,"Juan García Martínez","Santiago (Los Jardines)","Membresías","Básica",1690.00,1407.00,7,Activo,9,8
TRX-RD-5492,2025-03-05,011-4532392-7,"Gabriel Marte Vásquez","Santo Domingo Este (Zona Oriental)","Membresías","Premium",2690.00,1474.00,14,Activo,6,7
TRX-RD-5498,2025-03-05,402-2143151-9,"Rosa Sánchez Sánchez","Puerto Plata Club","Personal Trainer","Básica",1439.00,1418.00,13,Activo,12,9
TRX-RD-5508,2025-03-05,037-3006683-8,"Carmen Peña Peña","Punta Cana (Bávaro)","Membresías","Básica",1690.00,1406.00,10,Activo,15,8
TRX-RD-5330,2025-03-06,011-8589574-3,"Carlos Guzmán Sánchez","Punta Cana (Bávaro)","Membresías","VIP",4890.00,2413.00,8,Activo,14,8
TRX-RD-5349,2025-03-06,011-6072118-7,"Stephanie Cruz Sánchez","Santiago (Los Jardines)","Clases Guiadas","Básica",1005.00,1288.00,6,Activo,11,9
TRX-RD-5370,2025-03-06,402-2286782-8,"Patricia Sánchez Sánchez","Santiago (Los Jardines)","Membresías","Premium",2690.00,1526.00,5,Activo,13,8
TRX-RD-5380,2025-03-06,097-3288495-3,"Luis Sánchez Peña","Santiago (Los Jardines)","Personal Trainer","VIP",1850.00,2380.00,11,Activo,8,7
TRX-RD-5397,2025-03-06,031-0389221-6,"Laura Reyes Marte","Santo Domingo (Piantini)","Membresías","Premium",2690.00,1788.00,9,Activo,4,10
TRX-RD-5421,2025-03-06,031-8488242-5,"Emmanuel Reyes Guzmán","Santo Domingo Este (Zona Oriental)","Clases Guiadas","Premium",978.00,1538.00,7,Activo,9,9
TRX-RD-5433,2025-03-06,002-6259335-3,"Emmanuel Guzmán Rosario","Santo Domingo Este (Zona Oriental)","Clases Guiadas","Premium",745.00,2156.00,16,Activo,9,10
TRX-RD-5468,2025-03-06,031-7353529-9,"Patricia Sánchez Santana","Santiago (Los Jardines)","Membresías","Básica",1690.00,1184.00,9,Activo,5,8
TRX-RD-5493,2025-03-06,011-7533243-4,"Kelvin Ventura Sánchez","Santiago (Los Jardines)","Membresías","Premium",2690.00,1646.00,16,Activo,7,8
TRX-RD-5267,2025-03-07,097-0737044-2,"Ana Rodríguez Paulino","Santo Domingo (Piantini)","Membresías","Premium",2690.00,1636.00,12,Activo,14,8
TRX-RD-5305,2025-03-07,031-8069871-8,"Miguel Martínez Cruz","Santo Domingo Este (Zona Oriental)","Membresías","Básica",1690.00,1173.00,12,Activo,10,8
TRX-RD-5311,2025-03-07,002-2068409-6,"Gabriel Díaz Guzmán","Puerto Plata Club","Tienda Deportiva","Básica",2173.00,1264.00,10,Activo,10,8
TRX-RD-5335,2025-03-07,011-2927458-3,"María Martínez Gómez","Santiago (Los Jardines)","Tienda Deportiva","Básica",1507.00,1067.00,5,Activo,5,7
TRX-RD-5344,2025-03-07,031-8363385-2,"Nicole Reyes Vásquez","Santiago (Los Jardines)","Membresías","Básica",1690.00,1343.00,14,Activo,13,7
TRX-RD-5393,2025-03-07,001-2207218-4,"Luisa Marte Vásquez","Santo Domingo Este (Zona Oriental)","Membresías","VIP",4890.00,2660.00,9,Activo,7,6
TRX-RD-5400,2025-03-07,402-2255694-2,"Johanny Rosario Pérez","Punta Cana (Bávaro)","Membresías","Premium",2690.00,1944.00,7,Activo,10,7
TRX-RD-5432,2025-03-07,002-6259335-3,"Emmanuel Guzmán Rosario","Santo Domingo Este (Zona Oriental)","Membresías","Premium",2690.00,2156.00,16,Activo,9,10
TRX-RD-5462,2025-03-07,097-3249981-0,"Manuel Reyes Rosario","Puerto Plata Club","Membresías","Básica",1690.00,1486.00,10,Activo,12,9
TRX-RD-5252,2025-03-08,402-4917674-0,"Yamilka García Morales","Punta Cana (Bávaro)","Membresías","VIP",4890.00,2476.00,10,Activo,10,8
TRX-RD-5260,2025-03-08,011-9439820-0,"Ramón Guzmán Reyes","Santo Domingo (Piantini)","Membresías","Premium",2690.00,1665.00,9,Activo,7,7
TRX-RD-5275,2025-03-08,011-9793610-5,"Luisa García Morales","Santo Domingo (Piantini)","Tienda Deportiva","VIP",2305.00,2433.00,12,Activo,11,8
TRX-RD-5283,2025-03-08,002-4974312-1,"Patricia Guzmán Pérez","Santo Domingo (Piantini)","Clases Guiadas","Premium",991.00,1678.00,10,Activo,10,9
TRX-RD-5316,2025-03-08,402-9032230-0,"Pedro Morales García","Punta Cana (Bávaro)","Clases Guiadas","Básica",960.00,1224.00,9,Activo,10,8
TRX-RD-5320,2025-03-08,011-7856238-3,"Gabriel Marte Sánchez","Santo Domingo (Piantini)","Membresías","Básica",1690.00,1325.00,8,Activo,11,7
TRX-RD-5336,2025-03-08,097-9949127-0,"Francisco Santana Peña","Santo Domingo (Piantini)","Membresías","VIP",4890.00,2523.00,15,Activo,13,6
TRX-RD-5402,2025-03-08,002-3232256-0,"Patricia Santana Morales","Santo Domingo (Piantini)","Membresías","Básica",1690.00,1098.00,11,Activo,10,7
TRX-RD-5412,2025-03-08,097-7852937-1,"Rafael Rosario Guzmán","Punta Cana (Bávaro)","Tienda Deportiva","Básica",2061.00,1344.00,8,Activo,5,7
TRX-RD-5414,2025-03-08,402-8278172-9,"Altagracia Marte Jiménez","Punta Cana (Bávaro)","Membresías","Básica",1690.00,1135.00,5,Activo,9,7
TRX-RD-5425,2025-03-08,037-2983311-5,"Rafael Reyes Reyes","Santiago (Los Jardines)","Membresías","Premium",2690.00,1440.00,6,Activo,9,8
TRX-RD-5441,2025-03-08,097-4377382-3,"Kelvin Marte Santana","Santo Domingo (Piantini)","Membresías","Premium",2690.00,1336.00,6,Activo,10,8
TRX-RD-5449,2025-03-08,402-0044725-4,"Nicole Rosario Castillo","Santo Domingo (Piantini)","Membresías","VIP",4890.00,2318.00,9,Activo,15,7
TRX-RD-5451,2025-03-08,031-1597777-3,"Altagracia Morales Paulino","Puerto Plata Club","Clases Guiadas","Básica",935.00,1462.00,5,Activo,10,8
TRX-RD-5467,2025-03-08,097-2808250-5,"Johanny Paulino Rodríguez","Puerto Plata Club","Membresías","VIP",4890.00,2070.00,6,Activo,12,7
TRX-RD-5256,2025-03-09,002-7517997-6,"Yamilka Guzmán Santana","Santiago (Los Jardines)","Clases Guiadas","VIP",1114.00,2635.00,9,Activo,16,8
TRX-RD-5352,2025-03-09,097-0213742-4,"Kelvin Castillo Díaz","Santiago (Los Jardines)","Membresías","Básica",1690.00,1434.00,14,Activo,8,7
TRX-RD-5356,2025-03-09,037-6310867-1,"Carlos Gómez Gómez","Santo Domingo Este (Zona Oriental)","Membresías","Básica",1690.00,1314.00,8,Activo,9,8
TRX-RD-5359,2025-03-09,037-3326682-3,"Emmanuel Pérez Sánchez","Santo Domingo (Piantini)","Membresías","Premium",2690.00,1669.00,4,Activo,10,9
TRX-RD-5365,2025-03-09,402-4161120-7,"Carlos Vásquez Peña","Santo Domingo (Piantini)","Personal Trainer","Premium",1405.00,1665.00,10,Activo,10,9
TRX-RD-5381,2025-03-09,097-3288495-3,"Luis Sánchez Peña","Santiago (Los Jardines)","Clases Guiadas","VIP",880.00,2380.00,11,Activo,8,7
TRX-RD-5399,2025-03-09,002-2223394-2,"Johanny Martínez Reyes","Santo Domingo (Piantini)","Membresías","Premium",2690.00,1445.00,7,Activo,15,9
TRX-RD-5409,2025-03-09,031-3994908-9,"Genesis Martínez Pérez","Santo Domingo (Piantini)","Tienda Deportiva","VIP",1070.00,2456.00,12,Activo,15,8
TRX-RD-5453,2025-03-09,031-3955124-0,"Luis Pérez Vásquez","Santo Domingo (Piantini)","Membresías","Básica",1690.00,1130.00,9,Activo,10,9
TRX-RD-5287,2025-03-10,001-9939436-2,"Pedro Rosario Sánchez","Santo Domingo Este (Zona Oriental)","Membresías","Básica",1690.00,1328.00,12,Activo,10,8
TRX-RD-5298,2025-03-10,001-4914206-9,"Gabriel Díaz Reyes","Santiago (Los Jardines)","Membresías","Premium",2690.00,1504.00,15,Activo,11,9
TRX-RD-5302,2025-03-10,001-2647774-4,"Nicole Ventura Morales","Punta Cana (Bávaro)","Membresías","Básica",1690.00,1220.00,7,Activo,8,9
TRX-RD-5375,2025-03-10,011-9824525-8,"José Sánchez Marte","Santo Domingo (Piantini)","Personal Trainer","Premium",1782.00,1765.00,11,Activo,13,7
TRX-RD-5384,2025-03-10,402-0772858-1,"Rosa Ventura Jiménez","Puerto Plata Club","Personal Trainer","VIP",1623.00,2382.00,8,Activo,6,9
TRX-RD-5408,2025-03-10,031-3994908-9,"Genesis Martínez Pérez","Santo Domingo (Piantini)","Clases Guiadas","VIP",1113.00,2456.00,12,Activo,15,8
TRX-RD-5422,2025-03-10,031-8639038-5,"Manuel Cruz Santana","Santiago (Los Jardines)","Membresías","Premium",2690.00,1556.00,10,Activo,8,8
TRX-RD-5473,2025-03-10,031-5780704-5,"Joan Guzmán Rodríguez","Punta Cana (Bávaro)","Personal Trainer","VIP",1342.00,2509.00,13,Activo,16,9
TRX-RD-5485,2025-03-10,097-8381334-9,"Carmen Rosario Ventura","Puerto Plata Club","Membresías","Premium",2690.00,1763.00,12,Activo,14,10
TRX-RD-5488,2025-03-10,002-6485922-4,"Carlos Sánchez García","Santiago (Los Jardines)","Membresías","Premium",2690.00,1669.00,8,Activo,9,9
TRX-RD-5271,2025-03-11,037-5764630-6,"Yamilka Sánchez Sánchez","Santiago (Los Jardines)","Clases Guiadas","VIP",1091.00,2364.00,17,Activo,16,8
TRX-RD-5361,2025-03-11,002-3548885-5,"Miguel Vásquez Cruz","Punta Cana (Bávaro)","Personal Trainer","Básica",1761.00,1131.00,4,Activo,10,9
TRX-RD-5396,2025-03-11,002-5305764-0,"Patricia Castillo Santana","Punta Cana (Bávaro)","Tienda Deportiva","Básica",1946.00,1329.00,9,Activo,13,8
TRX-RD-5429,2025-03-11,037-8606750-8,"Miguel Peña Vásquez","Punta Cana (Bávaro)","Clases Guiadas","Premium",942.00,1553.00,9,Activo,12,8
TRX-RD-5470,2025-03-11,031-0627540-1,"María Morales Guzmán","Punta Cana (Bávaro)","Membresías","Básica",1690.00,1201.00,14,Activo,13,7
TRX-RD-5475,2025-03-11,402-5274340-2,"Altagracia Morales Sánchez","Santiago (Los Jardines)","Clases Guiadas","Premium",975.00,1875.00,9,Activo,9,7
TRX-RD-5487,2025-03-11,097-8381334-9,"Carmen Rosario Ventura","Puerto Plata Club","Tienda Deportiva","Premium",1861.00,1763.00,12,Activo,14,10
TRX-RD-5496,2025-03-11,402-8956547-1,"Luis Cruz Gómez","Punta Cana (Bávaro)","Membresías","VIP",4890.00,2558.00,11,Activo,5,10
TRX-RD-5264,2025-03-12,097-5613607-4,"Miguel Díaz Cruz","Punta Cana (Bávaro)","Tienda Deportiva","Básica",1942.00,1355.00,14,Activo,11,8
TRX-RD-5300,2025-03-12,402-3864375-9,"Kelvin Ventura Pérez","Santo Domingo (Piantini)","Clases Guiadas","VIP",1261.00,2450.00,9,Activo,10,7
TRX-RD-5374,2025-03-12,011-9824525-8,"José Sánchez Marte","Santo Domingo (Piantini)","Membresías","Premium",2690.00,1765.00,11,Activo,13,7
TRX-RD-5404,2025-03-12,031-5457306-1,"Carlos Paulino Marte","Punta Cana (Bávaro)","Membresías","Básica",1690.00,1200.00,15,Activo,9,8
TRX-RD-5436,2025-03-12,037-4666965-8,"Genesis Sánchez Santana","Santiago (Los Jardines)","Personal Trainer","Básica",1674.00,1234.00,8,Activo,9,9
TRX-RD-5439,2025-03-12,097-9758518-0,"Carmen Jiménez Jiménez","Santo Domingo (Piantini)","Membresías","Premium",2690.00,1735.00,6,Activo,13,7
TRX-RD-5465,2025-03-12,097-8097227-0,"Miguel Ventura Martínez","Santiago (Los Jardines)","Membresías","VIP",4890.00,2387.00,10,Activo,10,8
TRX-RD-5469,2025-03-12,097-3320064-7,"Gabriel Vásquez Reyes","Puerto Plata Club","Membresías","Básica",1690.00,1362.00,7,Activo,8,8
TRX-RD-5266,2025-03-13,097-7920909-8,"Ana García Santana","Santo Domingo Este (Zona Oriental)","Tienda Deportiva","Básica",1563.00,1411.00,10,Activo,13,8
TRX-RD-5281,2025-03-13,031-9385468-8,"Manuel Marte Vásquez","Santo Domingo Este (Zona Oriental)","Membresías","Básica",1690.00,1318.00,8,Activo,14,7
TRX-RD-5294,2025-03-13,011-0658246-1,"Manuel Jiménez Rosario","Puerto Plata Club","Membresías","Premium",2690.00,1298.00,12,Activo,15,7
TRX-RD-5295,2025-03-13,002-0039098-7,"Alejandro Rodríguez Castillo","Punta Cana (Bávaro)","Membresías","Premium",2690.00,1582.00,10,Activo,8,9
TRX-RD-5306,2025-03-13,031-8069871-8,"Miguel Martínez Cruz","Santo Domingo Este (Zona Oriental)","Clases Guiadas","Básica",1167.00,1173.00,12,Activo,10,8
TRX-RD-5319,2025-03-13,001-0742516-7,"Luis Ventura Reyes","Santo Domingo Este (Zona Oriental)","Membresías","Básica",1690.00,1136.00,15,Activo,18,10
TRX-RD-5353,2025-03-13,097-0213742-4,"Kelvin Castillo Díaz","Santiago (Los Jardines)","Tienda Deportiva","Básica",2392.00,1434.00,14,Activo,8,7
TRX-RD-5388,2025-03-13,011-0803242-4,"Laura Gómez Ventura","Santiago (Los Jardines)","Clases Guiadas","VIP",1193.00,2719.00,12,Activo,11,7
TRX-RD-5415,2025-03-13,402-8278172-9,"Altagracia Marte Jiménez","Punta Cana (Bávaro)","Tienda Deportiva","Básica",1767.00,1135.00,5,Activo,9,7
TRX-RD-5424,2025-03-13,011-1417102-6,"María Morales Morales","Santo Domingo Este (Zona Oriental)","Membresías","Básica",1690.00,1084.00,14,Activo,12,10
TRX-RD-5440,2025-03-13,037-4151451-1,"María Díaz Cruz","Punta Cana (Bávaro)","Membresías","Premium",2690.00,1686.00,9,Activo,4,8
TRX-RD-5262,2025-03-14,097-5613607-4,"Miguel Díaz Cruz","Punta Cana (Bávaro)","Membresías","Básica",1690.00,1355.00,14,Activo,11,8
TRX-RD-5277,2025-03-14,097-7202263-9,"Altagracia García Rodríguez","Santiago (Los Jardines)","Personal Trainer","VIP",1554.00,2445.00,7,Activo,13,7
TRX-RD-5278,2025-03-14,097-7202263-9,"Altagracia García Rodríguez","Santiago (Los Jardines)","Tienda Deportiva","VIP",1138.00,2445.00,7,Activo,13,7
TRX-RD-5345,2025-03-14,097-1835171-2,"Rafael Rodríguez Jiménez","Santo Domingo Este (Zona Oriental)","Membresías","Básica",1690.00,1218.00,7,Activo,12,8
TRX-RD-5360,2025-03-14,002-3548885-5,"Miguel Vásquez Cruz","Punta Cana (Bávaro)","Membresías","Básica",1690.00,1131.00,4,Activo,10,9
TRX-RD-5391,2025-03-14,002-2795339-5,"Ramón Martínez Vásquez","Santo Domingo (Piantini)","Membresías","Básica",1690.00,1134.00,12,Activo,13,9
TRX-RD-5249,2025-03-15,001-4336709-2,"Ana Paulino Jiménez","Santo Domingo Este (Zona Oriental)","Membresías","Básica",1690.00,1162.00,10,Activo,10,6
TRX-RD-5328,2025-03-15,002-2421057-5,"Yamilka Pérez Vásquez","Santiago (Los Jardines)","Membresías","Básica",1690.00,1190.00,11,Activo,10,8
TRX-RD-5348,2025-03-15,011-6072118-7,"Stephanie Cruz Sánchez","Santiago (Los Jardines)","Membresías","Básica",1690.00,1288.00,6,Activo,11,9
TRX-RD-5371,2025-03-15,402-2286782-8,"Patricia Sánchez Sánchez","Santiago (Los Jardines)","Personal Trainer","Premium",1438.00,1526.00,5,Activo,13,8
TRX-RD-5385,2025-03-15,037-1474012-7,"Pedro Gómez Jiménez","Puerto Plata Club","Membresías","Básica",1690.00,1647.00,7,Activo,15,7
TRX-RD-5390,2025-03-15,031-3415573-2,"Kelvin Rosario Díaz","Santo Domingo (Piantini)","Membresías","Premium",2690.00,1705.00,7,Activo,10,8
TRX-RD-5413,2025-03-15,001-1274666-4,"Kelvin Marte Guzmán","Santiago (Los Jardines)","Membresías","Premium",2690.00,1496.00,10,Activo,9,6
TRX-RD-5426,2025-03-15,002-9773654-8,"Ramón Guzmán García","Santo Domingo (Piantini)","Membresías","VIP",4890.00,2398.00,14,Activo,13,8
TRX-RD-5466,2025-03-15,097-8097227-0,"Miguel Ventura Martínez","Santiago (Los Jardines)","Personal Trainer","VIP",1580.00,2387.00,10,Activo,10,8
TRX-RD-5476,2025-03-15,037-7679995-3,"Juan Gómez Rodríguez","Punta Cana (Bávaro)","Membresías","Básica",1690.00,924.00,10,Activo,12,9
TRX-RD-5477,2025-03-15,002-2682440-7,"María Marte Guzmán","Santo Domingo Este (Zona Oriental)","Membresías","Básica",1690.00,1248.00,13,Activo,10,8
TRX-RD-5484,2025-03-15,011-3298321-2,"José Gómez Gómez","Santiago (Los Jardines)","Membresías","Premium",2690.00,1405.00,4,Activo,17,10
TRX-RD-5248,2025-03-16,002-1793907-3,"Genesis Jiménez Morales","Puerto Plata Club","Membresías","VIP",4890.00,2188.00,8,Activo,13,8
TRX-RD-5292,2025-03-16,037-9879283-8,"Carmen Morales Cruz","Santo Domingo (Piantini)","Membresías","Básica",1690.00,1237.00,10,Activo,9,7
TRX-RD-5332,2025-03-16,011-3806746-5,"Genesis Jiménez García","Punta Cana (Bávaro)","Tienda Deportiva","Premium",1929.00,1605.00,5,Activo,5,7
TRX-RD-5357,2025-03-16,037-6310867-1,"Carlos Gómez Gómez","Santo Domingo Este (Zona Oriental)","Personal Trainer","Básica",1713.00,1314.00,8,Activo,9,8
TRX-RD-5394,2025-03-16,011-2999115-2,"Yamilka Jiménez Peña","Santo Domingo (Piantini)","Membresías","Básica",1690.00,1390.00,13,Activo,7,7
TRX-RD-5452,2025-03-16,001-2826741-6,"Yamilka Santana Martínez","Santo Domingo Este (Zona Oriental)","Membresías","Básica",1690.00,1389.00,12,Activo,13,10
TRX-RD-5480,2025-03-16,002-8193156-8,"Altagracia Martínez Castillo","Punta Cana (Bávaro)","Tienda Deportiva","Básica",1171.00,1073.00,9,Activo,15,8
TRX-RD-5482,2025-03-16,002-8546073-9,"Altagracia García Ventura","Punta Cana (Bávaro)","Tienda Deportiva","Básica",1239.00,1224.00,10,Activo,17,8
TRX-RD-5284,2025-03-17,001-3041013-7,"Juan Ventura García","Punta Cana (Bávaro)","Membresías","Premium",2690.00,1565.00,6,Activo,17,8
TRX-RD-5291,2025-03-17,011-3620797-2,"Francisco Marte Morales","Santo Domingo (Piantini)","Tienda Deportiva","VIP",1688.00,2664.00,11,Activo,14,8
TRX-RD-5341,2025-03-17,402-7439845-8,"Nicole Sánchez Santana","Santiago (Los Jardines)","Membresías","VIP",4890.00,2334.00,10,Activo,12,8
TRX-RD-5366,2025-03-17,002-0919408-3,"Laura Cruz Gómez","Santiago (Los Jardines)","Membresías","Básica",1690.00,1307.00,13,Activo,10,8
TRX-RD-5500,2025-03-17,402-7552381-5,"Manuel Rosario Díaz","Santo Domingo Este (Zona Oriental)","Membresías","Básica",1690.00,1509.00,4,Activo,14,9
TRX-RD-5503,2025-03-17,011-2784457-7,"Kelvin Jiménez Gómez","Santiago (Los Jardines)","Personal Trainer","Básica",1386.00,1191.00,17,Activo,13,8
TRX-RD-5246,2025-03-18,037-9546737-6,"Stephanie Reyes Gómez","Punta Cana (Bávaro)","Membresías","Básica",1690.00,1340.00,7,Activo,8,6
TRX-RD-5263,2025-03-18,097-5613607-4,"Miguel Díaz Cruz","Punta Cana (Bávaro)","Clases Guiadas","Básica",1049.00,1355.00,14,Activo,11,8
TRX-RD-5279,2025-03-18,011-1339381-1,"Juan Castillo Morales","Santo Domingo (Piantini)","Membresías","Básica",1690.00,1261.00,8,Activo,13,10
TRX-RD-5309,2025-03-18,002-2068409-6,"Gabriel Díaz Guzmán","Puerto Plata Club","Membresías","Básica",1690.00,1264.00,10,Activo,10,8
TRX-RD-5318,2025-03-18,097-5512692-8,"Juan Reyes Gómez","Santo Domingo Este (Zona Oriental)","Membresías","Básica",1690.00,1195.00,7,Activo,8,8
TRX-RD-5333,2025-03-18,011-2927458-3,"María Martínez Gómez","Santiago (Los Jardines)","Membresías","Básica",1690.00,1067.00,5,Activo,5,7
TRX-RD-5340,2025-03-18,031-8246707-0,"Alejandro Marte Morales","Puerto Plata Club","Membresías","VIP",4890.00,2388.00,11,Activo,12,5
TRX-RD-5367,2025-03-18,001-2305238-3,"Johanny Jiménez Marte","Santo Domingo (Piantini)","Membresías","VIP",4890.00,2486.00,10,Activo,10,9
TRX-RD-5376,2025-03-18,031-1581612-0,"Ana Cruz Sánchez","Puerto Plata Club","Membresías","Básica",1690.00,1359.00,7,Activo,8,9
TRX-RD-5406,2025-03-18,011-7999624-2,"Rafael Rosario Martínez","Puerto Plata Club","Membresías","Premium",2690.00,1879.00,5,Activo,5,9
TRX-RD-5438,2025-03-18,031-8208335-6,"María Gómez Guzmán","Santiago (Los Jardines)","Membresías","Premium",2690.00,1664.00,4,Activo,4,7
TRX-RD-5443,2025-03-18,037-0534406-1,"Yudelka Guzmán Martínez","Punta Cana (Bávaro)","Membresías","Premium",2690.00,1985.00,9,Activo,8,5
TRX-RD-5268,2025-03-19,011-4381267-3,"Carlos Reyes Sánchez","Santo Domingo Este (Zona Oriental)","Membresías","Premium",2690.00,1600.00,6,Activo,11,9
TRX-RD-5270,2025-03-19,037-5764630-6,"Yamilka Sánchez Sánchez","Santiago (Los Jardines)","Membresías","VIP",4890.00,2364.00,17,Activo,16,8
TRX-RD-5303,2025-03-19,031-7139591-0,"Rafael Sánchez Paulino","Santo Domingo Este (Zona Oriental)","Membresías","Básica",1690.00,1135.00,11,Activo,13,8
TRX-RD-5378,2025-03-19,001-6928831-3,"Laura Guzmán Santana","Santo Domingo (Piantini)","Membresías","Premium",2690.00,1783.00,8,Activo,15,7
TRX-RD-5379,2025-03-19,097-3288495-3,"Luis Sánchez Peña","Santiago (Los Jardines)","Membresías","VIP",4890.00,2380.00,11,Activo,8,7
TRX-RD-5430,2025-03-19,037-8606750-8,"Miguel Peña Vásquez","Punta Cana (Bávaro)","Tienda Deportiva","Premium",1865.00,1553.00,9,Activo,12,8
TRX-RD-5431,2025-03-19,002-3335454-7,"Manuel Rodríguez Reyes","Santo Domingo Este (Zona Oriental)","Membresías","Básica",1690.00,1007.00,10,Activo,13,9
TRX-RD-5454,2025-03-19,031-3955124-0,"Luis Pérez Vásquez","Santo Domingo (Piantini)","Clases Guiadas","Básica",1040.00,1130.00,9,Activo,10,9
TRX-RD-5472,2025-03-19,031-5780704-5,"Joan Guzmán Rodríguez","Punta Cana (Bávaro)","Membresías","VIP",4890.00,2509.00,13,Activo,16,9
TRX-RD-5486,2025-03-19,097-8381334-9,"Carmen Rosario Ventura","Puerto Plata Club","Clases Guiadas","Premium",1035.00,1763.00,12,Activo,14,10
TRX-RD-5494,2025-03-19,011-3817674-6,"Manuel Reyes Rodríguez","Santiago (Los Jardines)","Membresías","VIP",4890.00,2435.00,12,Activo,12,10
TRX-RD-5506,2025-03-19,031-2693777-4,"Emmanuel Santana Reyes","Santo Domingo Este (Zona Oriental)","Membresías","Básica",1690.00,1388.00,12,Activo,15,7
TRX-RD-5251,2025-03-20,001-4336709-2,"Ana Paulino Jiménez","Santo Domingo Este (Zona Oriental)","Clases Guiadas","Básica",726.00,1162.00,10,Activo,10,6
TRX-RD-5273,2025-03-20,402-9497962-6,"Juan Sánchez Ventura","Santo Domingo Este (Zona Oriental)","Membresías","Premium",2690.00,1775.00,11,Activo,12,7
TRX-RD-5286,2025-03-20,097-1176412-7,"Gabriel Jiménez Sánchez","Santo Domingo (Piantini)","Tienda Deportiva","Premium",1778.00,1963.00,8,Activo,7,9
TRX-RD-5288,2025-03-20,011-5108527-9,"Yudelka Morales Castillo","Santiago (Los Jardines)","Membresías","Premium",2690.00,1676.00,10,Activo,10,9
TRX-RD-5307,2025-03-20,031-8069871-8,"Miguel Martínez Cruz","Santo Domingo Este (Zona Oriental)","Tienda Deportiva","Básica",1729.00,1173.00,12,Activo,10,8
TRX-RD-5325,2025-03-20,031-6851654-4,"José Rosario Pérez","Santo Domingo Este (Zona Oriental)","Membresías","Básica",1690.00,1363.00,7,Activo,9,7
TRX-RD-5362,2025-03-20,002-3548885-5,"Miguel Vásquez Cruz","Punta Cana (Bávaro)","Clases Guiadas","Básica",1199.00,1131.00,4,Activo,10,9
TRX-RD-5416,2025-03-20,002-7964571-7,"Yamilka Ventura Peña","Punta Cana (Bávaro)","Membresías","Básica",1690.00,1430.00,11,Activo,15,7
TRX-RD-5459,2025-03-20,031-7537326-9,"Johanny Guzmán Pérez","Santo Domingo (Piantini)","Membresías","Premium",2690.00,1736.00,9,Activo,13,6
TRX-RD-5250,2025-03-21,001-4336709-2,"Ana Paulino Jiménez","Santo Domingo Este (Zona Oriental)","Personal Trainer","Básica",1350.00,1162.00,10,Activo,10,6
TRX-RD-5257,2025-03-21,402-1899446-1,"Yamilka Castillo Pérez","Punta Cana (Bávaro)","Membresías","Básica",1690.00,1110.00,7,Activo,9,8
TRX-RD-5299,2025-03-21,402-3864375-9,"Kelvin Ventura Pérez","Santo Domingo (Piantini)","Membresías","VIP",4890.00,2450.00,9,Activo,10,7
TRX-RD-5312,2025-03-21,402-4369425-0,"Altagracia Cruz Martínez","Santiago (Los Jardines)","Membresías","Básica",1690.00,1427.00,13,Activo,9,8
TRX-RD-5314,2025-03-21,031-1102942-1,"Miguel Sánchez Sánchez","Santo Domingo (Piantini)","Personal Trainer","Básica",1687.00,1329.00,19,Activo,8,8
TRX-RD-5315,2025-03-21,402-9032230-0,"Pedro Morales García","Punta Cana (Bávaro)","Membresías","Básica",1690.00,1224.00,9,Activo,10,8
TRX-RD-5317,2025-03-21,402-9032230-0,"Pedro Morales García","Punta Cana (Bávaro)","Tienda Deportiva","Básica",1787.00,1224.00,9,Activo,10,8
TRX-RD-5337,2025-03-21,097-9949127-0,"Francisco Santana Peña","Santo Domingo (Piantini)","Clases Guiadas","VIP",921.00,2523.00,15,Activo,13,6
TRX-RD-5363,2025-03-21,002-2155877-8,"Genesis Jiménez García","Santiago (Los Jardines)","Membresías","Premium",2690.00,1357.00,13,Activo,13,7
TRX-RD-5427,2025-03-21,002-9773654-8,"Ramón Guzmán García","Santo Domingo (Piantini)","Tienda Deportiva","VIP",1304.00,2398.00,14,Activo,13,8
TRX-RD-5428,2025-03-21,037-8606750-8,"Miguel Peña Vásquez","Punta Cana (Bávaro)","Membresías","Premium",2690.00,1553.00,9,Activo,12,8
TRX-RD-5458,2025-03-21,037-2632060-3,"Nicole Castillo Rodríguez","Santo Domingo (Piantini)","Personal Trainer","VIP",1141.00,2417.00,12,Activo,15,10
TRX-RD-5499,2025-03-21,402-2143151-9,"Rosa Sánchez Sánchez","Puerto Plata Club","Tienda Deportiva","Básica",1163.00,1418.00,13,Activo,12,9
TRX-RD-5504,2025-03-21,011-2784457-7,"Kelvin Jiménez Gómez","Santiago (Los Jardines)","Clases Guiadas","Básica",778.00,1191.00,17,Activo,13,8
TRX-RD-5254,2025-03-22,402-3725711-4,"Genesis Rodríguez Sánchez","Punta Cana (Bávaro)","Membresías","Básica",1690.00,1179.00,14,Activo,11,10
TRX-RD-5269,2025-03-22,097-6529660-4,"Johanny Pérez García","Santo Domingo Este (Zona Oriental)","Membresías","Básica",1690.00,1226.00,4,Activo,13,7
TRX-RD-5331,2025-03-22,011-3806746-5,"Genesis Jiménez García","Punta Cana (Bávaro)","Membresías","Premium",2690.00,1605.00,5,Activo,5,7
TRX-RD-5447,2025-03-22,001-7888720-4,"Pedro Peña Guzmán","Puerto Plata Club","Membresías","VIP",4890.00,2841.00,13,Activo,12,9
TRX-RD-5471,2025-03-22,031-0627540-1,"María Morales Guzmán","Punta Cana (Bávaro)","Clases Guiadas","Básica",873.00,1201.00,14,Activo,13,7
TRX-RD-5481,2025-03-22,002-8546073-9,"Altagracia García Ventura","Punta Cana (Bávaro)","Membresías","Básica",1690.00,1224.00,10,Activo,17,8
TRX-RD-5253,2025-03-23,402-4917674-0,"Yamilka García Morales","Punta Cana (Bávaro)","Clases Guiadas","VIP",752.00,2476.00,10,Activo,10,8
TRX-RD-5276,2025-03-23,097-7202263-9,"Altagracia García Rodríguez","Santiago (Los Jardines)","Membresías","VIP",4890.00,2445.00,7,Activo,13,7
TRX-RD-5282,2025-03-23,002-4974312-1,"Patricia Guzmán Pérez","Santo Domingo (Piantini)","Membresías","Premium",2690.00,1678.00,10,Activo,10,9
TRX-RD-5308,2025-03-23,001-7971463-9,"Luisa Peña Díaz","Punta Cana (Bávaro)","Membresías","VIP",4890.00,2491.00,11,Activo,13,7
TRX-RD-5338,2025-03-23,001-2220302-9,"Ana Martínez Santana","Punta Cana (Bávaro)","Membresías","Básica",1690.00,1409.00,11,Activo,8,8
TRX-RD-5368,2025-03-23,001-2305238-3,"Johanny Jiménez Marte","Santo Domingo (Piantini)","Personal Trainer","VIP",1482.00,2486.00,10,Activo,10,9
TRX-RD-5387,2025-03-23,011-0803242-4,"Laura Gómez Ventura","Santiago (Los Jardines)","Personal Trainer","VIP",1833.00,2719.00,12,Activo,11,7
TRX-RD-5403,2025-03-23,002-3232256-0,"Patricia Santana Morales","Santo Domingo (Piantini)","Personal Trainer","Básica",1522.00,1098.00,11,Activo,10,7
TRX-RD-5445,2025-03-23,037-0534406-1,"Yudelka Guzmán Martínez","Punta Cana (Bávaro)","Clases Guiadas","Premium",1081.00,1985.00,9,Activo,8,5
TRX-RD-5460,2025-03-23,031-7537326-9,"Johanny Guzmán Pérez","Santo Domingo (Piantini)","Personal Trainer","Premium",1339.00,1736.00,9,Activo,13,6
TRX-RD-5461,2025-03-23,031-7537326-9,"Johanny Guzmán Pérez","Santo Domingo (Piantini)","Clases Guiadas","Premium",756.00,1736.00,9,Activo,13,6
TRX-RD-5247,2025-03-24,002-6588410-6,"Laura Díaz Díaz","Santo Domingo Este (Zona Oriental)","Membresías","Premium",2690.00,1880.00,6,Activo,6,8
TRX-RD-5265,2025-03-24,097-7920909-8,"Ana García Santana","Santo Domingo Este (Zona Oriental)","Membresías","Básica",1690.00,1411.00,10,Activo,13,8
TRX-RD-5290,2025-03-24,011-3620797-2,"Francisco Marte Morales","Santo Domingo (Piantini)","Membresías","VIP",4890.00,2664.00,11,Activo,14,8
TRX-RD-5296,2025-03-24,002-0039098-7,"Alejandro Rodríguez Castillo","Punta Cana (Bávaro)","Personal Trainer","Premium",1685.00,1582.00,10,Activo,8,9
TRX-RD-5323,2025-03-24,001-5524767-9,"Ramón Jiménez Vásquez","Santo Domingo Este (Zona Oriental)","Tienda Deportiva","Básica",1928.00,1201.00,7,Activo,11,7
TRX-RD-5339,2025-03-24,001-2220302-9,"Ana Martínez Santana","Punta Cana (Bávaro)","Personal Trainer","Básica",1648.00,1409.00,11,Activo,8,8
TRX-RD-5346,2025-03-24,097-1835171-2,"Rafael Rodríguez Jiménez","Santo Domingo Este (Zona Oriental)","Tienda Deportiva","Básica",2086.00,1218.00,7,Activo,12,8
TRX-RD-5410,2025-03-24,097-7852937-1,"Rafael Rosario Guzmán","Punta Cana (Bávaro)","Membresías","Básica",1690.00,1344.00,8,Activo,5,7
TRX-RD-5437,2025-03-24,011-0266902-3,"Genesis Castillo Peña","Santo Domingo (Piantini)","Membresías","VIP",4890.00,2620.00,14,Activo,10,9
TRX-RD-5464,2025-03-24,402-3799506-9,"Miguel Castillo Cruz","Santo Domingo Este (Zona Oriental)","Membresías","Básica",1690.00,1112.00,15,Activo,17,8
TRX-RD-5497,2025-03-24,402-2143151-9,"Rosa Sánchez Sánchez","Puerto Plata Club","Membresías","Básica",1690.00,1418.00,13,Activo,12,9
TRX-RD-5502,2025-03-24,011-2784457-7,"Kelvin Jiménez Gómez","Santiago (Los Jardines)","Membresías","Básica",1690.00,1191.00,17,Activo,13,8
TRX-RD-5255,2025-03-25,002-7517997-6,"Yamilka Guzmán Santana","Santiago (Los Jardines)","Membresías","VIP",4890.00,2635.00,9,Activo,16,8
TRX-RD-5418,2025-03-25,011-0095220-7,"Nicole Pérez Cruz","Santo Domingo (Piantini)","Clases Guiadas","Básica",923.00,1178.00,6,Activo,12,8
TRX-RD-5474,2025-03-25,402-5274340-2,"Altagracia Morales Sánchez","Santiago (Los Jardines)","Membresías","Premium",2690.00,1875.00,9,Activo,9,7
TRX-RD-5483,2025-03-25,402-3646088-3,"Kelvin Reyes Cruz","Punta Cana (Bávaro)","Membresías","VIP",4890.00,2581.00,6,Activo,17,10
TRX-RD-5272,2025-03-26,037-5764630-6,"Yamilka Sánchez Sánchez","Santiago (Los Jardines)","Tienda Deportiva","VIP",2024.00,2364.00,17,Activo,16,8
TRX-RD-5304,2025-03-26,031-7139591-0,"Rafael Sánchez Paulino","Santo Domingo Este (Zona Oriental)","Personal Trainer","Básica",1750.00,1135.00,11,Activo,13,8
TRX-RD-5334,2025-03-26,011-2927458-3,"María Martínez Gómez","Santiago (Los Jardines)","Personal Trainer","Básica",1668.00,1067.00,5,Activo,5,7
TRX-RD-5373,2025-03-26,402-0475896-1,"Carolina Reyes Rosario","Santo Domingo (Piantini)","Membresías","Premium",2690.00,1762.00,12,Activo,6,8
TRX-RD-5401,2025-03-26,402-2255694-2,"Johanny Rosario Pérez","Punta Cana (Bávaro)","Clases Guiadas","Premium",1092.00,1944.00,7,Activo,10,7
TRX-RD-5407,2025-03-26,031-3994908-9,"Genesis Martínez Pérez","Santo Domingo (Piantini)","Membresías","VIP",4890.00,2456.00,12,Activo,15,8
TRX-RD-5417,2025-03-26,011-0095220-7,"Nicole Pérez Cruz","Santo Domingo (Piantini)","Membresías","Básica",1690.00,1178.00,6,Activo,12,8
TRX-RD-5435,2025-03-26,037-4666965-8,"Genesis Sánchez Santana","Santiago (Los Jardines)","Membresías","Básica",1690.00,1234.00,8,Activo,9,9
TRX-RD-5444,2025-03-26,037-0534406-1,"Yudelka Guzmán Martínez","Punta Cana (Bávaro)","Personal Trainer","Premium",1671.00,1985.00,9,Activo,8,5
TRX-RD-5505,2025-03-26,097-4974915-7,"Laura Santana Vásquez","Punta Cana (Bávaro)","Membresías","Básica",1690.00,1537.00,11,Activo,12,7
TRX-RD-5274,2025-03-27,011-9793610-5,"Luisa García Morales","Santo Domingo (Piantini)","Membresías","VIP",4890.00,2433.00,12,Activo,11,8
TRX-RD-5369,2025-03-27,001-2305238-3,"Johanny Jiménez Marte","Santo Domingo (Piantini)","Clases Guiadas","VIP",743.00,2486.00,10,Activo,10,9
TRX-RD-5442,2025-03-27,402-6167615-5,"María Gómez Marte","Puerto Plata Club","Membresías","Premium",2690.00,1749.00,7,Activo,12,8
TRX-RD-5507,2025-03-27,031-2693777-4,"Emmanuel Santana Reyes","Santo Domingo Este (Zona Oriental)","Tienda Deportiva","Básica",1724.00,1388.00,12,Activo,15,7
TRX-RD-5259,2025-03-28,001-6183166-4,"Carlos Rosario Martínez","Santiago (Los Jardines)","Membresías","Básica",1690.00,1100.00,5,Activo,13,10
TRX-RD-5321,2025-03-28,001-5524767-9,"Ramón Jiménez Vásquez","Santo Domingo Este (Zona Oriental)","Membresías","Básica",1690.00,1201.00,7,Activo,11,7
TRX-RD-5327,2025-03-28,031-6851654-4,"José Rosario Pérez","Santo Domingo Este (Zona Oriental)","Tienda Deportiva","Básica",1346.00,1363.00,7,Activo,9,7
TRX-RD-5350,2025-03-28,097-6771051-1,"Nicole Cruz Morales","Santo Domingo (Piantini)","Membresías","Premium",2690.00,1626.00,11,Activo,21,9
TRX-RD-5355,2025-03-28,002-0478549-7,"Luis Guzmán Díaz","Santo Domingo Este (Zona Oriental)","Membresías","VIP",4890.00,2524.00,10,Activo,16,8
TRX-RD-5358,2025-03-28,037-6310867-1,"Carlos Gómez Gómez","Santo Domingo Este (Zona Oriental)","Tienda Deportiva","Básica",1129.00,1314.00,8,Activo,9,8
TRX-RD-5377,2025-03-28,031-1581612-0,"Ana Cruz Sánchez","Puerto Plata Club","Personal Trainer","Básica",1385.00,1359.00,7,Activo,8,9
TRX-RD-5434,2025-03-28,037-1628893-5,"Rosa Gómez Rosario","Santiago (Los Jardines)","Membresías","Premium",2690.00,1668.00,3,Activo,14,7
TRX-RD-5455,2025-03-28,037-6396478-4,"Miguel Marte Rosario","Punta Cana (Bávaro)","Membresías","Básica",1690.00,1489.00,7,Activo,6,8
TRX-RD-5456,2025-03-28,037-6396478-4,"Miguel Marte Rosario","Punta Cana (Bávaro)","Personal Trainer","Básica",1838.00,1489.00,7,Activo,6,8
TRX-RD-5489,2025-03-28,001-9581794-5,"Carlos Sánchez Martínez","Puerto Plata Club","Membresías","VIP",4890.00,2196.00,12,Activo,11,8
TRX-RD-5490,2025-03-28,001-9581794-5,"Carlos Sánchez Martínez","Puerto Plata Club","Personal Trainer","VIP",1575.00,2196.00,12,Activo,11,8
TRX-RD-5575,2025-04-01,402-3864375-9,"Kelvin Ventura Pérez","Santo Domingo (Piantini)","Membresías","VIP",4890.00,2450.00,9,Activo,10,9
TRX-RD-5662,2025-04-01,037-3326682-3,"Emmanuel Pérez Sánchez","Santo Domingo (Piantini)","Membresías","Premium",2690.00,1669.00,4,Activo,10,7
TRX-RD-5724,2025-04-01,011-3083034-0,"Kelvin Marte Santana","Santiago (Los Jardines)","Membresías","Básica",1690.00,1259.00,7,Activo,8,10
TRX-RD-5729,2025-04-01,097-7852937-1,"Rafael Rosario Guzmán","Punta Cana (Bávaro)","Personal Trainer","Básica",1740.00,1344.00,8,Activo,10,10
TRX-RD-5733,2025-04-01,002-7964571-7,"Yamilka Ventura Peña","Punta Cana (Bávaro)","Membresías","Básica",1690.00,1430.00,11,Activo,12,8
TRX-RD-5816,2025-04-01,001-5706299-3,"Carmen Rosario Pérez","Santo Domingo Este (Zona Oriental)","Tienda Deportiva","Básica",1738.00,1294.00,7,Activo,13,7
TRX-RD-5526,2025-04-02,001-6183166-4,"Carlos Rosario Martínez","Santiago (Los Jardines)","Membresías","Básica",1690.00,1100.00,5,Activo,14,8
TRX-RD-5625,2025-04-02,031-8246707-0,"Alejandro Marte Morales","Puerto Plata Club","Membresías","VIP",4890.00,2388.00,11,Activo,10,9
TRX-RD-5639,2025-04-02,002-9235870-2,"Juan Castillo Cruz","Punta Cana (Bávaro)","Personal Trainer","VIP",1537.00,2478.00,10,Activo,14,9
TRX-RD-5666,2025-04-02,011-2805876-3,"Nicole Rosario Reyes","Santo Domingo Este (Zona Oriental)","Membresías","Básica",1690.00,1377.00,11,Activo,12,9
TRX-RD-5680,2025-04-02,011-9824525-8,"José Sánchez Marte","Santo Domingo (Piantini)","Membresías","Premium",2690.00,1765.00,11,Activo,9,7
TRX-RD-5693,2025-04-02,001-7825008-0,"Emmanuel Marte Gómez","Santiago (Los Jardines)","Tienda Deportiva","Premium",1473.00,1831.00,4,Activo,12,9
TRX-RD-5695,2025-04-02,402-3202685-2,"Genesis Jiménez Ventura","Santo Domingo (Piantini)","Clases Guiadas","Premium",992.00,1779.00,8,Activo,11,8
TRX-RD-5701,2025-04-02,002-2795339-5,"Ramón Martínez Vásquez","Santo Domingo (Piantini)","Membresías","Básica",1690.00,1134.00,12,Activo,17,8
TRX-RD-5707,2025-04-02,011-2999115-2,"Yamilka Jiménez Peña","Santo Domingo (Piantini)","Clases Guiadas","Básica",1067.00,1390.00,13,Activo,11,10
TRX-RD-5752,2025-04-02,037-4666965-8,"Genesis Sánchez Santana","Santiago (Los Jardines)","Membresías","Básica",1690.00,1234.00,8,Activo,12,10
TRX-RD-5753,2025-04-02,011-0266902-3,"Genesis Castillo Peña","Santo Domingo (Piantini)","Membresías","VIP",4890.00,2620.00,14,Activo,5,7
TRX-RD-5785,2025-04-02,037-6396478-4,"Miguel Marte Rosario","Punta Cana (Bávaro)","Personal Trainer","Básica",1211.00,1489.00,7,Activo,8,8
TRX-RD-5792,2025-04-02,031-3458161-4,"Juan García Martínez","Santiago (Los Jardines)","Membresías","Básica",1690.00,1407.00,7,Activo,13,6
TRX-RD-5797,2025-04-02,097-2808250-5,"Johanny Paulino Rodríguez","Puerto Plata Club","Membresías","VIP",4890.00,2070.00,6,Activo,10,7
TRX-RD-5802,2025-04-02,097-3320064-7,"Gabriel Vásquez Reyes","Puerto Plata Club","Personal Trainer","Básica",1547.00,1362.00,7,Activo,14,6
TRX-RD-5823,2025-04-02,001-9581794-5,"Carlos Sánchez Martínez","Puerto Plata Club","Membresías","VIP",4890.00,2196.00,12,Activo,9,7
TRX-RD-5831,2025-04-02,402-7552381-5,"Manuel Rosario Díaz","Santo Domingo Este (Zona Oriental)","Membresías","Básica",1690.00,1509.00,4,Activo,21,7
TRX-RD-5578,2025-04-03,097-4883894-4,"Stephanie Vásquez Guzmán","Santiago (Los Jardines)","Tienda Deportiva","Básica",1471.00,1041.00,8,Activo,13,7
TRX-RD-5611,2025-04-03,002-2421057-5,"Yamilka Pérez Vásquez","Santiago (Los Jardines)","Membresías","Básica",1690.00,1190.00,11,Activo,12,9
TRX-RD-5673,2025-04-03,002-0919408-3,"Laura Cruz Gómez","Santiago (Los Jardines)","Membresías","Básica",1690.00,1307.00,13,Activo,14,7
TRX-RD-5827,2025-04-03,011-3817674-6,"Manuel Reyes Rodríguez","Santiago (Los Jardines)","Membresías","VIP",4890.00,2435.00,12,Activo,10,7
TRX-RD-5518,2025-04-04,001-4336709-2,"Ana Paulino Jiménez","Santo Domingo Este (Zona Oriental)","Membresías","Básica",1690.00,1162.00,10,Activo,17,8
TRX-RD-5586,2025-04-04,002-2068409-6,"Gabriel Díaz Guzmán","Puerto Plata Club","Membresías","Básica",1690.00,1264.00,10,Activo,8,8
TRX-RD-5603,2025-04-04,402-3519826-0,"José Peña Marte","Punta Cana (Bávaro)","Membresías","Básica",1690.00,1467.00,11,Activo,11,8
TRX-RD-5606,2025-04-04,001-5524767-9,"Ramón Jiménez Vásquez","Santo Domingo Este (Zona Oriental)","Membresías","Básica",1690.00,1201.00,7,Activo,18,8
TRX-RD-5629,2025-04-04,031-2974266-8,"Johanny Jiménez Jiménez","Santo Domingo (Piantini)","Membresías","Premium",2690.00,1751.00,12,Activo,8,7
TRX-RD-5650,2025-04-04,001-0419364-4,"Ramón Jiménez Santana","Santo Domingo (Piantini)","Tienda Deportiva","Básica",2112.00,1238.00,12,Activo,10,8
TRX-RD-5705,2025-04-04,011-2999115-2,"Yamilka Jiménez Peña","Santo Domingo (Piantini)","Membresías","Básica",1690.00,1390.00,13,Activo,11,10
TRX-RD-5706,2025-04-04,011-2999115-2,"Yamilka Jiménez Peña","Santo Domingo (Piantini)","Personal Trainer","Básica",1259.00,1390.00,13,Activo,11,10
TRX-RD-5715,2025-04-04,402-2255694-2,"Johanny Rosario Pérez","Punta Cana (Bávaro)","Membresías","Premium",2690.00,1944.00,7,Activo,4,8
TRX-RD-5743,2025-04-04,037-2983311-5,"Rafael Reyes Reyes","Santiago (Los Jardines)","Membresías","Premium",2690.00,1440.00,6,Activo,15,6
TRX-RD-5771,2025-04-04,031-4566564-6,"Carolina Vásquez Jiménez","Santiago (Los Jardines)","Membresías","Básica",1690.00,1233.00,7,Activo,12,10
TRX-RD-5780,2025-04-04,031-1597777-3,"Altagracia Morales Paulino","Puerto Plata Club","Membresías","Básica",1690.00,1462.00,5,Activo,12,10
TRX-RD-5789,2025-04-04,002-4563876-2,"Rosa Reyes Peña","Puerto Plata Club","Membresías","Básica",1690.00,1081.00,11,Activo,9,8
TRX-RD-5800,2025-04-04,097-2512172-8,"Yamilka Santana Rosario","Santo Domingo (Piantini)","Clases Guiadas","Básica",702.00,1168.00,7,Activo,6,8
TRX-RD-5813,2025-04-04,002-8193156-8,"Altagracia Martínez Castillo","Punta Cana (Bávaro)","Membresías","Básica",1690.00,1073.00,9,Activo,6,9
TRX-RD-5837,2025-04-04,097-4974915-7,"Laura Santana Vásquez","Punta Cana (Bávaro)","Membresías","Básica",1690.00,1537.00,11,Activo,10,8
TRX-RD-5547,2025-04-05,097-7202263-9,"Altagracia García Rodríguez","Santiago (Los Jardines)","Membresías","VIP",4890.00,2445.00,7,Activo,10,9
TRX-RD-5598,2025-04-05,402-9032230-0,"Pedro Morales García","Punta Cana (Bávaro)","Personal Trainer","Básica",1693.00,1224.00,9,Activo,15,8
TRX-RD-5600,2025-04-05,001-0668806-2,"Genesis Gómez Ventura","Santo Domingo (Piantini)","Membresías","VIP",4890.00,2342.00,8,Activo,10,10
TRX-RD-5654,2025-04-05,097-0213742-4,"Kelvin Castillo Díaz","Santiago (Los Jardines)","Tienda Deportiva","Básica",1414.00,1434.00,14,Activo,11,8
TRX-RD-5685,2025-04-05,097-3288495-3,"Luis Sánchez Peña","Santiago (Los Jardines)","Membresías","VIP",4890.00,2380.00,11,Activo,10,9
TRX-RD-5710,2025-04-05,031-0389221-6,"Laura Reyes Marte","Santo Domingo (Piantini)","Membresías","Premium",2690.00,1788.00,9,Activo,15,7
TRX-RD-5751,2025-04-05,037-1628893-5,"Rosa Gómez Rosario","Santiago (Los Jardines)","Membresías","Premium",2690.00,1668.00,3,Activo,15,9
TRX-RD-5756,2025-04-05,037-7443702-8,"José Martínez Díaz","Santo Domingo (Piantini)","Membresías","Premium",2690.00,1742.00,7,Activo,11,8
TRX-RD-5757,2025-04-05,037-7443702-8,"José Martínez Díaz","Santo Domingo (Piantini)","Personal Trainer","Premium",1410.00,1742.00,7,Activo,11,8
TRX-RD-5762,2025-04-05,037-4151451-1,"María Díaz Cruz","Punta Cana (Bávaro)","Membresías","Premium",2690.00,1686.00,9,Activo,11,8
TRX-RD-5775,2025-04-05,011-5973150-2,"Ramón Díaz Castillo","Santiago (Los Jardines)","Membresías","Básica",1690.00,952.00,5,Activo,17,9
TRX-RD-5817,2025-04-05,002-8546073-9,"Altagracia García Ventura","Punta Cana (Bávaro)","Membresías","Básica",1690.00,1224.00,10,Activo,13,8
TRX-RD-5838,2025-04-05,031-2693777-4,"Emmanuel Santana Reyes","Santo Domingo Este (Zona Oriental)","Membresías","Básica",1690.00,1388.00,12,Activo,12,10
TRX-RD-5616,2025-04-06,011-3806746-5,"Genesis Jiménez García","Punta Cana (Bávaro)","Membresías","Premium",2690.00,1605.00,5,Activo,13,6
TRX-RD-5627,2025-04-06,031-8246707-0,"Alejandro Marte Morales","Puerto Plata Club","Tienda Deportiva","VIP",1245.00,2388.00,11,Activo,10,9
TRX-RD-5667,2025-04-06,011-2805876-3,"Nicole Rosario Reyes","Santo Domingo Este (Zona Oriental)","Personal Trainer","Básica",1118.00,1377.00,11,Activo,12,9
TRX-RD-5669,2025-04-06,402-4161120-7,"Carlos Vásquez Peña","Santo Domingo (Piantini)","Membresías","Premium",2690.00,1665.00,10,Activo,14,9
TRX-RD-5670,2025-04-06,402-4161120-7,"Carlos Vásquez Peña","Santo Domingo (Piantini)","Clases Guiadas","Premium",815.00,1665.00,10,Activo,14,9
TRX-RD-5696,2025-04-06,011-0803242-4,"Laura Gómez Ventura","Santiago (Los Jardines)","Membresías","VIP",4890.00,2719.00,12,Activo,12,8
TRX-RD-5735,2025-04-06,011-0095220-7,"Nicole Pérez Cruz","Santo Domingo (Piantini)","Membresías","Básica",1690.00,1178.00,6,Activo,12,5
TRX-RD-5739,2025-04-06,031-8488242-5,"Emmanuel Reyes Guzmán","Santo Domingo Este (Zona Oriental)","Membresías","Premium",2690.00,1538.00,7,Activo,12,8
TRX-RD-5742,2025-04-06,011-1417102-6,"María Morales Morales","Santo Domingo Este (Zona Oriental)","Membresías","Básica",1690.00,1084.00,14,Activo,7,8
TRX-RD-5767,2025-04-06,402-6167615-5,"María Gómez Marte","Puerto Plata Club","Personal Trainer","Premium",1575.00,1749.00,7,Activo,15,9
TRX-RD-5781,2025-04-06,001-2826741-6,"Yamilka Santana Martínez","Santo Domingo Este (Zona Oriental)","Membresías","Básica",1690.00,1389.00,12,Activo,16,8
TRX-RD-5799,2025-04-06,097-2512172-8,"Yamilka Santana Rosario","Santo Domingo (Piantini)","Membresías","Básica",1690.00,1168.00,7,Activo,6,8
TRX-RD-5812,2025-04-06,402-0142321-3,"Stephanie Morales Marte","Punta Cana (Bávaro)","Membresías","VIP",4890.00,2376.00,10,Activo,11,9
TRX-RD-5834,2025-04-06,031-1342744-1,"Patricia Pérez Díaz","Puerto Plata Club","Personal Trainer","Básica",1366.00,1141.00,11,Activo,7,7
TRX-RD-5530,2025-04-07,097-5613607-4,"Miguel Díaz Cruz","Punta Cana (Bávaro)","Personal Trainer","Básica",1281.00,1355.00,14,Activo,11,8
TRX-RD-5543,2025-04-07,011-9793610-5,"Luisa García Morales","Santo Domingo (Piantini)","Membresías","VIP",4890.00,2433.00,12,Activo,10,9
TRX-RD-5560,2025-04-07,011-5108527-9,"Yudelka Morales Castillo","Santiago (Los Jardines)","Personal Trainer","Premium",1003.00,1676.00,10,Activo,12,8
TRX-RD-5579,2025-04-07,001-2647774-4,"Nicole Ventura Morales","Punta Cana (Bávaro)","Membresías","Básica",1690.00,1220.00,7,Activo,8,7
TRX-RD-5580,2025-04-07,031-7139591-0,"Rafael Sánchez Paulino","Santo Domingo Este (Zona Oriental)","Membresías","Básica",1690.00,1135.00,11,Activo,15,7
TRX-RD-5585,2025-04-07,001-7971463-9,"Luisa Peña Díaz","Punta Cana (Bávaro)","Personal Trainer","VIP",1418.00,2491.00,11,Activo,10,8
TRX-RD-5595,2025-04-07,031-1282880-5,"María Martínez Peña","Santiago (Los Jardines)","Personal Trainer","Premium",1435.00,1493.00,7,Activo,12,9
TRX-RD-5610,2025-04-07,031-6851654-4,"José Rosario Pérez","Santo Domingo Este (Zona Oriental)","Membresías","Básica",1690.00,1363.00,7,Activo,11,8
TRX-RD-5634,2025-04-07,011-3552274-4,"Ramón Marte Morales","Santo Domingo (Piantini)","Tienda Deportiva","Básica",1717.00,1475.00,4,Activo,8,6
TRX-RD-5652,2025-04-07,097-0213742-4,"Kelvin Castillo Díaz","Santiago (Los Jardines)","Personal Trainer","Básica",1642.00,1434.00,14,Activo,11,8
TRX-RD-5674,2025-04-07,001-2305238-3,"Johanny Jiménez Marte","Santo Domingo (Piantini)","Membresías","VIP",4890.00,2486.00,10,Activo,14,8
TRX-RD-5699,2025-04-07,031-3415573-2,"Kelvin Rosario Díaz","Santo Domingo (Piantini)","Membresías","Premium",2690.00,1705.00,7,Activo,9,9
TRX-RD-5760,2025-04-07,037-5710505-5,"Manuel Reyes Paulino","Santo Domingo Este (Zona Oriental)","Personal Trainer","Básica",1668.00,1187.00,13,Activo,7,9
TRX-RD-5794,2025-04-07,402-3799506-9,"Miguel Castillo Cruz","Santo Domingo Este (Zona Oriental)","Membresías","Básica",1690.00,1112.00,15,Activo,7,7
TRX-RD-5801,2025-04-07,097-3320064-7,"Gabriel Vásquez Reyes","Puerto Plata Club","Membresías","Básica",1690.00,1362.00,7,Activo,14,6
TRX-RD-5811,2025-04-07,002-2682440-7,"María Marte Guzmán","Santo Domingo Este (Zona Oriental)","Membresías","Básica",1690.00,1248.00,13,Activo,11,8
TRX-RD-5522,2025-04-08,402-3725711-4,"Genesis Rodríguez Sánchez","Punta Cana (Bávaro)","Membresías","Básica",1690.00,1179.00,14,Activo,9,7
TRX-RD-5523,2025-04-08,002-7517997-6,"Yamilka Guzmán Santana","Santiago (Los Jardines)","Membresías","VIP",4890.00,2635.00,9,Activo,5,9
TRX-RD-5553,2025-04-08,002-4974312-1,"Patricia Guzmán Pérez","Santo Domingo (Piantini)","Membresías","Premium",2690.00,1678.00,10,Activo,14,7
TRX-RD-5558,2025-04-08,001-9939436-2,"Pedro Rosario Sánchez","Santo Domingo Este (Zona Oriental)","Clases Guiadas","Básica",1025.00,1328.00,12,Activo,15,8
TRX-RD-5609,2025-04-08,031-3115349-0,"Gabriel Gómez Guzmán","Punta Cana (Bávaro)","Clases Guiadas","Premium",684.00,1509.00,6,Activo,9,9
TRX-RD-5612,2025-04-08,037-8163497-1,"Carolina Marte Reyes","Santo Domingo (Piantini)","Membresías","VIP",4890.00,2270.00,10,Activo,11,6
TRX-RD-5646,2025-04-08,011-6072118-7,"Stephanie Cruz Sánchez","Santiago (Los Jardines)","Personal Trainer","Básica",1431.00,1288.00,6,Activo,9,9
TRX-RD-5684,2025-04-08,001-6928831-3,"Laura Guzmán Santana","Santo Domingo (Piantini)","Tienda Deportiva","Premium",2087.00,1783.00,8,Activo,12,9
TRX-RD-5686,2025-04-08,402-6702324-6,"Alejandro Peña Cruz","Santo Domingo (Piantini)","Membresías","Premium",2690.00,1835.00,9,Activo,6,8
TRX-RD-5697,2025-04-08,011-2788001-9,"Ramón Ventura Reyes","Santo Domingo (Piantini)","Membresías","VIP",4890.00,2662.00,13,Activo,10,7
TRX-RD-5745,2025-04-08,002-9773654-8,"Ramón Guzmán García","Santo Domingo (Piantini)","Membresías","VIP",4890.00,2398.00,14,Activo,12,9
TRX-RD-5764,2025-04-08,097-4377382-3,"Kelvin Marte Santana","Santo Domingo (Piantini)","Membresías","Premium",2690.00,1336.00,6,Activo,11,9
TRX-RD-5769,2025-04-08,037-0534406-1,"Yudelka Guzmán Martínez","Punta Cana (Bávaro)","Personal Trainer","Premium",1324.00,1985.00,9,Activo,6,9
TRX-RD-5787,2025-04-08,037-2632060-3,"Nicole Castillo Rodríguez","Santo Domingo (Piantini)","Membresías","VIP",4890.00,2417.00,12,Activo,17,8
TRX-RD-5818,2025-04-08,402-3646088-3,"Kelvin Reyes Cruz","Punta Cana (Bávaro)","Membresías","VIP",4890.00,2581.00,6,Activo,10,8
TRX-RD-5819,2025-04-08,011-3298321-2,"José Gómez Gómez","Santiago (Los Jardines)","Membresías","Premium",2690.00,1405.00,4,Activo,8,8
TRX-RD-5832,2025-04-08,402-7552381-5,"Manuel Rosario Díaz","Santo Domingo Este (Zona Oriental)","Personal Trainer","Básica",1215.00,1509.00,4,Activo,21,7
TRX-RD-5517,2025-04-09,001-1334706-6,"Gabriel Pérez Vásquez","Puerto Plata Club","Clases Guiadas","Básica",1021.00,1361.00,5,Activo,10,6
TRX-RD-5531,2025-04-09,097-5613607-4,"Miguel Díaz Cruz","Punta Cana (Bávaro)","Tienda Deportiva","Básica",1353.00,1355.00,14,Activo,11,8
TRX-RD-5534,2025-04-09,031-1919018-3,"Patricia Rodríguez Pérez","Santiago (Los Jardines)","Membresías","VIP",4890.00,2539.00,11,Activo,13,7
TRX-RD-5569,2025-04-09,002-0039098-7,"Alejandro Rodríguez Castillo","Punta Cana (Bávaro)","Membresías","Premium",2690.00,1582.00,10,Activo,10,8
TRX-RD-5588,2025-04-09,402-4369425-0,"Altagracia Cruz Martínez","Santiago (Los Jardines)","Tienda Deportiva","Básica",1471.00,1427.00,13,Activo,8,8
TRX-RD-5589,2025-04-09,031-3445475-4,"Luis Rodríguez Morales","Punta Cana (Bávaro)","Membresías","Premium",2690.00,1471.00,14,Activo,6,8
TRX-RD-5656,2025-04-09,031-7501314-7,"Gabriel Ventura Vásquez","Santo Domingo (Piantini)","Membresías","VIP",4890.00,2312.00,8,Activo,8,10
TRX-RD-5682,2025-04-09,031-1581612-0,"Ana Cruz Sánchez","Puerto Plata Club","Membresías","Básica",1690.00,1359.00,7,Activo,7,7
TRX-RD-5689,2025-04-09,097-2331703-9,"María Jiménez Martínez","Santiago (Los Jardines)","Personal Trainer","Básica",1728.00,1256.00,9,Activo,14,7
TRX-RD-5698,2025-04-09,011-2788001-9,"Ramón Ventura Reyes","Santo Domingo (Piantini)","Tienda Deportiva","VIP",1224.00,2662.00,13,Activo,10,7
TRX-RD-5702,2025-04-09,002-2795339-5,"Ramón Martínez Vásquez","Santo Domingo (Piantini)","Clases Guiadas","Básica",1226.00,1134.00,12,Activo,17,8
TRX-RD-5730,2025-04-09,001-1274666-4,"Kelvin Marte Guzmán","Santiago (Los Jardines)","Membresías","Premium",2690.00,1496.00,10,Activo,7,8
TRX-RD-5772,2025-04-09,001-7888720-4,"Pedro Peña Guzmán","Puerto Plata Club","Membresías","VIP",4890.00,2841.00,13,Activo,13,8
TRX-RD-5796,2025-04-09,097-8097227-0,"Miguel Ventura Martínez","Santiago (Los Jardines)","Tienda Deportiva","VIP",1851.00,2387.00,10,Activo,14,6
TRX-RD-5541,2025-04-10,402-9497962-6,"Juan Sánchez Ventura","Santo Domingo Este (Zona Oriental)","Membresías","Premium",2690.00,1775.00,11,Activo,6,10
TRX-RD-5542,2025-04-10,402-9497962-6,"Juan Sánchez Ventura","Santo Domingo Este (Zona Oriental)","Tienda Deportiva","Premium",1486.00,1775.00,11,Activo,6,10
TRX-RD-5565,2025-04-10,011-6895563-9,"Kelvin Rodríguez Gómez","Santo Domingo Este (Zona Oriental)","Tienda Deportiva","Básica",2060.00,1157.00,12,Activo,14,8
TRX-RD-5572,2025-04-10,402-7470758-3,"Johanny Pérez Reyes","Santo Domingo (Piantini)","Membresías","VIP",4890.00,2407.00,9,Activo,13,9
TRX-RD-5596,2025-04-10,031-1282880-5,"María Martínez Peña","Santiago (Los Jardines)","Tienda Deportiva","Premium",1663.00,1493.00,7,Activo,12,9
TRX-RD-5628,2025-04-10,402-7439845-8,"Nicole Sánchez Santana","Santiago (Los Jardines)","Membresías","VIP",4890.00,2334.00,10,Activo,18,9
TRX-RD-5630,2025-04-10,031-2974266-8,"Johanny Jiménez Jiménez","Santo Domingo (Piantini)","Personal Trainer","Premium",1515.00,1751.00,12,Activo,8,7
TRX-RD-5642,2025-04-10,097-1835171-2,"Rafael Rodríguez Jiménez","Santo Domingo Este (Zona Oriental)","Membresías","Básica",1690.00,1218.00,7,Activo,8,9
TRX-RD-5665,2025-04-10,002-3548885-5,"Miguel Vásquez Cruz","Punta Cana (Bávaro)","Tienda Deportiva","Básica",1982.00,1131.00,4,Activo,12,7
TRX-RD-5749,2025-04-10,002-6259335-3,"Emmanuel Guzmán Rosario","Santo Domingo Este (Zona Oriental)","Membresías","Premium",2690.00,2156.00,16,Activo,12,6
TRX-RD-5777,2025-04-10,402-0044725-4,"Nicole Rosario Castillo","Santo Domingo (Piantini)","Personal Trainer","VIP",1477.00,2318.00,9,Activo,15,7
TRX-RD-5788,2025-04-10,037-2632060-3,"Nicole Castillo Rodríguez","Santo Domingo (Piantini)","Tienda Deportiva","VIP",1124.00,2417.00,12,Activo,17,8
TRX-RD-5516,2025-04-11,001-1334706-6,"Gabriel Pérez Vásquez","Puerto Plata Club","Membresías","Básica",1690.00,1361.00,5,Activo,10,6
TRX-RD-5554,2025-04-11,002-4974312-1,"Patricia Guzmán Pérez","Santo Domingo (Piantini)","Tienda Deportiva","Premium",1588.00,1678.00,10,Activo,14,7
TRX-RD-5653,2025-04-11,097-0213742-4,"Kelvin Castillo Díaz","Santiago (Los Jardines)","Clases Guiadas","Básica",905.00,1434.00,14,Activo,11,8
TRX-RD-5679,2025-04-11,402-0475896-1,"Carolina Reyes Rosario","Santo Domingo (Piantini)","Personal Trainer","Premium",1230.00,1762.00,12,Activo,11,9
TRX-RD-5726,2025-04-11,031-3994908-9,"Genesis Martínez Pérez","Santo Domingo (Piantini)","Personal Trainer","VIP",1678.00,2456.00,12,Activo,14,7
TRX-RD-5759,2025-04-11,037-5710505-5,"Manuel Reyes Paulino","Santo Domingo Este (Zona Oriental)","Membresías","Básica",1690.00,1187.00,13,Activo,7,9
TRX-RD-5810,2025-04-11,037-7679995-3,"Juan Gómez Rodríguez","Punta Cana (Bávaro)","Personal Trainer","Básica",1391.00,924.00,10,Activo,8,8
TRX-RD-5839,2025-04-11,402-5039105-5,"María Díaz Santana","Puerto Plata Club","Membresías","Básica",1690.00,1209.00,10,Activo,2,8
TRX-RD-5512,2025-04-12,037-9546737-6,"Stephanie Reyes Gómez","Punta Cana (Bávaro)","Clases Guiadas","Básica",1155.00,1340.00,7,Activo,16,8
TRX-RD-5519,2025-04-12,001-4336709-2,"Ana Paulino Jiménez","Santo Domingo Este (Zona Oriental)","Clases Guiadas","Básica",1174.00,1162.00,10,Activo,17,8
TRX-RD-5559,2025-04-12,011-5108527-9,"Yudelka Morales Castillo","Santiago (Los Jardines)","Membresías","Premium",2690.00,1676.00,10,Activo,12,8
TRX-RD-5561,2025-04-12,011-3620797-2,"Francisco Marte Morales","Santo Domingo (Piantini)","Membresías","VIP",4890.00,2664.00,11,Activo,13,7
TRX-RD-5567,2025-04-12,011-0658246-1,"Manuel Jiménez Rosario","Puerto Plata Club","Personal Trainer","Premium",1500.00,1298.00,12,Activo,14,7
TRX-RD-5570,2025-04-12,002-0039098-7,"Alejandro Rodríguez Castillo","Punta Cana (Bávaro)","Personal Trainer","Premium",1156.00,1582.00,10,Activo,10,8
TRX-RD-5576,2025-04-12,402-3864375-9,"Kelvin Ventura Pérez","Santo Domingo (Piantini)","Tienda Deportiva","VIP",1005.00,2450.00,9,Activo,10,9
TRX-RD-5640,2025-04-12,031-8363385-2,"Nicole Reyes Vásquez","Santiago (Los Jardines)","Membresías","Básica",1690.00,1343.00,14,Activo,12,6
TRX-RD-5657,2025-04-12,031-7501314-7,"Gabriel Ventura Vásquez","Santo Domingo (Piantini)","Clases Guiadas","VIP",925.00,2312.00,8,Activo,8,10
TRX-RD-5671,2025-04-12,037-7869598-5,"Kelvin Ventura García","Punta Cana (Bávaro)","Membresías","Premium",2690.00,1596.00,13,Activo,10,8
TRX-RD-5712,2025-04-12,002-2223394-2,"Johanny Martínez Reyes","Santo Domingo (Piantini)","Membresías","Premium",2690.00,1445.00,7,Activo,12,8
TRX-RD-5784,2025-04-12,037-6396478-4,"Miguel Marte Rosario","Punta Cana (Bávaro)","Membresías","Básica",1690.00,1489.00,7,Activo,8,8
TRX-RD-5520,2025-04-13,402-5436022-1,"Stephanie Marte Paulino","Santiago (Los Jardines)","Membresías","Básica",1690.00,1136.00,14,Activo,10,8
TRX-RD-5591,2025-04-13,097-7300350-5,"Laura Sánchez Martínez","Santiago (Los Jardines)","Membresías","Premium",2690.00,1594.00,10,Activo,9,9
TRX-RD-5599,2025-04-13,001-7943153-1,"Laura Martínez Reyes","Santo Domingo (Piantini)","Membresías","Básica",1690.00,1213.00,15,Activo,11,10
TRX-RD-5602,2025-04-13,001-0742516-7,"Luis Ventura Reyes","Santo Domingo Este (Zona Oriental)","Membresías","Básica",1690.00,1136.00,15,Activo,10,9
TRX-RD-5613,2025-04-13,037-8163497-1,"Carolina Marte Reyes","Santo Domingo (Piantini)","Tienda Deportiva","VIP",1295.00,2270.00,10,Activo,11,6
TRX-RD-5620,2025-04-13,011-2927458-3,"María Martínez Gómez","Santiago (Los Jardines)","Clases Guiadas","Básica",822.00,1067.00,5,Activo,6,8
TRX-RD-5633,2025-04-13,011-3552274-4,"Ramón Marte Morales","Santo Domingo (Piantini)","Clases Guiadas","Básica",691.00,1475.00,4,Activo,8,6
TRX-RD-5734,2025-04-13,002-7964571-7,"Yamilka Ventura Peña","Punta Cana (Bávaro)","Personal Trainer","Básica",1407.00,1430.00,11,Activo,12,8
TRX-RD-5738,2025-04-13,002-4145283-8,"Stephanie Martínez Rodríguez","Punta Cana (Bávaro)","Membresías","Básica",1690.00,1446.00,10,Activo,8,7
TRX-RD-5740,2025-04-13,031-8488242-5,"Emmanuel Reyes Guzmán","Santo Domingo Este (Zona Oriental)","Tienda Deportiva","Premium",1631.00,1538.00,7,Activo,12,8
TRX-RD-5754,2025-04-13,097-2127106-3,"Manuel Sánchez Rodríguez","Punta Cana (Bávaro)","Membresías","Básica",1690.00,1396.00,11,Activo,13,7
TRX-RD-5798,2025-04-13,031-7353529-9,"Patricia Sánchez Santana","Santiago (Los Jardines)","Membresías","Básica",1690.00,1184.00,9,Activo,15,10
TRX-RD-5803,2025-04-13,031-0627540-1,"María Morales Guzmán","Punta Cana (Bávaro)","Membresías","Básica",1690.00,1201.00,14,Activo,11,7
TRX-RD-5806,2025-04-13,031-5780704-5,"Joan Guzmán Rodríguez","Punta Cana (Bávaro)","Clases Guiadas","VIP",985.00,2509.00,13,Activo,11,10
TRX-RD-5564,2025-04-14,011-6895563-9,"Kelvin Rodríguez Gómez","Santo Domingo Este (Zona Oriental)","Membresías","Básica",1690.00,1157.00,12,Activo,14,8
TRX-RD-5618,2025-04-14,011-2927458-3,"María Martínez Gómez","Santiago (Los Jardines)","Membresías","Básica",1690.00,1067.00,5,Activo,6,8
TRX-RD-5648,2025-04-14,097-6771051-1,"Nicole Cruz Morales","Santo Domingo (Piantini)","Membresías","Premium",2690.00,1626.00,11,Activo,6,7
TRX-RD-5678,2025-04-14,402-0475896-1,"Carolina Reyes Rosario","Santo Domingo (Piantini)","Membresías","Premium",2690.00,1762.00,12,Activo,11,9
TRX-RD-5782,2025-04-14,031-3955124-0,"Luis Pérez Vásquez","Santo Domingo (Piantini)","Membresías","Básica",1690.00,1130.00,9,Activo,7,10
TRX-RD-5790,2025-04-14,031-7537326-9,"Johanny Guzmán Pérez","Santo Domingo (Piantini)","Membresías","Premium",2690.00,1736.00,9,Activo,6,8
TRX-RD-5624,2025-04-15,001-2220302-9,"Ana Martínez Santana","Punta Cana (Bávaro)","Membresías","Básica",1690.00,1409.00,11,Activo,10,8
TRX-RD-5636,2025-04-15,001-6416894-0,"Gabriel Guzmán Castillo","Punta Cana (Bávaro)","Personal Trainer","Básica",1431.00,1018.00,9,Activo,8,8
TRX-RD-5638,2025-04-15,002-9235870-2,"Juan Castillo Cruz","Punta Cana (Bávaro)","Membresías","VIP",4890.00,2478.00,10,Activo,14,9
TRX-RD-5731,2025-04-15,402-8278172-9,"Altagracia Marte Jiménez","Punta Cana (Bávaro)","Membresías","Básica",1690.00,1135.00,5,Activo,9,8
TRX-RD-5741,2025-04-15,031-8639038-5,"Manuel Cruz Santana","Santiago (Los Jardines)","Membresías","Premium",2690.00,1556.00,10,Activo,7,7
TRX-RD-5822,2025-04-15,002-6485922-4,"Carlos Sánchez García","Santiago (Los Jardines)","Membresías","Premium",2690.00,1669.00,8,Activo,15,8
TRX-RD-5511,2025-04-16,037-9546737-6,"Stephanie Reyes Gómez","Punta Cana (Bávaro)","Membresías","Básica",1690.00,1340.00,7,Activo,16,8
TRX-RD-5533,2025-04-16,097-0737044-2,"Ana Rodríguez Paulino","Santo Domingo (Piantini)","Membresías","Premium",2690.00,1636.00,12,Activo,11,8
TRX-RD-5557,2025-04-16,001-9939436-2,"Pedro Rosario Sánchez","Santo Domingo Este (Zona Oriental)","Membresías","Básica",1690.00,1328.00,12,Activo,15,8
TRX-RD-5577,2025-04-16,097-4883894-4,"Stephanie Vásquez Guzmán","Santiago (Los Jardines)","Membresías","Básica",1690.00,1041.00,8,Activo,13,7
TRX-RD-5592,2025-04-16,031-1102942-1,"Miguel Sánchez Sánchez","Santo Domingo (Piantini)","Membresías","Básica",1690.00,1329.00,19,Activo,11,8
TRX-RD-5601,2025-04-16,097-5512692-8,"Juan Reyes Gómez","Santo Domingo Este (Zona Oriental)","Membresías","Básica",1690.00,1195.00,7,Activo,5,9
TRX-RD-5623,2025-04-16,031-1824879-2,"Pedro Cruz Ventura","Santiago (Los Jardines)","Clases Guiadas","VIP",979.00,2532.00,6,Activo,13,8
TRX-RD-5641,2025-04-16,031-8363385-2,"Nicole Reyes Vásquez","Santiago (Los Jardines)","Personal Trainer","Básica",1463.00,1343.00,14,Activo,12,6
TRX-RD-5664,2025-04-16,002-3548885-5,"Miguel Vásquez Cruz","Punta Cana (Bávaro)","Personal Trainer","Básica",1782.00,1131.00,4,Activo,12,7
TRX-RD-5675,2025-04-16,402-2286782-8,"Patricia Sánchez Sánchez","Santiago (Los Jardines)","Membresías","Premium",2690.00,1526.00,5,Activo,9,8
TRX-RD-5744,2025-04-16,011-7170800-9,"Emmanuel Paulino Rosario","Santo Domingo Este (Zona Oriental)","Membresías","Básica",1690.00,1290.00,6,Activo,9,7
TRX-RD-5747,2025-04-16,002-3335454-7,"Manuel Rodríguez Reyes","Santo Domingo Este (Zona Oriental)","Membresías","Básica",1690.00,1007.00,10,Activo,14,8
TRX-RD-5808,2025-04-16,402-5274340-2,"Altagracia Morales Sánchez","Santiago (Los Jardines)","Personal Trainer","Premium",1653.00,1875.00,9,Activo,15,7
TRX-RD-5562,2025-04-17,037-9879283-8,"Carmen Morales Cruz","Santo Domingo (Piantini)","Membresías","Básica",1690.00,1237.00,10,Activo,15,8
TRX-RD-5594,2025-04-17,031-1282880-5,"María Martínez Peña","Santiago (Los Jardines)","Membresías","Premium",2690.00,1493.00,7,Activo,12,9
TRX-RD-5607,2025-04-17,001-5524767-9,"Ramón Jiménez Vásquez","Santo Domingo Este (Zona Oriental)","Clases Guiadas","Básica",603.00,1201.00,7,Activo,18,8
TRX-RD-5659,2025-04-17,037-6310867-1,"Carlos Gómez Gómez","Santo Domingo Este (Zona Oriental)","Membresías","Básica",1690.00,1314.00,8,Activo,7,8
TRX-RD-5755,2025-04-17,097-2127106-3,"Manuel Sánchez Rodríguez","Punta Cana (Bávaro)","Clases Guiadas","Básica",1080.00,1396.00,11,Activo,13,7
TRX-RD-5763,2025-04-17,037-4151451-1,"María Díaz Cruz","Punta Cana (Bávaro)","Clases Guiadas","Premium",934.00,1686.00,9,Activo,11,8
TRX-RD-5765,2025-04-17,097-4377382-3,"Kelvin Marte Santana","Santo Domingo (Piantini)","Clases Guiadas","Premium",1147.00,1336.00,6,Activo,11,9
TRX-RD-5836,2025-04-17,011-2784457-7,"Kelvin Jiménez Gómez","Santiago (Los Jardines)","Personal Trainer","Básica",1350.00,1191.00,17,Activo,8,6
TRX-RD-5843,2025-04-17,037-3006683-8,"Carmen Peña Peña","Punta Cana (Bávaro)","Clases Guiadas","Básica",1020.00,1406.00,10,Activo,14,6
TRX-RD-5549,2025-04-18,011-1339381-1,"Juan Castillo Morales","Santo Domingo (Piantini)","Membresías","Básica",1690.00,1261.00,8,Activo,7,9
TRX-RD-5581,2025-04-18,031-7139591-0,"Rafael Sánchez Paulino","Santo Domingo Este (Zona Oriental)","Personal Trainer","Básica",1308.00,1135.00,11,Activo,15,7
TRX-RD-5608,2025-04-18,031-3115349-0,"Gabriel Gómez Guzmán","Punta Cana (Bávaro)","Membresías","Premium",2690.00,1509.00,6,Activo,9,9
TRX-RD-5614,2025-04-18,011-8589574-3,"Carlos Guzmán Sánchez","Punta Cana (Bávaro)","Membresías","VIP",4890.00,2413.00,8,Activo,8,8
TRX-RD-5632,2025-04-18,011-3552274-4,"Ramón Marte Morales","Santo Domingo (Piantini)","Membresías","Básica",1690.00,1475.00,4,Activo,8,6
TRX-RD-5643,2025-04-18,002-6000131-8,"María Jiménez Santana","Puerto Plata Club","Membresías","Premium",2690.00,1598.00,10,Activo,10,7
TRX-RD-5677,2025-04-18,402-2286782-8,"Patricia Sánchez Sánchez","Santiago (Los Jardines)","Tienda Deportiva","Premium",1526.00,1526.00,5,Activo,9,8
TRX-RD-5761,2025-04-18,097-9758518-0,"Carmen Jiménez Jiménez","Santo Domingo (Piantini)","Membresías","Premium",2690.00,1735.00,6,Activo,11,8
TRX-RD-5532,2025-04-19,097-7920909-8,"Ana García Santana","Santo Domingo Este (Zona Oriental)","Membresías","Básica",1690.00,1411.00,10,Activo,13,8
TRX-RD-5537,2025-04-19,011-4381267-3,"Carlos Reyes Sánchez","Santo Domingo Este (Zona Oriental)","Personal Trainer","Premium",1768.00,1600.00,6,Activo,7,8
TRX-RD-5587,2025-04-19,402-4369425-0,"Altagracia Cruz Martínez","Santiago (Los Jardines)","Membresías","Básica",1690.00,1427.00,13,Activo,8,8
TRX-RD-5655,2025-04-19,402-1618967-6,"Carlos Paulino Guzmán","Punta Cana (Bávaro)","Membresías","Básica",1690.00,1128.00,10,Activo,13,7
TRX-RD-5672,2025-04-19,037-7869598-5,"Kelvin Ventura García","Punta Cana (Bávaro)","Personal Trainer","Premium",1442.00,1596.00,13,Activo,10,8
TRX-RD-5700,2025-04-19,031-3415573-2,"Kelvin Rosario Díaz","Santo Domingo (Piantini)","Personal Trainer","Premium",1795.00,1705.00,7,Activo,9,9
TRX-RD-5704,2025-04-19,001-2207218-4,"Luisa Marte Vásquez","Santo Domingo Este (Zona Oriental)","Membresías","VIP",4890.00,2660.00,9,Activo,10,8
TRX-RD-5708,2025-04-19,002-5305764-0,"Patricia Castillo Santana","Punta Cana (Bávaro)","Membresías","Básica",1690.00,1329.00,9,Activo,3,8
TRX-RD-5723,2025-04-19,011-7999624-2,"Rafael Rosario Martínez","Puerto Plata Club","Membresías","Premium",2690.00,1879.00,5,Activo,10,7
TRX-RD-5768,2025-04-19,037-0534406-1,"Yudelka Guzmán Martínez","Punta Cana (Bávaro)","Membresías","Premium",2690.00,1985.00,9,Activo,6,9
TRX-RD-5776,2025-04-19,402-0044725-4,"Nicole Rosario Castillo","Santo Domingo (Piantini)","Membresías","VIP",4890.00,2318.00,9,Activo,15,7
TRX-RD-5786,2025-04-19,037-6396478-4,"Miguel Marte Rosario","Punta Cana (Bávaro)","Clases Guiadas","Básica",992.00,1489.00,7,Activo,8,8
TRX-RD-5828,2025-04-19,402-8956547-1,"Luis Cruz Gómez","Punta Cana (Bávaro)","Membresías","VIP",4890.00,2558.00,11,Activo,10,7
TRX-RD-5835,2025-04-19,011-2784457-7,"Kelvin Jiménez Gómez","Santiago (Los Jardines)","Membresías","Básica",1690.00,1191.00,17,Activo,8,6
TRX-RD-5842,2025-04-19,037-3006683-8,"Carmen Peña Peña","Punta Cana (Bávaro)","Membresías","Básica",1690.00,1406.00,10,Activo,14,6
TRX-RD-5515,2025-04-20,002-1793907-3,"Genesis Jiménez Morales","Puerto Plata Club","Membresías","VIP",4890.00,2188.00,8,Activo,12,8
TRX-RD-5590,2025-04-20,031-3445475-4,"Luis Rodríguez Morales","Punta Cana (Bávaro)","Personal Trainer","Premium",1619.00,1471.00,14,Activo,6,8
TRX-RD-5593,2025-04-20,031-1102942-1,"Miguel Sánchez Sánchez","Santo Domingo (Piantini)","Personal Trainer","Básica",1652.00,1329.00,19,Activo,11,8
TRX-RD-5619,2025-04-20,011-2927458-3,"María Martínez Gómez","Santiago (Los Jardines)","Personal Trainer","Básica",1993.00,1067.00,5,Activo,6,8
TRX-RD-5621,2025-04-20,097-9949127-0,"Francisco Santana Peña","Santo Domingo (Piantini)","Membresías","VIP",4890.00,2523.00,15,Activo,14,7
TRX-RD-5644,2025-04-20,002-6000131-8,"María Jiménez Santana","Puerto Plata Club","Tienda Deportiva","Premium",1909.00,1598.00,10,Activo,10,7
TRX-RD-5663,2025-04-20,002-3548885-5,"Miguel Vásquez Cruz","Punta Cana (Bávaro)","Membresías","Básica",1690.00,1131.00,4,Activo,12,7
TRX-RD-5676,2025-04-20,402-2286782-8,"Patricia Sánchez Sánchez","Santiago (Los Jardines)","Personal Trainer","Premium",1270.00,1526.00,5,Activo,9,8
TRX-RD-5703,2025-04-20,011-4453841-8,"Manuel Morales Paulino","Puerto Plata Club","Membresías","Básica",1690.00,1143.00,10,Activo,14,8
TRX-RD-5713,2025-04-20,002-2223394-2,"Johanny Martínez Reyes","Santo Domingo (Piantini)","Personal Trainer","Premium",1679.00,1445.00,7,Activo,12,8
TRX-RD-5718,2025-04-20,402-2255694-2,"Johanny Rosario Pérez","Punta Cana (Bávaro)","Tienda Deportiva","Premium",1654.00,1944.00,7,Activo,4,8
TRX-RD-5721,2025-04-20,002-3232256-0,"Patricia Santana Morales","Santo Domingo (Piantini)","Tienda Deportiva","Básica",1811.00,1098.00,11,Activo,8,7
TRX-RD-5722,2025-04-20,031-5457306-1,"Carlos Paulino Marte","Punta Cana (Bávaro)","Membresías","Básica",1690.00,1200.00,15,Activo,10,7
TRX-RD-5736,2025-04-20,011-0095220-7,"Nicole Pérez Cruz","Santo Domingo (Piantini)","Clases Guiadas","Básica",1014.00,1178.00,6,Activo,12,5
TRX-RD-5773,2025-04-20,037-6256257-1,"Ramón Díaz Jiménez","Santo Domingo Este (Zona Oriental)","Membresías","Básica",1690.00,1342.00,8,Activo,11,7
TRX-RD-5809,2025-04-20,037-7679995-3,"Juan Gómez Rodríguez","Punta Cana (Bávaro)","Membresías","Básica",1690.00,924.00,10,Activo,8,8
TRX-RD-5815,2025-04-20,001-5706299-3,"Carmen Rosario Pérez","Santo Domingo Este (Zona Oriental)","Clases Guiadas","Básica",928.00,1294.00,7,Activo,13,7
TRX-RD-5826,2025-04-20,011-7533243-4,"Kelvin Ventura Sánchez","Santiago (Los Jardines)","Clases Guiadas","Premium",916.00,1646.00,16,Activo,10,8
TRX-RD-5829,2025-04-20,402-8956547-1,"Luis Cruz Gómez","Punta Cana (Bávaro)","Clases Guiadas","VIP",1058.00,2558.00,11,Activo,10,7
TRX-RD-5509,2025-04-21,031-4201189-3,"Alejandro Díaz Castillo","Santo Domingo (Piantini)","Membresías","Básica",1690.00,949.00,11,Activo,10,8
TRX-RD-5527,2025-04-21,001-6183166-4,"Carlos Rosario Martínez","Santiago (Los Jardines)","Clases Guiadas","Básica",919.00,1100.00,5,Activo,14,8
TRX-RD-5538,2025-04-21,097-6529660-4,"Johanny Pérez García","Santo Domingo Este (Zona Oriental)","Membresías","Básica",1690.00,1226.00,4,Activo,14,10
TRX-RD-5544,2025-04-21,011-9793610-5,"Luisa García Morales","Santo Domingo (Piantini)","Personal Trainer","VIP",1502.00,2433.00,12,Activo,10,9
TRX-RD-5584,2025-04-21,001-7971463-9,"Luisa Peña Díaz","Punta Cana (Bávaro)","Membresías","VIP",4890.00,2491.00,11,Activo,10,8
TRX-RD-5605,2025-04-21,011-7856238-3,"Gabriel Marte Sánchez","Santo Domingo (Piantini)","Personal Trainer","Básica",1465.00,1325.00,8,Activo,12,8
TRX-RD-5661,2025-04-21,402-7419040-0,"Manuel Morales Martínez","Santiago (Los Jardines)","Membresías","VIP",4890.00,2232.00,14,Activo,11,9
TRX-RD-5668,2025-04-21,002-2155877-8,"Genesis Jiménez García","Santiago (Los Jardines)","Membresías","Premium",2690.00,1357.00,13,Activo,7,8
TRX-RD-5711,2025-04-21,031-0389221-6,"Laura Reyes Marte","Santo Domingo (Piantini)","Personal Trainer","Premium",1886.00,1788.00,9,Activo,15,7
TRX-RD-5717,2025-04-21,402-2255694-2,"Johanny Rosario Pérez","Punta Cana (Bávaro)","Clases Guiadas","Premium",997.00,1944.00,7,Activo,4,8
TRX-RD-5758,2025-04-21,031-8208335-6,"María Gómez Guzmán","Santiago (Los Jardines)","Membresías","Premium",2690.00,1664.00,4,Activo,10,8
TRX-RD-5766,2025-04-21,402-6167615-5,"María Gómez Marte","Puerto Plata Club","Membresías","Premium",2690.00,1749.00,7,Activo,15,9
TRX-RD-5807,2025-04-21,402-5274340-2,"Altagracia Morales Sánchez","Santiago (Los Jardines)","Membresías","Premium",2690.00,1875.00,9,Activo,15,7
TRX-RD-5528,2025-04-22,011-9439820-0,"Ramón Guzmán Reyes","Santo Domingo (Piantini)","Membresías","Premium",2690.00,1665.00,9,Activo,15,9
TRX-RD-5535,2025-04-22,031-1919018-3,"Patricia Rodríguez Pérez","Santiago (Los Jardines)","Clases Guiadas","VIP",688.00,2539.00,11,Activo,13,7
TRX-RD-5546,2025-04-22,002-5922083-8,"Laura Morales Rosario","Punta Cana (Bávaro)","Clases Guiadas","Premium",1179.00,1704.00,9,Activo,6,7
TRX-RD-5574,2025-04-22,001-4914206-9,"Gabriel Díaz Reyes","Santiago (Los Jardines)","Personal Trainer","Premium",1673.00,1504.00,15,Activo,6,10
TRX-RD-5597,2025-04-22,402-9032230-0,"Pedro Morales García","Punta Cana (Bávaro)","Membresías","Básica",1690.00,1224.00,9,Activo,15,8
TRX-RD-5681,2025-04-22,011-9824525-8,"José Sánchez Marte","Santo Domingo (Piantini)","Tienda Deportiva","Premium",1870.00,1765.00,11,Activo,9,7
TRX-RD-5692,2025-04-22,001-7825008-0,"Emmanuel Marte Gómez","Santiago (Los Jardines)","Membresías","Premium",2690.00,1831.00,4,Activo,12,9
TRX-RD-5709,2025-04-22,002-5305764-0,"Patricia Castillo Santana","Punta Cana (Bávaro)","Tienda Deportiva","Básica",1660.00,1329.00,9,Activo,3,8
TRX-RD-5716,2025-04-22,402-2255694-2,"Johanny Rosario Pérez","Punta Cana (Bávaro)","Personal Trainer","Premium",1520.00,1944.00,7,Activo,4,8
TRX-RD-5746,2025-04-22,037-8606750-8,"Miguel Peña Vásquez","Punta Cana (Bávaro)","Membresías","Premium",2690.00,1553.00,9,Activo,9,7
TRX-RD-5793,2025-04-22,031-3458161-4,"Juan García Martínez","Santiago (Los Jardines)","Clases Guiadas","Básica",882.00,1407.00,7,Activo,13,6
TRX-RD-5814,2025-04-22,001-5706299-3,"Carmen Rosario Pérez","Santo Domingo Este (Zona Oriental)","Membresías","Básica",1690.00,1294.00,7,Activo,13,7
TRX-RD-5830,2025-04-22,402-2143151-9,"Rosa Sánchez Sánchez","Puerto Plata Club","Membresías","Básica",1690.00,1418.00,13,Activo,13,6
TRX-RD-5840,2025-04-22,011-5398339-8,"Rafael Paulino Jiménez","Santo Domingo Este (Zona Oriental)","Membresías","Básica",1690.00,1136.00,10,Activo,14,8
TRX-RD-5510,2025-04-23,037-1550315-1,"Miguel Ventura Rodríguez","Punta Cana (Bávaro)","Membresías","Premium",2690.00,1579.00,8,Activo,6,9
TRX-RD-5514,2025-04-23,002-6588410-6,"Laura Díaz Díaz","Santo Domingo Este (Zona Oriental)","Membresías","Premium",2690.00,1880.00,6,Activo,11,8
TRX-RD-5536,2025-04-23,011-4381267-3,"Carlos Reyes Sánchez","Santo Domingo Este (Zona Oriental)","Membresías","Premium",2690.00,1600.00,6,Activo,7,8
TRX-RD-5548,2025-04-23,097-7202263-9,"Altagracia García Rodríguez","Santiago (Los Jardines)","Clases Guiadas","VIP",997.00,2445.00,7,Activo,10,9
TRX-RD-5750,2025-04-23,002-6259335-3,"Emmanuel Guzmán Rosario","Santo Domingo Este (Zona Oriental)","Clases Guiadas","Premium",801.00,2156.00,16,Activo,12,6
TRX-RD-5770,2025-04-23,402-2759002-9,"Carmen Gómez Castillo","Santo Domingo (Piantini)","Membresías","Premium",2690.00,1966.00,8,Activo,10,7
TRX-RD-5774,2025-04-23,037-6256257-1,"Ramón Díaz Jiménez","Santo Domingo Este (Zona Oriental)","Personal Trainer","Básica",1504.00,1342.00,8,Activo,11,7
TRX-RD-5779,2025-04-23,402-6753909-2,"Rosa Gómez Ventura","Santo Domingo Este (Zona Oriental)","Tienda Deportiva","Básica",1847.00,1429.00,8,Activo,13,9
TRX-RD-5804,2025-04-23,037-6341494-7,"Juan Guzmán García","Santiago (Los Jardines)","Membresías","Básica",1690.00,1478.00,8,Activo,13,8
TRX-RD-5525,2025-04-24,402-1899446-1,"Yamilka Castillo Pérez","Punta Cana (Bávaro)","Membresías","Básica",1690.00,1110.00,7,Activo,8,7
TRX-RD-5529,2025-04-24,097-5613607-4,"Miguel Díaz Cruz","Punta Cana (Bávaro)","Membresías","Básica",1690.00,1355.00,14,Activo,11,8
TRX-RD-5545,2025-04-24,002-5922083-8,"Laura Morales Rosario","Punta Cana (Bávaro)","Membresías","Premium",2690.00,1704.00,9,Activo,6,7
TRX-RD-5551,2025-04-24,011-8606403-4,"Rafael Paulino Gómez","Punta Cana (Bávaro)","Membresías","Básica",1690.00,1076.00,14,Activo,12,9
TRX-RD-5622,2025-04-24,031-1824879-2,"Pedro Cruz Ventura","Santiago (Los Jardines)","Membresías","VIP",4890.00,2532.00,6,Activo,13,8
TRX-RD-5626,2025-04-24,031-8246707-0,"Alejandro Marte Morales","Puerto Plata Club","Personal Trainer","VIP",1491.00,2388.00,11,Activo,10,9
TRX-RD-5635,2025-04-24,001-6416894-0,"Gabriel Guzmán Castillo","Punta Cana (Bávaro)","Membresías","Básica",1690.00,1018.00,9,Activo,8,8
TRX-RD-5645,2025-04-24,011-6072118-7,"Stephanie Cruz Sánchez","Santiago (Los Jardines)","Membresías","Básica",1690.00,1288.00,6,Activo,9,9
TRX-RD-5688,2025-04-24,097-2331703-9,"María Jiménez Martínez","Santiago (Los Jardines)","Membresías","Básica",1690.00,1256.00,9,Activo,14,7
TRX-RD-5714,2025-04-24,002-2223394-2,"Johanny Martínez Reyes","Santo Domingo (Piantini)","Clases Guiadas","Premium",965.00,1445.00,7,Activo,12,8
TRX-RD-5778,2025-04-24,402-6753909-2,"Rosa Gómez Ventura","Santo Domingo Este (Zona Oriental)","Membresías","Básica",1690.00,1429.00,8,Activo,13,9
TRX-RD-5783,2025-04-24,002-7118342-8,"Alejandro Paulino Ventura","Puerto Plata Club","Membresías","Básica",1690.00,1198.00,12,Activo,10,8
TRX-RD-5795,2025-04-24,097-8097227-0,"Miguel Ventura Martínez","Santiago (Los Jardines)","Membresías","VIP",4890.00,2387.00,10,Activo,14,6
TRX-RD-5820,2025-04-24,097-8381334-9,"Carmen Rosario Ventura","Puerto Plata Club","Membresías","Premium",2690.00,1763.00,12,Activo,9,9
TRX-RD-5825,2025-04-24,011-7533243-4,"Kelvin Ventura Sánchez","Santiago (Los Jardines)","Membresías","Premium",2690.00,1646.00,16,Activo,10,8
TRX-RD-5540,2025-04-25,037-5764630-6,"Yamilka Sánchez Sánchez","Santiago (Los Jardines)","Membresías","VIP",4890.00,2364.00,17,Activo,13,8
TRX-RD-5552,2025-04-25,011-8606403-4,"Rafael Paulino Gómez","Punta Cana (Bávaro)","Tienda Deportiva","Básica",1624.00,1076.00,14,Activo,12,9
TRX-RD-5555,2025-04-25,001-3041013-7,"Juan Ventura García","Punta Cana (Bávaro)","Membresías","Premium",2690.00,1565.00,6,Activo,13,9
TRX-RD-5615,2025-04-25,011-8589574-3,"Carlos Guzmán Sánchez","Punta Cana (Bávaro)","Personal Trainer","VIP",1726.00,2413.00,8,Activo,8,8
TRX-RD-5631,2025-04-25,097-5033409-7,"Rafael Santana Reyes","Santo Domingo (Piantini)","Membresías","Básica",1690.00,1108.00,7,Activo,15,8
TRX-RD-5658,2025-04-25,002-0478549-7,"Luis Guzmán Díaz","Santo Domingo Este (Zona Oriental)","Membresías","VIP",4890.00,2524.00,10,Activo,9,8
TRX-RD-5660,2025-04-25,037-6310867-1,"Carlos Gómez Gómez","Santo Domingo Este (Zona Oriental)","Clases Guiadas","Básica",1014.00,1314.00,8,Activo,7,8
TRX-RD-5683,2025-04-25,001-6928831-3,"Laura Guzmán Santana","Santo Domingo (Piantini)","Membresías","Premium",2690.00,1783.00,8,Activo,12,9
TRX-RD-5690,2025-04-25,037-1474012-7,"Pedro Gómez Jiménez","Puerto Plata Club","Membresías","Básica",1690.00,1647.00,7,Activo,6,8
TRX-RD-5725,2025-04-25,031-3994908-9,"Genesis Martínez Pérez","Santo Domingo (Piantini)","Membresías","VIP",4890.00,2456.00,12,Activo,14,7
TRX-RD-5732,2025-04-25,402-8278172-9,"Altagracia Marte Jiménez","Punta Cana (Bávaro)","Tienda Deportiva","Básica",1916.00,1135.00,5,Activo,9,8
TRX-RD-5737,2025-04-25,097-5388169-8,"Ana Sánchez García","Puerto Plata Club","Membresías","Premium",2690.00,1566.00,4,Activo,13,7
TRX-RD-5805,2025-04-25,031-5780704-5,"Joan Guzmán Rodríguez","Punta Cana (Bávaro)","Membresías","VIP",4890.00,2509.00,13,Activo,11,10
TRX-RD-5833,2025-04-25,031-1342744-1,"Patricia Pérez Díaz","Puerto Plata Club","Membresías","Básica",1690.00,1141.00,11,Activo,7,7
TRX-RD-5524,2025-04-26,002-7517997-6,"Yamilka Guzmán Santana","Santiago (Los Jardines)","Personal Trainer","VIP",1649.00,2635.00,9,Activo,5,9
TRX-RD-5563,2025-04-26,402-0968845-2,"María Santana Sánchez","Santiago (Los Jardines)","Membresías","Básica",1690.00,998.00,8,Activo,9,7
TRX-RD-5573,2025-04-26,001-4914206-9,"Gabriel Díaz Reyes","Santiago (Los Jardines)","Membresías","Premium",2690.00,1504.00,15,Activo,6,10
TRX-RD-5583,2025-04-26,031-8069871-8,"Miguel Martínez Cruz","Santo Domingo Este (Zona Oriental)","Tienda Deportiva","Básica",1216.00,1173.00,12,Activo,9,9
TRX-RD-5647,2025-04-26,011-6072118-7,"Stephanie Cruz Sánchez","Santiago (Los Jardines)","Clases Guiadas","Básica",951.00,1288.00,6,Activo,9,9
TRX-RD-5651,2025-04-26,097-0213742-4,"Kelvin Castillo Díaz","Santiago (Los Jardines)","Membresías","Básica",1690.00,1434.00,14,Activo,11,8
TRX-RD-5719,2025-04-26,011-9218691-2,"Ramón Santana Gómez","Santiago (Los Jardines)","Membresías","Premium",2690.00,1586.00,11,Activo,8,8
TRX-RD-5728,2025-04-26,097-7852937-1,"Rafael Rosario Guzmán","Punta Cana (Bávaro)","Membresías","Básica",1690.00,1344.00,8,Activo,10,10
TRX-RD-5748,2025-04-26,002-3335454-7,"Manuel Rodríguez Reyes","Santo Domingo Este (Zona Oriental)","Tienda Deportiva","Básica",1845.00,1007.00,10,Activo,14,8
TRX-RD-5791,2025-04-26,097-3249981-0,"Manuel Reyes Rosario","Puerto Plata Club","Membresías","Básica",1690.00,1486.00,10,Activo,6,7
TRX-RD-5513,2025-04-27,037-9546737-6,"Stephanie Reyes Gómez","Punta Cana (Bávaro)","Tienda Deportiva","Básica",1879.00,1340.00,7,Activo,16,8
TRX-RD-5521,2025-04-27,402-4917674-0,"Yamilka García Morales","Punta Cana (Bávaro)","Membresías","VIP",4890.00,2476.00,10,Activo,4,8
TRX-RD-5539,2025-04-27,097-6529660-4,"Johanny Pérez García","Santo Domingo Este (Zona Oriental)","Tienda Deportiva","Básica",1577.00,1226.00,4,Activo,14,10
TRX-RD-5571,2025-04-27,002-0039098-7,"Alejandro Rodríguez Castillo","Punta Cana (Bávaro)","Clases Guiadas","Premium",673.00,1582.00,10,Activo,10,8
TRX-RD-5582,2025-04-27,031-8069871-8,"Miguel Martínez Cruz","Santo Domingo Este (Zona Oriental)","Membresías","Básica",1690.00,1173.00,12,Activo,9,9
TRX-RD-5687,2025-04-27,402-0772858-1,"Rosa Ventura Jiménez","Puerto Plata Club","Membresías","VIP",4890.00,2382.00,8,Activo,10,8
TRX-RD-5694,2025-04-27,402-3202685-2,"Genesis Jiménez Ventura","Santo Domingo (Piantini)","Membresías","Premium",2690.00,1779.00,8,Activo,11,8
TRX-RD-5824,2025-04-27,011-4532392-7,"Gabriel Marte Vásquez","Santo Domingo Este (Zona Oriental)","Membresías","Premium",2690.00,1474.00,14,Activo,11,8
TRX-RD-5841,2025-04-27,011-5398339-8,"Rafael Paulino Jiménez","Santo Domingo Este (Zona Oriental)","Personal Trainer","Básica",1581.00,1136.00,10,Activo,14,8
TRX-RD-5550,2025-04-28,031-9385468-8,"Manuel Marte Vásquez","Santo Domingo Este (Zona Oriental)","Membresías","Básica",1690.00,1318.00,8,Activo,14,10
TRX-RD-5556,2025-04-28,097-1176412-7,"Gabriel Jiménez Sánchez","Santo Domingo (Piantini)","Membresías","Premium",2690.00,1963.00,8,Activo,12,7
TRX-RD-5566,2025-04-28,011-0658246-1,"Manuel Jiménez Rosario","Puerto Plata Club","Membresías","Premium",2690.00,1298.00,12,Activo,14,7
TRX-RD-5568,2025-04-28,011-7673531-2,"Luis Jiménez Santana","Punta Cana (Bávaro)","Membresías","Premium",2690.00,1534.00,16,Activo,10,7
TRX-RD-5604,2025-04-28,011-7856238-3,"Gabriel Marte Sánchez","Santo Domingo (Piantini)","Membresías","Básica",1690.00,1325.00,8,Activo,12,8
TRX-RD-5617,2025-04-28,011-3806746-5,"Genesis Jiménez García","Punta Cana (Bávaro)","Clases Guiadas","Premium",833.00,1605.00,5,Activo,13,6
TRX-RD-5637,2025-04-28,002-3932879-2,"Juan Peña Ventura","Santo Domingo Este (Zona Oriental)","Membresías","Básica",1690.00,1100.00,8,Activo,13,6
TRX-RD-5649,2025-04-28,001-0419364-4,"Ramón Jiménez Santana","Santo Domingo (Piantini)","Membresías","Básica",1690.00,1238.00,12,Activo,10,8
TRX-RD-5691,2025-04-28,037-1474012-7,"Pedro Gómez Jiménez","Puerto Plata Club","Personal Trainer","Básica",1462.00,1647.00,7,Activo,6,8
TRX-RD-5720,2025-04-28,002-3232256-0,"Patricia Santana Morales","Santo Domingo (Piantini)","Membresías","Básica",1690.00,1098.00,11,Activo,8,7
TRX-RD-5727,2025-04-28,031-3994908-9,"Genesis Martínez Pérez","Santo Domingo (Piantini)","Tienda Deportiva","VIP",1828.00,2456.00,12,Activo,14,7
TRX-RD-5821,2025-04-28,097-8381334-9,"Carmen Rosario Ventura","Puerto Plata Club","Personal Trainer","Premium",1398.00,1763.00,12,Activo,9,9
TRX-RD-5869,2025-05-01,402-1899446-1,"Yamilka Castillo Pérez","Punta Cana (Bávaro)","Personal Trainer","Básica",1468.00,1110.00,7,Activo,4,8
TRX-RD-5880,2025-05-01,097-0737044-2,"Ana Rodríguez Paulino","Santo Domingo (Piantini)","Personal Trainer","Premium",1358.00,1636.00,12,Activo,19,7
TRX-RD-5893,2025-05-01,402-9497962-6,"Juan Sánchez Ventura","Santo Domingo Este (Zona Oriental)","Membresías","Premium",2690.00,1775.00,11,Activo,7,7
TRX-RD-5899,2025-05-01,037-2758457-9,"José Cruz Vásquez","Santo Domingo Este (Zona Oriental)","Membresías","Premium",2690.00,1678.00,12,Activo,10,9
TRX-RD-5908,2025-05-01,402-6347891-5,"Ramón Martínez Morales","Punta Cana (Bávaro)","Membresías","Básica",1690.00,1268.00,11,Activo,11,7
TRX-RD-5924,2025-05-01,011-0658246-1,"Manuel Jiménez Rosario","Puerto Plata Club","Membresías","Premium",2690.00,1298.00,12,Activo,11,8
TRX-RD-5926,2025-05-01,402-2735504-3,"Ramón Marte Sánchez","Santiago (Los Jardines)","Membresías","Premium",2690.00,1446.00,12,Activo,13,7
TRX-RD-5948,2025-05-01,402-4369425-0,"Altagracia Cruz Martínez","Santiago (Los Jardines)","Membresías","Básica",1690.00,1427.00,13,Activo,13,7
TRX-RD-5958,2025-05-01,031-1102942-1,"Miguel Sánchez Sánchez","Santo Domingo (Piantini)","Personal Trainer","Básica",1657.00,1329.00,19,Activo,12,7
TRX-RD-5982,2025-05-01,031-6851654-4,"José Rosario Pérez","Santo Domingo Este (Zona Oriental)","Tienda Deportiva","Básica",1215.00,1363.00,7,Activo,11,9
TRX-RD-5993,2025-05-01,031-1824879-2,"Pedro Cruz Ventura","Santiago (Los Jardines)","Clases Guiadas","VIP",1079.00,2532.00,6,Activo,16,8
TRX-RD-6017,2025-05-01,402-4204423-4,"Ramón Guzmán Paulino","Santiago (Los Jardines)","Personal Trainer","Básica",1515.00,1178.00,9,Activo,4,9
TRX-RD-6038,2025-05-01,002-0919408-3,"Laura Cruz Gómez","Santiago (Los Jardines)","Personal Trainer","Básica",1110.00,1307.00,13,Activo,17,7
TRX-RD-6043,2025-05-01,402-0475896-1,"Carolina Reyes Rosario","Santo Domingo (Piantini)","Membresías","Premium",2690.00,1762.00,12,Activo,14,10
TRX-RD-6051,2025-05-01,402-0772858-1,"Rosa Ventura Jiménez","Puerto Plata Club","Membresías","VIP",4890.00,2382.00,8,Activo,9,7
TRX-RD-6095,2025-05-01,402-8278172-9,"Altagracia Marte Jiménez","Punta Cana (Bávaro)","Personal Trainer","Básica",1605.00,1135.00,5,Activo,12,7
TRX-RD-6101,2025-05-01,097-2566732-4,"Johanny Castillo Reyes","Santo Domingo Este (Zona Oriental)","Membresías","Básica",1690.00,1137.00,7,Activo,10,10
TRX-RD-6164,2025-05-01,002-7118342-8,"Alejandro Paulino Ventura","Puerto Plata Club","Membresías","Básica",1690.00,1198.00,12,Activo,14,9
TRX-RD-6237,2025-05-01,002-8585690-2,"Gabriel Cruz Rosario","Punta Cana (Bávaro)","Membresías","Premium",2690.00,1358.00,9,Activo,8,8
TRX-RD-5851,2025-05-02,037-9546737-6,"Stephanie Reyes Gómez","Punta Cana (Bávaro)","Personal Trainer","Básica",1178.00,1340.00,7,Activo,11,9
TRX-RD-5853,2025-05-02,002-6588410-6,"Laura Díaz Díaz","Santo Domingo Este (Zona Oriental)","Membresías","Premium",2690.00,1880.00,6,Activo,17,8
TRX-RD-5896,2025-05-02,002-5922083-8,"Laura Morales Rosario","Punta Cana (Bávaro)","Membresías","Premium",2690.00,1704.00,9,Activo,10,7
TRX-RD-5905,2025-05-02,031-9385468-8,"Manuel Marte Vásquez","Santo Domingo Este (Zona Oriental)","Personal Trainer","Básica",1270.00,1318.00,8,Activo,15,8
TRX-RD-5911,2025-05-02,001-3041013-7,"Juan Ventura García","Punta Cana (Bávaro)","Personal Trainer","Premium",1198.00,1565.00,6,Activo,13,10
TRX-RD-5928,2025-05-02,402-2735504-3,"Ramón Marte Sánchez","Santiago (Los Jardines)","Clases Guiadas","Premium",810.00,1446.00,12,Activo,13,7
TRX-RD-6019,2025-05-02,001-0419364-4,"Ramón Jiménez Santana","Santo Domingo (Piantini)","Membresías","Básica",1690.00,1238.00,12,Activo,7,9
TRX-RD-6045,2025-05-02,031-1581612-0,"Ana Cruz Sánchez","Puerto Plata Club","Membresías","Básica",1690.00,1359.00,7,Activo,9,8
TRX-RD-6081,2025-05-02,002-9847295-2,"Johanny Vásquez Sánchez","Punta Cana (Bávaro)","Membresías","Básica",1690.00,1315.00,8,Activo,11,9
TRX-RD-6122,2025-05-02,037-1628893-5,"Rosa Gómez Rosario","Santiago (Los Jardines)","Membresías","Premium",2690.00,1668.00,3,Activo,16,7
TRX-RD-6170,2025-05-02,031-7537326-9,"Johanny Guzmán Pérez","Santo Domingo (Piantini)","Clases Guiadas","Premium",992.00,1736.00,9,Activo,10,9
TRX-RD-6223,2025-05-02,011-4532392-7,"Gabriel Marte Vásquez","Santo Domingo Este (Zona Oriental)","Tienda Deportiva","Premium",1474.00,1474.00,14,Activo,5,8
TRX-RD-6227,2025-05-02,402-8956547-1,"Luis Cruz Gómez","Punta Cana (Bávaro)","Clases Guiadas","VIP",864.00,2558.00,11,Activo,9,9
TRX-RD-5845,2025-05-03,031-4201189-3,"Alejandro Díaz Castillo","Santo Domingo (Piantini)","Membresías","Básica",1690.00,949.00,11,Activo,14,8
TRX-RD-5927,2025-05-03,402-2735504-3,"Ramón Marte Sánchez","Santiago (Los Jardines)","Personal Trainer","Premium",1217.00,1446.00,12,Activo,13,7
TRX-RD-5973,2025-05-03,037-7029147-8,"Carlos Marte Pérez","Santiago (Los Jardines)","Membresías","Premium",2690.00,1534.00,8,Activo,10,7
TRX-RD-5977,2025-05-03,001-5524767-9,"Ramón Jiménez Vásquez","Santo Domingo Este (Zona Oriental)","Membresías","Básica",1690.00,1201.00,7,Activo,8,9
TRX-RD-5998,2025-05-03,031-8246707-0,"Alejandro Marte Morales","Puerto Plata Club","Tienda Deportiva","VIP",2022.00,2388.00,11,Activo,8,8
TRX-RD-6012,2025-05-03,097-1835171-2,"Rafael Rodríguez Jiménez","Santo Domingo Este (Zona Oriental)","Tienda Deportiva","Básica",1856.00,1218.00,7,Activo,11,7
TRX-RD-6015,2025-05-03,011-6072118-7,"Stephanie Cruz Sánchez","Santiago (Los Jardines)","Personal Trainer","Básica",1369.00,1288.00,6,Activo,9,9
TRX-RD-6089,2025-05-03,011-3083034-0,"Kelvin Marte Santana","Santiago (Los Jardines)","Clases Guiadas","Básica",988.00,1259.00,7,Activo,10,8
TRX-RD-6117,2025-05-03,037-8606750-8,"Miguel Peña Vásquez","Punta Cana (Bávaro)","Membresías","Premium",2690.00,1553.00,9,Activo,12,7
TRX-RD-6129,2025-05-03,402-5541175-9,"Yamilka Sánchez Díaz","Santiago (Los Jardines)","Tienda Deportiva","VIP",2078.00,2404.00,11,Activo,13,7
TRX-RD-6190,2025-05-03,097-2512172-8,"Yamilka Santana Rosario","Santo Domingo (Piantini)","Membresías","Básica",1690.00,1168.00,7,Activo,12,9
TRX-RD-6199,2025-05-03,031-5780704-5,"Joan Guzmán Rodríguez","Punta Cana (Bávaro)","Clases Guiadas","VIP",1119.00,2509.00,13,Activo,16,10
TRX-RD-6235,2025-05-03,037-7816548-4,"Manuel Jiménez Martínez","Santiago (Los Jardines)","Membresías","Premium",2690.00,1719.00,11,Activo,10,8
TRX-RD-5862,2025-05-04,402-4917674-0,"Yamilka García Morales","Punta Cana (Bávaro)","Tienda Deportiva","VIP",1216.00,2476.00,10,Activo,10,8
TRX-RD-5873,2025-05-04,011-9439820-0,"Ramón Guzmán Reyes","Santo Domingo (Piantini)","Clases Guiadas","Premium",1074.00,1665.00,9,Activo,9,9
TRX-RD-6009,2025-05-04,002-9235870-2,"Juan Castillo Cruz","Punta Cana (Bávaro)","Membresías","VIP",4890.00,2478.00,10,Activo,13,8
TRX-RD-6047,2025-05-04,001-6928831-3,"Laura Guzmán Santana","Santo Domingo (Piantini)","Clases Guiadas","Premium",797.00,1783.00,8,Activo,9,7
TRX-RD-6153,2025-05-04,011-5973150-2,"Ramón Díaz Castillo","Santiago (Los Jardines)","Personal Trainer","Básica",1597.00,952.00,5,Activo,16,8
TRX-RD-6189,2025-05-04,031-7353529-9,"Patricia Sánchez Santana","Santiago (Los Jardines)","Membresías","Básica",1690.00,1184.00,9,Activo,11,8
TRX-RD-6193,2025-05-04,097-3320064-7,"Gabriel Vásquez Reyes","Puerto Plata Club","Membresías","Básica",1690.00,1362.00,7,Activo,12,7
TRX-RD-6203,2025-05-04,402-0142321-3,"Stephanie Morales Marte","Punta Cana (Bávaro)","Membresías","VIP",4890.00,2376.00,10,Activo,9,9
TRX-RD-6208,2025-05-04,002-8358439-9,"Alejandro Rosario Pérez","Santo Domingo (Piantini)","Membresías","VIP",4890.00,2657.00,15,Activo,12,8
TRX-RD-6244,2025-05-04,402-5039105-5,"María Díaz Santana","Puerto Plata Club","Membresías","Básica",1690.00,1209.00,10,Activo,6,9
TRX-RD-5879,2025-05-05,097-0737044-2,"Ana Rodríguez Paulino","Santo Domingo (Piantini)","Membresías","Premium",2690.00,1636.00,12,Activo,19,7
TRX-RD-5884,2025-05-05,031-1919018-3,"Patricia Rodríguez Pérez","Santiago (Los Jardines)","Tienda Deportiva","VIP",772.00,2539.00,11,Activo,7,8
TRX-RD-5972,2025-05-05,402-3519826-0,"José Peña Marte","Punta Cana (Bávaro)","Tienda Deportiva","Básica",1268.00,1467.00,11,Activo,14,8
TRX-RD-6052,2025-05-05,402-0772858-1,"Rosa Ventura Jiménez","Puerto Plata Club","Personal Trainer","VIP",1336.00,2382.00,8,Activo,9,7
TRX-RD-6055,2025-05-05,097-2331703-9,"María Jiménez Martínez","Santiago (Los Jardines)","Personal Trainer","Básica",1676.00,1256.00,9,Activo,9,9
TRX-RD-6079,2025-05-05,402-2255694-2,"Johanny Rosario Pérez","Punta Cana (Bávaro)","Membresías","Premium",2690.00,1944.00,7,Activo,9,8
TRX-RD-6146,2025-05-05,031-4566564-6,"Carolina Vásquez Jiménez","Santiago (Los Jardines)","Membresías","Básica",1690.00,1233.00,7,Activo,13,7
TRX-RD-6179,2025-05-05,037-8345657-1,"Altagracia Guzmán Rodríguez","Santo Domingo (Piantini)","Personal Trainer","VIP",1374.00,2412.00,9,Activo,15,8
TRX-RD-6202,2025-05-05,002-2682440-7,"María Marte Guzmán","Santo Domingo Este (Zona Oriental)","Membresías","Básica",1690.00,1248.00,13,Activo,10,8
TRX-RD-6218,2025-05-05,031-3353004-2,"Emmanuel Reyes Marte","Santiago (Los Jardines)","Clases Guiadas","Básica",972.00,1007.00,7,Activo,13,7
TRX-RD-6230,2025-05-05,402-2143151-9,"Rosa Sánchez Sánchez","Puerto Plata Club","Tienda Deportiva","Básica",1643.00,1418.00,13,Activo,9,8
TRX-RD-5891,2025-05-06,097-6529660-4,"Johanny Pérez García","Santo Domingo Este (Zona Oriental)","Membresías","Básica",1690.00,1226.00,4,Cancelado,10,9
TRX-RD-5894,2025-05-06,402-9497962-6,"Juan Sánchez Ventura","Santo Domingo Este (Zona Oriental)","Clases Guiadas","Premium",942.00,1775.00,11,Activo,7,7
TRX-RD-5922,2025-05-06,011-6895563-9,"Kelvin Rodríguez Gómez","Santo Domingo Este (Zona Oriental)","Membresías","Básica",1690.00,1157.00,12,Activo,8,8
TRX-RD-5923,2025-05-06,011-6895563-9,"Kelvin Rodríguez Gómez","Santo Domingo Este (Zona Oriental)","Personal Trainer","Básica",1252.00,1157.00,12,Activo,8,8
TRX-RD-5964,2025-05-06,001-0668806-2,"Genesis Gómez Ventura","Santo Domingo (Piantini)","Membresías","VIP",4890.00,2342.00,8,Activo,12,8
TRX-RD-5996,2025-05-06,097-7940625-6,"Carlos Reyes Rosario","Santo Domingo (Piantini)","Personal Trainer","VIP",1546.00,2633.00,9,Activo,8,7
TRX-RD-6027,2025-05-06,402-7419040-0,"Manuel Morales Martínez","Santiago (Los Jardines)","Membresías","VIP",4890.00,2232.00,14,Activo,11,7
TRX-RD-6032,2025-05-06,002-2155877-8,"Genesis Jiménez García","Santiago (Los Jardines)","Membresías","Premium",2690.00,1357.00,13,Activo,15,10
TRX-RD-6063,2025-05-06,011-0803242-4,"Laura Gómez Ventura","Santiago (Los Jardines)","Tienda Deportiva","VIP",1688.00,2719.00,12,Activo,6,8
TRX-RD-6069,2025-05-06,011-4453841-8,"Manuel Morales Paulino","Puerto Plata Club","Clases Guiadas","Básica",1048.00,1143.00,10,Activo,9,8
TRX-RD-6076,2025-05-06,002-2223394-2,"Johanny Martínez Reyes","Santo Domingo (Piantini)","Membresías","Premium",2690.00,1445.00,7,Activo,10,8
TRX-RD-6087,2025-05-06,011-7999624-2,"Rafael Rosario Martínez","Puerto Plata Club","Membresías","Premium",2690.00,1879.00,5,Activo,9,7
TRX-RD-6154,2025-05-06,402-0309719-7,"Yudelka Rodríguez Guzmán","Santo Domingo (Piantini)","Membresías","VIP",4890.00,2215.00,16,Activo,7,7
TRX-RD-6229,2025-05-06,402-2143151-9,"Rosa Sánchez Sánchez","Puerto Plata Club","Clases Guiadas","Básica",1007.00,1418.00,13,Activo,9,8
TRX-RD-5872,2025-05-07,011-9439820-0,"Ramón Guzmán Reyes","Santo Domingo (Piantini)","Personal Trainer","Premium",1404.00,1665.00,9,Activo,9,9
TRX-RD-5878,2025-05-07,097-7920909-8,"Ana García Santana","Santo Domingo Este (Zona Oriental)","Clases Guiadas","Básica",898.00,1411.00,10,Activo,7,8
TRX-RD-5900,2025-05-07,011-1339381-1,"Juan Castillo Morales","Santo Domingo (Piantini)","Membresías","Básica",1690.00,1261.00,8,Activo,2,10
TRX-RD-5956,2025-05-07,097-7300350-5,"Laura Sánchez Martínez","Santiago (Los Jardines)","Tienda Deportiva","Premium",1794.00,1594.00,10,Activo,14,8
TRX-RD-5985,2025-05-07,011-8589574-3,"Carlos Guzmán Sánchez","Punta Cana (Bávaro)","Membresías","VIP",4890.00,2413.00,8,Activo,8,9
TRX-RD-6058,2025-05-07,001-7825008-0,"Emmanuel Marte Gómez","Santiago (Los Jardines)","Membresías","Premium",2690.00,1831.00,4,Activo,11,8
TRX-RD-6062,2025-05-07,011-0803242-4,"Laura Gómez Ventura","Santiago (Los Jardines)","Membresías","VIP",4890.00,2719.00,12,Activo,6,8
TRX-RD-6100,2025-05-07,031-8359069-8,"Alejandro Cruz Gómez","Santiago (Los Jardines)","Membresías","Básica",1690.00,1312.00,9,Activo,8,8
TRX-RD-6109,2025-05-07,002-6627199-8,"Gabriel Ventura Ventura","Santo Domingo (Piantini)","Membresías","Básica",1690.00,1220.00,17,Activo,15,9
TRX-RD-6115,2025-05-07,097-4631063-1,"Pedro Peña Vásquez","Santo Domingo (Piantini)","Personal Trainer","Básica",1593.00,1244.00,9,Activo,11,8
TRX-RD-6123,2025-05-07,037-4666965-8,"Genesis Sánchez Santana","Santiago (Los Jardines)","Membresías","Básica",1690.00,1234.00,8,Activo,8,8
TRX-RD-6166,2025-05-07,037-6396478-4,"Miguel Marte Rosario","Punta Cana (Bávaro)","Personal Trainer","Básica",1148.00,1489.00,7,Activo,12,9
TRX-RD-6219,2025-05-07,011-6743865-2,"María Rosario Cruz","Puerto Plata Club","Membresías","Premium",2690.00,1561.00,10,Activo,14,8
TRX-RD-6241,2025-05-07,031-2693777-4,"Emmanuel Santana Reyes","Santo Domingo Este (Zona Oriental)","Personal Trainer","Básica",1193.00,1388.00,12,Activo,6,8
TRX-RD-5850,2025-05-08,037-9546737-6,"Stephanie Reyes Gómez","Punta Cana (Bávaro)","Membresías","Básica",1690.00,1340.00,7,Activo,11,9
TRX-RD-5858,2025-05-08,402-5436022-1,"Stephanie Marte Paulino","Santiago (Los Jardines)","Membresías","Básica",1690.00,1136.00,14,Activo,8,8
TRX-RD-5863,2025-05-08,402-3725711-4,"Genesis Rodríguez Sánchez","Punta Cana (Bávaro)","Membresías","Básica",1690.00,1179.00,14,Activo,11,7
TRX-RD-5888,2025-05-08,097-6356440-9,"Carlos Rodríguez Castillo","Punta Cana (Bávaro)","Clases Guiadas","Premium",872.00,1472.00,13,Activo,5,7
TRX-RD-5941,2025-05-08,011-3176432-4,"Manuel Gómez Castillo","Santo Domingo Este (Zona Oriental)","Clases Guiadas","Básica",1119.00,1311.00,14,Activo,13,9
TRX-RD-5986,2025-05-08,011-3806746-5,"Genesis Jiménez García","Punta Cana (Bávaro)","Membresías","Premium",2690.00,1605.00,5,Activo,6,8
TRX-RD-6035,2025-05-08,011-9238115-8,"Pedro Rosario Sánchez","Santiago (Los Jardines)","Membresías","Básica",1690.00,1324.00,13,Activo,9,9
TRX-RD-6059,2025-05-08,001-7825008-0,"Emmanuel Marte Gómez","Santiago (Los Jardines)","Tienda Deportiva","Premium",1616.00,1831.00,4,Activo,11,8
TRX-RD-6065,2025-05-08,031-3415573-2,"Kelvin Rosario Díaz","Santo Domingo (Piantini)","Membresías","Premium",2690.00,1705.00,7,Activo,12,6
TRX-RD-6068,2025-05-08,011-4453841-8,"Manuel Morales Paulino","Puerto Plata Club","Membresías","Básica",1690.00,1143.00,10,Activo,9,8
TRX-RD-6099,2025-05-08,011-0095220-7,"Nicole Pérez Cruz","Santo Domingo (Piantini)","Clases Guiadas","Básica",998.00,1178.00,6,Activo,14,8
TRX-RD-6107,2025-05-08,031-8639038-5,"Manuel Cruz Santana","Santiago (Los Jardines)","Membresías","Premium",2690.00,1556.00,10,Activo,15,10
TRX-RD-6116,2025-05-08,002-9773654-8,"Ramón Guzmán García","Santo Domingo (Piantini)","Membresías","VIP",4890.00,2398.00,14,Activo,17,6
TRX-RD-6135,2025-05-08,037-4151451-1,"María Díaz Cruz","Punta Cana (Bávaro)","Membresías","Premium",2690.00,1686.00,9,Activo,17,9
TRX-RD-6171,2025-05-08,037-9856364-3,"Pedro Rosario Rosario","Santo Domingo Este (Zona Oriental)","Membresías","Básica",1690.00,1322.00,13,Activo,11,9
TRX-RD-5921,2025-05-09,402-0968845-2,"María Santana Sánchez","Santiago (Los Jardines)","Membresías","Básica",1690.00,998.00,8,Activo,16,8
TRX-RD-5929,2025-05-09,002-0039098-7,"Alejandro Rodríguez Castillo","Punta Cana (Bávaro)","Membresías","Premium",2690.00,1582.00,10,Activo,8,6
TRX-RD-5954,2025-05-09,097-7300350-5,"Laura Sánchez Martínez","Santiago (Los Jardines)","Membresías","Premium",2690.00,1594.00,10,Activo,14,8
TRX-RD-5965,2025-05-09,097-5512692-8,"Juan Reyes Gómez","Santo Domingo Este (Zona Oriental)","Membresías","Básica",1690.00,1195.00,7,Activo,13,9
TRX-RD-5968,2025-05-09,001-0742516-7,"Luis Ventura Reyes","Santo Domingo Este (Zona Oriental)","Clases Guiadas","Básica",1022.00,1136.00,15,Activo,15,8
TRX-RD-6013,2025-05-09,002-6000131-8,"María Jiménez Santana","Puerto Plata Club","Membresías","Premium",2690.00,1598.00,10,Activo,7,7
TRX-RD-6050,2025-05-09,402-6702324-6,"Alejandro Peña Cruz","Santo Domingo (Piantini)","Clases Guiadas","Premium",977.00,1835.00,9,Activo,16,7
TRX-RD-6088,2025-05-09,011-3083034-0,"Kelvin Marte Santana","Santiago (Los Jardines)","Membresías","Básica",1690.00,1259.00,7,Activo,10,8
TRX-RD-6093,2025-05-09,001-1274666-4,"Kelvin Marte Guzmán","Santiago (Los Jardines)","Membresías","Premium",2690.00,1496.00,10,Activo,13,8
TRX-RD-6148,2025-05-09,001-7888720-4,"Pedro Peña Guzmán","Puerto Plata Club","Membresías","VIP",4890.00,2841.00,13,Activo,12,8
TRX-RD-6151,2025-05-09,097-8808961-4,"Nicole Vásquez Vásquez","Punta Cana (Bávaro)","Membresías","Básica",1690.00,1256.00,7,Activo,8,9
TRX-RD-6188,2025-05-09,037-1003202-4,"Gabriel Díaz Martínez","Santo Domingo Este (Zona Oriental)","Membresías","Básica",1690.00,1256.00,8,Activo,10,10
TRX-RD-6213,2025-05-09,002-6485922-4,"Carlos Sánchez García","Santiago (Los Jardines)","Membresías","Premium",2690.00,1669.00,8,Activo,8,7
TRX-RD-6238,2025-05-09,002-8585690-2,"Gabriel Cruz Rosario","Punta Cana (Bávaro)","Personal Trainer","Premium",1462.00,1358.00,9,Activo,8,8
TRX-RD-5844,2025-05-10,402-6032335-3,"Rosa Pérez Martínez","Santo Domingo (Piantini)","Membresías","VIP",4890.00,2308.00,11,Activo,13,9
TRX-RD-5961,2025-05-10,402-9032230-0,"Pedro Morales García","Punta Cana (Bávaro)","Membresías","Básica",1690.00,1224.00,9,Activo,9,10
TRX-RD-5966,2025-05-10,001-0742516-7,"Luis Ventura Reyes","Santo Domingo Este (Zona Oriental)","Membresías","Básica",1690.00,1136.00,15,Activo,15,8
TRX-RD-5987,2025-05-10,011-2927458-3,"María Martínez Gómez","Santiago (Los Jardines)","Membresías","Básica",1690.00,1067.00,5,Activo,5,8
TRX-RD-5995,2025-05-10,097-7940625-6,"Carlos Reyes Rosario","Santo Domingo (Piantini)","Membresías","VIP",4890.00,2633.00,9,Activo,8,7
TRX-RD-5997,2025-05-10,031-8246707-0,"Alejandro Marte Morales","Puerto Plata Club","Membresías","VIP",4890.00,2388.00,11,Activo,8,8
TRX-RD-6000,2025-05-10,402-7439845-8,"Nicole Sánchez Santana","Santiago (Los Jardines)","Membresías","VIP",4890.00,2334.00,10,Activo,7,8
TRX-RD-6006,2025-05-10,011-3552274-4,"Ramón Marte Morales","Santo Domingo (Piantini)","Membresías","Básica",1690.00,1475.00,4,Activo,14,10
TRX-RD-6007,2025-05-10,001-6416894-0,"Gabriel Guzmán Castillo","Punta Cana (Bávaro)","Membresías","Básica",1690.00,1018.00,9,Activo,10,9
TRX-RD-6010,2025-05-10,031-8363385-2,"Nicole Reyes Vásquez","Santiago (Los Jardines)","Membresías","Básica",1690.00,1343.00,14,Activo,7,8
TRX-RD-6029,2025-05-10,037-3326682-3,"Emmanuel Pérez Sánchez","Santo Domingo (Piantini)","Clases Guiadas","Premium",909.00,1669.00,4,Activo,13,7
TRX-RD-6067,2025-05-10,002-2795339-5,"Ramón Martínez Vásquez","Santo Domingo (Piantini)","Tienda Deportiva","Básica",1829.00,1134.00,12,Activo,11,7
TRX-RD-6180,2025-05-10,037-8345657-1,"Altagracia Guzmán Rodríguez","Santo Domingo (Piantini)","Clases Guiadas","VIP",1065.00,2412.00,9,Activo,15,8
TRX-RD-6228,2025-05-10,402-2143151-9,"Rosa Sánchez Sánchez","Puerto Plata Club","Membresías","Básica",1690.00,1418.00,13,Activo,9,8
TRX-RD-6251,2025-05-10,037-3006683-8,"Carmen Peña Peña","Punta Cana (Bávaro)","Membresías","Básica",1690.00,1406.00,10,Activo,13,7
TRX-RD-5847,2025-05-11,037-1550315-1,"Miguel Ventura Rodríguez","Punta Cana (Bávaro)","Personal Trainer","Premium",1337.00,1579.00,8,Activo,7,7
TRX-RD-5881,2025-05-11,031-1919018-3,"Patricia Rodríguez Pérez","Santiago (Los Jardines)","Membresías","VIP",4890.00,2539.00,11,Activo,7,8
TRX-RD-5951,2025-05-11,031-3445475-4,"Luis Rodríguez Morales","Punta Cana (Bávaro)","Clases Guiadas","Premium",814.00,1471.00,14,Activo,7,8
TRX-RD-5952,2025-05-11,001-9152930-4,"María Díaz Morales","Santo Domingo (Piantini)","Membresías","Premium",2690.00,1749.00,14,Activo,13,9
TRX-RD-5969,2025-05-11,037-9815671-1,"Altagracia Jiménez Peña","Punta Cana (Bávaro)","Membresías","Premium",2690.00,1605.00,15,Activo,10,6
TRX-RD-5975,2025-05-11,037-7029147-8,"Carlos Marte Pérez","Santiago (Los Jardines)","Clases Guiadas","Premium",786.00,1534.00,8,Activo,10,7
TRX-RD-6014,2025-05-11,011-6072118-7,"Stephanie Cruz Sánchez","Santiago (Los Jardines)","Membresías","Básica",1690.00,1288.00,6,Activo,9,9
TRX-RD-6031,2025-05-11,011-2805876-3,"Nicole Rosario Reyes","Santo Domingo Este (Zona Oriental)","Membresías","Básica",1690.00,1377.00,11,Activo,13,8
TRX-RD-6053,2025-05-11,402-0772858-1,"Rosa Ventura Jiménez","Puerto Plata Club","Tienda Deportiva","VIP",1329.00,2382.00,8,Activo,9,7
TRX-RD-6077,2025-05-11,002-2223394-2,"Johanny Martínez Reyes","Santo Domingo (Piantini)","Personal Trainer","Premium",1553.00,1445.00,7,Activo,10,8
TRX-RD-6113,2025-05-11,011-7170800-9,"Emmanuel Paulino Rosario","Santo Domingo Este (Zona Oriental)","Membresías","Básica",1690.00,1290.00,6,Activo,16,9
TRX-RD-6120,2025-05-11,002-6259335-3,"Emmanuel Guzmán Rosario","Santo Domingo Este (Zona Oriental)","Membresías","Premium",2690.00,2156.00,16,Activo,8,8
TRX-RD-6145,2025-05-11,402-2759002-9,"Carmen Gómez Castillo","Santo Domingo (Piantini)","Tienda Deportiva","Premium",1472.00,1966.00,8,Activo,5,7
TRX-RD-6161,2025-05-11,031-1597777-3,"Altagracia Morales Paulino","Puerto Plata Club","Personal Trainer","Básica",1273.00,1462.00,5,Activo,9,9
TRX-RD-6217,2025-05-11,031-3353004-2,"Emmanuel Reyes Marte","Santiago (Los Jardines)","Personal Trainer","Básica",1500.00,1007.00,7,Activo,13,7
TRX-RD-5913,2025-05-12,097-1176412-7,"Gabriel Jiménez Sánchez","Santo Domingo (Piantini)","Clases Guiadas","Premium",1015.00,1963.00,8,Activo,4,9
TRX-RD-5957,2025-05-12,031-1102942-1,"Miguel Sánchez Sánchez","Santo Domingo (Piantini)","Membresías","Básica",1690.00,1329.00,19,Activo,12,7
TRX-RD-6075,2025-05-12,031-0389221-6,"Laura Reyes Marte","Santo Domingo (Piantini)","Membresías","Premium",2690.00,1788.00,9,Activo,11,7
TRX-RD-6134,2025-05-12,097-9758518-0,"Carmen Jiménez Jiménez","Santo Domingo (Piantini)","Membresías","Premium",2690.00,1735.00,6,Activo,10,10
TRX-RD-6182,2025-05-12,402-3799506-9,"Miguel Castillo Cruz","Santo Domingo Este (Zona Oriental)","Membresías","Básica",1690.00,1112.00,15,Activo,14,8
TRX-RD-6212,2025-05-12,097-8381334-9,"Carmen Rosario Ventura","Puerto Plata Club","Membresías","Premium",2690.00,1763.00,12,Activo,12,8
TRX-RD-6236,2025-05-12,002-7588872-5,"Carlos Rosario Rodríguez","Santiago (Los Jardines)","Membresías","Básica",1690.00,1200.00,10,Activo,12,8
TRX-RD-5864,2025-05-13,402-3725711-4,"Genesis Rodríguez Sánchez","Punta Cana (Bávaro)","Personal Trainer","Básica",1525.00,1179.00,14,Activo,11,7
TRX-RD-5867,2025-05-13,002-7517997-6,"Yamilka Guzmán Santana","Santiago (Los Jardines)","Personal Trainer","VIP",1449.00,2635.00,9,Activo,15,8
TRX-RD-5870,2025-05-13,001-6183166-4,"Carlos Rosario Martínez","Santiago (Los Jardines)","Membresías","Básica",1690.00,1100.00,5,Activo,9,9
TRX-RD-5875,2025-05-13,097-5613607-4,"Miguel Díaz Cruz","Punta Cana (Bávaro)","Clases Guiadas","Básica",1236.00,1355.00,14,Activo,21,8
TRX-RD-5920,2025-05-13,037-9879283-8,"Carmen Morales Cruz","Santo Domingo (Piantini)","Personal Trainer","Básica",1315.00,1237.00,10,Activo,11,8
TRX-RD-5932,2025-05-13,001-4914206-9,"Gabriel Díaz Reyes","Santiago (Los Jardines)","Clases Guiadas","Premium",845.00,1504.00,15,Activo,6,7
TRX-RD-5945,2025-05-13,001-7971463-9,"Luisa Peña Díaz","Punta Cana (Bávaro)","Membresías","VIP",4890.00,2491.00,11,Activo,5,9
TRX-RD-5967,2025-05-13,001-0742516-7,"Luis Ventura Reyes","Santo Domingo Este (Zona Oriental)","Personal Trainer","Básica",1428.00,1136.00,15,Activo,15,8
TRX-RD-5984,2025-05-13,037-8163497-1,"Carolina Marte Reyes","Santo Domingo (Piantini)","Membresías","VIP",4890.00,2270.00,10,Activo,6,8
TRX-RD-5988,2025-05-13,011-2927458-3,"María Martínez Gómez","Santiago (Los Jardines)","Personal Trainer","Básica",1478.00,1067.00,5,Activo,5,8
TRX-RD-5989,2025-05-13,097-9949127-0,"Francisco Santana Peña","Santo Domingo (Piantini)","Membresías","VIP",4890.00,2523.00,15,Activo,12,10
TRX-RD-5994,2025-05-13,001-2220302-9,"Ana Martínez Santana","Punta Cana (Bávaro)","Membresías","Básica",1690.00,1409.00,11,Activo,10,9
TRX-RD-6005,2025-05-13,097-5033409-7,"Rafael Santana Reyes","Santo Domingo (Piantini)","Membresías","Básica",1690.00,1108.00,7,Activo,10,7
TRX-RD-6021,2025-05-13,031-8796310-7,"Ana Marte Sánchez","Santo Domingo Este (Zona Oriental)","Membresías","Básica",1690.00,1181.00,13,Activo,13,7
TRX-RD-6040,2025-05-13,001-2305238-3,"Johanny Jiménez Marte","Santo Domingo (Piantini)","Membresías","VIP",4890.00,2486.00,10,Activo,14,7
TRX-RD-6041,2025-05-13,001-2305238-3,"Johanny Jiménez Marte","Santo Domingo (Piantini)","Personal Trainer","VIP",1934.00,2486.00,10,Activo,14,7
TRX-RD-6096,2025-05-13,402-8278172-9,"Altagracia Marte Jiménez","Punta Cana (Bávaro)","Tienda Deportiva","Básica",1975.00,1135.00,5,Activo,12,7
TRX-RD-6111,2025-05-13,037-2983311-5,"Rafael Reyes Reyes","Santiago (Los Jardines)","Membresías","Premium",2690.00,1440.00,6,Activo,12,6
TRX-RD-6132,2025-05-13,402-0403131-0,"Stephanie Sánchez Cruz","Santo Domingo Este (Zona Oriental)","Membresías","Básica",1690.00,1243.00,5,Activo,14,7
TRX-RD-6143,2025-05-13,037-0534406-1,"Yudelka Guzmán Martínez","Punta Cana (Bávaro)","Personal Trainer","Premium",1725.00,1985.00,9,Activo,12,8
TRX-RD-6159,2025-05-13,402-6753909-2,"Rosa Gómez Ventura","Santo Domingo Este (Zona Oriental)","Personal Trainer","Básica",1592.00,1429.00,8,Activo,14,9
TRX-RD-6191,2025-05-13,097-2512172-8,"Yamilka Santana Rosario","Santo Domingo (Piantini)","Personal Trainer","Básica",1436.00,1168.00,7,Activo,12,9
TRX-RD-6224,2025-05-13,011-7533243-4,"Kelvin Ventura Sánchez","Santiago (Los Jardines)","Membresías","Premium",2690.00,1646.00,16,Activo,7,7
TRX-RD-6232,2025-05-13,031-1342744-1,"Patricia Pérez Díaz","Puerto Plata Club","Membresías","Básica",1690.00,1141.00,11,Activo,6,8
TRX-RD-5848,2025-05-14,402-7362251-0,"Francisco Santana Reyes","Santiago (Los Jardines)","Membresías","Básica",1690.00,1325.00,13,Activo,7,9
TRX-RD-5876,2025-05-14,097-7920909-8,"Ana García Santana","Santo Domingo Este (Zona Oriental)","Membresías","Básica",1690.00,1411.00,10,Activo,7,8
TRX-RD-5885,2025-05-14,011-4381267-3,"Carlos Reyes Sánchez","Santo Domingo Este (Zona Oriental)","Membresías","Premium",2690.00,1600.00,6,Activo,15,9
TRX-RD-5901,2025-05-14,011-1339381-1,"Juan Castillo Morales","Santo Domingo (Piantini)","Personal Trainer","Básica",1580.00,1261.00,8,Activo,2,10
TRX-RD-5903,2025-05-14,402-9604871-9,"Rafael Guzmán Pérez","Punta Cana (Bávaro)","Membresías","Premium",2690.00,1714.00,9,Activo,9,7
TRX-RD-5931,2025-05-14,001-4914206-9,"Gabriel Díaz Reyes","Santiago (Los Jardines)","Membresías","Premium",2690.00,1504.00,15,Activo,6,7
TRX-RD-5943,2025-05-14,011-7655157-8,"Emmanuel Pérez Díaz","Santo Domingo (Piantini)","Membresías","Premium",2690.00,1568.00,11,Activo,13,7
TRX-RD-5999,2025-05-14,037-0591246-1,"Luis Rodríguez Rosario","Santo Domingo Este (Zona Oriental)","Membresías","Básica",1690.00,1416.00,10,Activo,9,7
TRX-RD-6061,2025-05-14,402-3202685-2,"Genesis Jiménez Ventura","Santo Domingo (Piantini)","Membresías","Premium",2690.00,1779.00,8,Activo,14,8
TRX-RD-6083,2025-05-14,002-1834056-0,"Rafael Sánchez Ventura","Santo Domingo (Piantini)","Clases Guiadas","Básica",1008.00,1305.00,12,Activo,15,8
TRX-RD-6084,2025-05-14,002-3232256-0,"Patricia Santana Morales","Santo Domingo (Piantini)","Membresías","Básica",1690.00,1098.00,11,Activo,8,9
TRX-RD-6138,2025-05-14,097-4377382-3,"Kelvin Marte Santana","Santo Domingo (Piantini)","Membresías","Premium",2690.00,1336.00,6,Activo,11,9
TRX-RD-6141,2025-05-14,402-6167615-5,"María Gómez Marte","Puerto Plata Club","Membresías","Premium",2690.00,1749.00,7,Activo,7,7
TRX-RD-6142,2025-05-14,037-0534406-1,"Yudelka Guzmán Martínez","Punta Cana (Bávaro)","Membresías","Premium",2690.00,1985.00,9,Activo,12,8
TRX-RD-6174,2025-05-14,097-3249981-0,"Manuel Reyes Rosario","Puerto Plata Club","Membresías","Básica",1690.00,1486.00,10,Activo,16,9
TRX-RD-6211,2025-05-14,011-3298321-2,"José Gómez Gómez","Santiago (Los Jardines)","Membresías","Premium",2690.00,1405.00,4,Activo,8,9
TRX-RD-6220,2025-05-14,011-6743865-2,"María Rosario Cruz","Puerto Plata Club","Personal Trainer","Premium",1556.00,1561.00,10,Activo,14,8
TRX-RD-6225,2025-05-14,011-3817674-6,"Manuel Reyes Rodríguez","Santiago (Los Jardines)","Membresías","VIP",4890.00,2435.00,12,Activo,13,8
TRX-RD-5866,2025-05-15,002-7517997-6,"Yamilka Guzmán Santana","Santiago (Los Jardines)","Membresías","VIP",4890.00,2635.00,9,Activo,15,8
TRX-RD-5890,2025-05-15,002-6149066-8,"Carolina Jiménez Jiménez","Santo Domingo (Piantini)","Personal Trainer","Básica",1471.00,1195.00,10,Activo,12,9
TRX-RD-5907,2025-05-15,002-4974312-1,"Patricia Guzmán Pérez","Santo Domingo (Piantini)","Membresías","Premium",2690.00,1678.00,10,Activo,14,10
TRX-RD-5912,2025-05-15,097-1176412-7,"Gabriel Jiménez Sánchez","Santo Domingo (Piantini)","Membresías","Premium",2690.00,1963.00,8,Activo,4,9
TRX-RD-5937,2025-05-15,031-7139591-0,"Rafael Sánchez Paulino","Santo Domingo Este (Zona Oriental)","Membresías","Básica",1690.00,1135.00,11,Activo,13,8
TRX-RD-5974,2025-05-15,037-7029147-8,"Carlos Marte Pérez","Santiago (Los Jardines)","Personal Trainer","Premium",1321.00,1534.00,8,Activo,10,7
TRX-RD-6002,2025-05-15,031-2974266-8,"Johanny Jiménez Jiménez","Santo Domingo (Piantini)","Membresías","Premium",2690.00,1751.00,12,Activo,11,10
TRX-RD-6020,2025-05-15,097-0213742-4,"Kelvin Castillo Díaz","Santiago (Los Jardines)","Membresías","Básica",1690.00,1434.00,14,Activo,17,8
TRX-RD-6034,2025-05-15,402-4161120-7,"Carlos Vásquez Peña","Santo Domingo (Piantini)","Personal Trainer","Premium",1655.00,1665.00,10,Activo,12,8
TRX-RD-6072,2025-05-15,011-2999115-2,"Yamilka Jiménez Peña","Santo Domingo (Piantini)","Personal Trainer","Básica",1420.00,1390.00,13,Activo,10,8
TRX-RD-6165,2025-05-15,037-6396478-4,"Miguel Marte Rosario","Punta Cana (Bávaro)","Membresías","Básica",1690.00,1489.00,7,Activo,12,9
TRX-RD-6197,2025-05-15,037-6341494-7,"Juan Guzmán García","Santiago (Los Jardines)","Membresías","Básica",1690.00,1478.00,8,Activo,11,8
TRX-RD-6198,2025-05-15,031-5780704-5,"Joan Guzmán Rodríguez","Punta Cana (Bávaro)","Membresías","VIP",4890.00,2509.00,13,Activo,16,10
TRX-RD-6210,2025-05-15,402-3646088-3,"Kelvin Reyes Cruz","Punta Cana (Bávaro)","Tienda Deportiva","VIP",1946.00,2581.00,6,Activo,9,9
TRX-RD-6221,2025-05-15,011-6743865-2,"María Rosario Cruz","Puerto Plata Club","Clases Guiadas","Premium",786.00,1561.00,10,Activo,14,8
TRX-RD-6226,2025-05-15,402-8956547-1,"Luis Cruz Gómez","Punta Cana (Bávaro)","Membresías","VIP",4890.00,2558.00,11,Activo,9,9
TRX-RD-6243,2025-05-15,011-4966584-4,"Emmanuel Vásquez Sánchez","Santo Domingo Este (Zona Oriental)","Personal Trainer","Premium",1536.00,1777.00,13,Activo,9,9
TRX-RD-5871,2025-05-16,011-9439820-0,"Ramón Guzmán Reyes","Santo Domingo (Piantini)","Membresías","Premium",2690.00,1665.00,9,Activo,9,9
TRX-RD-5914,2025-05-16,001-9939436-2,"Pedro Rosario Sánchez","Santo Domingo Este (Zona Oriental)","Membresías","Básica",1690.00,1328.00,12,Activo,13,7
TRX-RD-5915,2025-05-16,001-9939436-2,"Pedro Rosario Sánchez","Santo Domingo Este (Zona Oriental)","Clases Guiadas","Básica",833.00,1328.00,12,Activo,13,7
TRX-RD-5916,2025-05-16,001-9939436-2,"Pedro Rosario Sánchez","Santo Domingo Este (Zona Oriental)","Tienda Deportiva","Básica",1517.00,1328.00,12,Activo,13,7
TRX-RD-5933,2025-05-16,402-3864375-9,"Kelvin Ventura Pérez","Santo Domingo (Piantini)","Membresías","VIP",4890.00,2450.00,9,Activo,9,8
TRX-RD-5934,2025-05-16,402-3864375-9,"Kelvin Ventura Pérez","Santo Domingo (Piantini)","Tienda Deportiva","VIP",1872.00,2450.00,9,Activo,9,8
TRX-RD-5939,2025-05-16,002-0153299-1,"Alejandro Sánchez Marte","Punta Cana (Bávaro)","Membresías","Básica",1690.00,1148.00,7,Activo,6,8
TRX-RD-6066,2025-05-16,002-2795339-5,"Ramón Martínez Vásquez","Santo Domingo (Piantini)","Membresías","Básica",1690.00,1134.00,12,Activo,11,7
TRX-RD-6070,2025-05-16,001-2207218-4,"Luisa Marte Vásquez","Santo Domingo Este (Zona Oriental)","Membresías","VIP",4890.00,2660.00,9,Activo,9,7
TRX-RD-6071,2025-05-16,011-2999115-2,"Yamilka Jiménez Peña","Santo Domingo (Piantini)","Membresías","Básica",1690.00,1390.00,13,Activo,10,8
TRX-RD-6082,2025-05-16,002-1834056-0,"Rafael Sánchez Ventura","Santo Domingo (Piantini)","Membresías","Básica",1690.00,1305.00,12,Activo,15,8
TRX-RD-6086,2025-05-16,031-5457306-1,"Carlos Paulino Marte","Punta Cana (Bávaro)","Tienda Deportiva","Básica",1080.00,1200.00,15,Activo,7,9
TRX-RD-6104,2025-05-16,097-5388169-8,"Ana Sánchez García","Puerto Plata Club","Tienda Deportiva","Premium",1610.00,1566.00,4,Activo,12,8
TRX-RD-6127,2025-05-16,037-7443702-8,"José Martínez Díaz","Santo Domingo (Piantini)","Membresías","Premium",2690.00,1742.00,7,Activo,9,7
TRX-RD-6133,2025-05-16,402-0403131-0,"Stephanie Sánchez Cruz","Santo Domingo Este (Zona Oriental)","Tienda Deportiva","Básica",1504.00,1243.00,5,Activo,14,7
TRX-RD-6156,2025-05-16,402-0309719-7,"Yudelka Rodríguez Guzmán","Santo Domingo (Piantini)","Tienda Deportiva","VIP",1844.00,2215.00,16,Activo,7,7
TRX-RD-6160,2025-05-16,031-1597777-3,"Altagracia Morales Paulino","Puerto Plata Club","Membresías","Básica",1690.00,1462.00,5,Activo,9,9
TRX-RD-6195,2025-05-16,097-3320064-7,"Gabriel Vásquez Reyes","Puerto Plata Club","Clases Guiadas","Básica",773.00,1362.00,7,Activo,12,7
TRX-RD-6200,2025-05-16,402-5274340-2,"Altagracia Morales Sánchez","Santiago (Los Jardines)","Membresías","Premium",2690.00,1875.00,9,Activo,7,6
TRX-RD-6233,2025-05-16,031-1342744-1,"Patricia Pérez Díaz","Puerto Plata Club","Tienda Deportiva","Básica",1352.00,1141.00,11,Activo,6,8
TRX-RD-6246,2025-05-16,011-5398339-8,"Rafael Paulino Jiménez","Santo Domingo Este (Zona Oriental)","Membresías","Básica",1690.00,1136.00,10,Activo,13,7
TRX-RD-5910,2025-05-17,001-3041013-7,"Juan Ventura García","Punta Cana (Bávaro)","Membresías","Premium",2690.00,1565.00,6,Activo,13,10
TRX-RD-6003,2025-05-17,031-2974266-8,"Johanny Jiménez Jiménez","Santo Domingo (Piantini)","Tienda Deportiva","Premium",1245.00,1751.00,12,Activo,11,10
TRX-RD-6028,2025-05-17,037-3326682-3,"Emmanuel Pérez Sánchez","Santo Domingo (Piantini)","Membresías","Premium",2690.00,1669.00,4,Activo,13,7
TRX-RD-6033,2025-05-17,402-4161120-7,"Carlos Vásquez Peña","Santo Domingo (Piantini)","Membresías","Premium",2690.00,1665.00,10,Activo,12,8
TRX-RD-6064,2025-05-17,011-2788001-9,"Ramón Ventura Reyes","Santo Domingo (Piantini)","Membresías","VIP",4890.00,2662.00,13,Activo,9,8
TRX-RD-6090,2025-05-17,031-3994908-9,"Genesis Martínez Pérez","Santo Domingo (Piantini)","Membresías","VIP",4890.00,2456.00,12,Activo,12,8
TRX-RD-6163,2025-05-17,031-3955124-0,"Luis Pérez Vásquez","Santo Domingo (Piantini)","Membresías","Básica",1690.00,1130.00,9,Activo,13,8
TRX-RD-6175,2025-05-17,402-0766543-7,"Gabriel Cruz Díaz","Santo Domingo (Piantini)","Membresías","Premium",2690.00,1829.00,10,Activo,11,9
TRX-RD-6187,2025-05-17,097-2808250-5,"Johanny Paulino Rodríguez","Puerto Plata Club","Personal Trainer","VIP",1801.00,2070.00,6,Activo,13,7
TRX-RD-5865,2025-05-18,402-3725711-4,"Genesis Rodríguez Sánchez","Punta Cana (Bávaro)","Clases Guiadas","Básica",893.00,1179.00,14,Activo,11,7
TRX-RD-5882,2025-05-18,031-1919018-3,"Patricia Rodríguez Pérez","Santiago (Los Jardines)","Personal Trainer","VIP",1691.00,2539.00,11,Activo,7,8
TRX-RD-5897,2025-05-18,097-7202263-9,"Altagracia García Rodríguez","Santiago (Los Jardines)","Membresías","VIP",4890.00,2445.00,7,Activo,12,7
TRX-RD-5942,2025-05-18,011-2564054-8,"Pedro García Reyes","Puerto Plata Club","Membresías","Premium",2690.00,1702.00,13,Activo,15,9
TRX-RD-5953,2025-05-18,001-9152930-4,"María Díaz Morales","Santo Domingo (Piantini)","Clases Guiadas","Premium",895.00,1749.00,14,Activo,13,9
TRX-RD-5992,2025-05-18,031-1824879-2,"Pedro Cruz Ventura","Santiago (Los Jardines)","Membresías","VIP",4890.00,2532.00,6,Activo,16,8
TRX-RD-6026,2025-05-18,037-6310867-1,"Carlos Gómez Gómez","Santo Domingo Este (Zona Oriental)","Membresías","Básica",1690.00,1314.00,8,Activo,12,8
TRX-RD-6044,2025-05-18,011-9824525-8,"José Sánchez Marte","Santo Domingo (Piantini)","Membresías","Premium",2690.00,1765.00,11,Activo,12,8
TRX-RD-6097,2025-05-18,002-7964571-7,"Yamilka Ventura Peña","Punta Cana (Bávaro)","Membresías","Básica",1690.00,1430.00,11,Activo,10,8
TRX-RD-6110,2025-05-18,002-2227557-0,"Kelvin Díaz García","Santo Domingo (Piantini)","Membresías","VIP",4890.00,2334.00,17,Activo,12,9
TRX-RD-6114,2025-05-18,097-4631063-1,"Pedro Peña Vásquez","Santo Domingo (Piantini)","Membresías","Básica",1690.00,1244.00,9,Activo,11,8
TRX-RD-6121,2025-05-18,002-6259335-3,"Emmanuel Guzmán Rosario","Santo Domingo Este (Zona Oriental)","Personal Trainer","Premium",1901.00,2156.00,16,Activo,8,8
TRX-RD-6185,2025-05-18,097-8097227-0,"Miguel Ventura Martínez","Santiago (Los Jardines)","Membresías","VIP",4890.00,2387.00,10,Activo,14,8
TRX-RD-6209,2025-05-18,402-3646088-3,"Kelvin Reyes Cruz","Punta Cana (Bávaro)","Membresías","VIP",4890.00,2581.00,6,Activo,9,9
TRX-RD-5909,2025-05-19,402-6347891-5,"Ramón Martínez Morales","Punta Cana (Bávaro)","Tienda Deportiva","Básica",1282.00,1268.00,11,Activo,11,7
TRX-RD-5918,2025-05-19,011-3620797-2,"Francisco Marte Morales","Santo Domingo (Piantini)","Membresías","VIP",4890.00,2664.00,11,Activo,10,10
TRX-RD-5940,2025-05-19,011-3176432-4,"Manuel Gómez Castillo","Santo Domingo Este (Zona Oriental)","Membresías","Básica",1690.00,1311.00,14,Activo,13,9
TRX-RD-6004,2025-05-19,001-9905757-1,"Alejandro Marte Paulino","Punta Cana (Bávaro)","Membresías","Premium",2690.00,1944.00,13,Activo,9,6
TRX-RD-6036,2025-05-19,037-7869598-5,"Kelvin Ventura García","Punta Cana (Bávaro)","Membresías","Premium",2690.00,1596.00,13,Activo,13,7
TRX-RD-6054,2025-05-19,097-2331703-9,"María Jiménez Martínez","Santiago (Los Jardines)","Membresías","Básica",1690.00,1256.00,9,Activo,9,9
TRX-RD-6056,2025-05-19,037-1474012-7,"Pedro Gómez Jiménez","Puerto Plata Club","Membresías","Básica",1690.00,1647.00,7,Activo,11,8
TRX-RD-6091,2025-05-19,031-3994908-9,"Genesis Martínez Pérez","Santo Domingo (Piantini)","Clases Guiadas","VIP",887.00,2456.00,12,Activo,12,8
TRX-RD-6126,2025-05-19,097-2127106-3,"Manuel Sánchez Rodríguez","Punta Cana (Bávaro)","Clases Guiadas","Básica",689.00,1396.00,11,Activo,9,7
TRX-RD-6169,2025-05-19,031-7537326-9,"Johanny Guzmán Pérez","Santo Domingo (Piantini)","Membresías","Premium",2690.00,1736.00,9,Activo,10,9
TRX-RD-6192,2025-05-19,402-6097595-4,"Miguel Rosario Martínez","Santiago (Los Jardines)","Membresías","Premium",2690.00,1653.00,13,Activo,7,10
TRX-RD-6222,2025-05-19,011-4532392-7,"Gabriel Marte Vásquez","Santo Domingo Este (Zona Oriental)","Membresías","Premium",2690.00,1474.00,14,Activo,5,8
TRX-RD-6242,2025-05-19,011-4966584-4,"Emmanuel Vásquez Sánchez","Santo Domingo Este (Zona Oriental)","Membresías","Premium",2690.00,1777.00,13,Activo,9,9
TRX-RD-5846,2025-05-20,037-1550315-1,"Miguel Ventura Rodríguez","Punta Cana (Bávaro)","Membresías","Premium",2690.00,1579.00,8,Activo,7,7
TRX-RD-5919,2025-05-20,037-9879283-8,"Carmen Morales Cruz","Santo Domingo (Piantini)","Membresías","Básica",1690.00,1237.00,10,Activo,11,8
TRX-RD-6016,2025-05-20,402-4204423-4,"Ramón Guzmán Paulino","Santiago (Los Jardines)","Membresías","Básica",1690.00,1178.00,9,Activo,4,9
TRX-RD-6042,2025-05-20,402-2286782-8,"Patricia Sánchez Sánchez","Santiago (Los Jardines)","Membresías","Premium",2690.00,1526.00,5,Activo,13,8
TRX-RD-6048,2025-05-20,097-3288495-3,"Luis Sánchez Peña","Santiago (Los Jardines)","Membresías","VIP",4890.00,2380.00,11,Activo,10,9
TRX-RD-6128,2025-05-20,402-5541175-9,"Yamilka Sánchez Díaz","Santiago (Los Jardines)","Membresías","VIP",4890.00,2404.00,11,Activo,13,7
TRX-RD-6131,2025-05-20,037-5710505-5,"Manuel Reyes Paulino","Santo Domingo Este (Zona Oriental)","Membresías","Básica",1690.00,1187.00,13,Activo,10,9
TRX-RD-6144,2025-05-20,402-2759002-9,"Carmen Gómez Castillo","Santo Domingo (Piantini)","Membresías","Premium",2690.00,1966.00,8,Activo,5,7
TRX-RD-6183,2025-05-20,402-3799506-9,"Miguel Castillo Cruz","Santo Domingo Este (Zona Oriental)","Personal Trainer","Básica",1387.00,1112.00,15,Activo,14,8
TRX-RD-6240,2025-05-20,031-2693777-4,"Emmanuel Santana Reyes","Santo Domingo Este (Zona Oriental)","Membresías","Básica",1690.00,1388.00,12,Activo,6,8
TRX-RD-6250,2025-05-20,031-0084252-9,"Yamilka Morales Cruz","Santo Domingo Este (Zona Oriental)","Tienda Deportiva","Básica",1369.00,1317.00,6,Activo,9,8
TRX-RD-5925,2025-05-21,011-7673531-2,"Luis Jiménez Santana","Punta Cana (Bávaro)","Membresías","Premium",2690.00,1534.00,16,Activo,8,9
TRX-RD-5949,2025-05-21,402-4369425-0,"Altagracia Cruz Martínez","Santiago (Los Jardines)","Tienda Deportiva","Básica",1437.00,1427.00,13,Activo,13,7
TRX-RD-5955,2025-05-21,097-7300350-5,"Laura Sánchez Martínez","Santiago (Los Jardines)","Clases Guiadas","Premium",1009.00,1594.00,10,Activo,14,8
TRX-RD-6037,2025-05-21,002-0919408-3,"Laura Cruz Gómez","Santiago (Los Jardines)","Membresías","Básica",1690.00,1307.00,13,Activo,17,7
TRX-RD-6074,2025-05-21,002-8632191-4,"Yamilka Jiménez Jiménez","Santiago (Los Jardines)","Membresías","Básica",1690.00,1169.00,14,Activo,12,9
TRX-RD-6139,2025-05-21,001-4225018-2,"Rafael Gómez Díaz","Santiago (Los Jardines)","Membresías","Básica",1690.00,1301.00,13,Activo,16,9
TRX-RD-6158,2025-05-21,402-6753909-2,"Rosa Gómez Ventura","Santo Domingo Este (Zona Oriental)","Membresías","Básica",1690.00,1429.00,8,Activo,14,9
TRX-RD-6167,2025-05-21,037-2632060-3,"Nicole Castillo Rodríguez","Santo Domingo (Piantini)","Membresías","VIP",4890.00,2417.00,12,Activo,6,6
TRX-RD-6206,2025-05-21,002-8546073-9,"Altagracia García Ventura","Punta Cana (Bávaro)","Membresías","Básica",1690.00,1224.00,10,Activo,10,8
TRX-RD-6249,2025-05-21,031-0084252-9,"Yamilka Morales Cruz","Santo Domingo Este (Zona Oriental)","Membresías","Básica",1690.00,1317.00,6,Activo,9,8
TRX-RD-5854,2025-05-22,002-1793907-3,"Genesis Jiménez Morales","Puerto Plata Club","Membresías","VIP",4890.00,2188.00,8,Activo,11,8
TRX-RD-5856,2025-05-22,001-4336709-2,"Ana Paulino Jiménez","Santo Domingo Este (Zona Oriental)","Membresías","Básica",1690.00,1162.00,10,Activo,11,7
TRX-RD-5861,2025-05-22,402-4917674-0,"Yamilka García Morales","Punta Cana (Bávaro)","Membresías","VIP",4890.00,2476.00,10,Activo,10,8
TRX-RD-5930,2025-05-22,402-7470758-3,"Johanny Pérez Reyes","Santo Domingo (Piantini)","Membresías","VIP",4890.00,2407.00,9,Activo,11,7
TRX-RD-5936,2025-05-22,001-2647774-4,"Nicole Ventura Morales","Punta Cana (Bávaro)","Membresías","Básica",1690.00,1220.00,7,Activo,10,8
TRX-RD-5960,2025-05-22,402-0381126-6,"María Castillo Díaz","Santiago (Los Jardines)","Membresías","Básica",1690.00,916.00,11,Activo,8,8
TRX-RD-5963,2025-05-22,001-7943153-1,"Laura Martínez Reyes","Santo Domingo (Piantini)","Clases Guiadas","Básica",868.00,1213.00,15,Activo,11,8
TRX-RD-5971,2025-05-22,402-3519826-0,"José Peña Marte","Punta Cana (Bávaro)","Membresías","Básica",1690.00,1467.00,11,Activo,14,8
TRX-RD-5980,2025-05-22,031-3115349-0,"Gabriel Gómez Guzmán","Punta Cana (Bávaro)","Tienda Deportiva","Premium",907.00,1509.00,6,Activo,13,6
TRX-RD-6094,2025-05-22,402-8278172-9,"Altagracia Marte Jiménez","Punta Cana (Bávaro)","Membresías","Básica",1690.00,1135.00,5,Activo,12,7
TRX-RD-6140,2025-05-22,001-4225018-2,"Rafael Gómez Díaz","Santiago (Los Jardines)","Personal Trainer","Básica",1387.00,1301.00,13,Activo,16,9
TRX-RD-6172,2025-05-22,402-0934530-1,"Johanny Ventura Santana","Santiago (Los Jardines)","Membresías","Básica",1690.00,1432.00,11,Activo,8,7
TRX-RD-6178,2025-05-22,037-8345657-1,"Altagracia Guzmán Rodríguez","Santo Domingo (Piantini)","Membresías","VIP",4890.00,2412.00,9,Activo,15,8
TRX-RD-6204,2025-05-22,002-8193156-8,"Altagracia Martínez Castillo","Punta Cana (Bávaro)","Membresías","Básica",1690.00,1073.00,9,Activo,13,8
TRX-RD-6231,2025-05-22,402-7552381-5,"Manuel Rosario Díaz","Santo Domingo Este (Zona Oriental)","Membresías","Básica",1690.00,1509.00,4,Cancelado,12,9
TRX-RD-5855,2025-05-23,001-1334706-6,"Gabriel Pérez Vásquez","Puerto Plata Club","Membresías","Básica",1690.00,1361.00,5,Activo,12,8
TRX-RD-5859,2025-05-23,402-6826092-0,"Juan Rodríguez Reyes","Santo Domingo Este (Zona Oriental)","Membresías","Básica",1690.00,1398.00,7,Activo,12,8
TRX-RD-5868,2025-05-23,402-1899446-1,"Yamilka Castillo Pérez","Punta Cana (Bávaro)","Membresías","Básica",1690.00,1110.00,7,Activo,4,8
TRX-RD-5898,2025-05-23,097-7202263-9,"Altagracia García Rodríguez","Santiago (Los Jardines)","Personal Trainer","VIP",1350.00,2445.00,7,Activo,12,7
TRX-RD-5935,2025-05-23,097-4883894-4,"Stephanie Vásquez Guzmán","Santiago (Los Jardines)","Membresías","Básica",1690.00,1041.00,8,Activo,13,9
TRX-RD-5938,2025-05-23,031-8069871-8,"Miguel Martínez Cruz","Santo Domingo Este (Zona Oriental)","Membresías","Básica",1690.00,1173.00,12,Activo,7,8
TRX-RD-5959,2025-05-23,031-1282880-5,"María Martínez Peña","Santiago (Los Jardines)","Membresías","Premium",2690.00,1493.00,7,Activo,10,8
TRX-RD-5962,2025-05-23,001-7943153-1,"Laura Martínez Reyes","Santo Domingo (Piantini)","Membresías","Básica",1690.00,1213.00,15,Activo,11,8
TRX-RD-5970,2025-05-23,037-9815671-1,"Altagracia Jiménez Peña","Punta Cana (Bávaro)","Tienda Deportiva","Premium",1863.00,1605.00,15,Activo,10,6
TRX-RD-6030,2025-05-23,002-3548885-5,"Miguel Vásquez Cruz","Punta Cana (Bávaro)","Membresías","Básica",1690.00,1131.00,4,Activo,16,7
TRX-RD-6073,2025-05-23,002-5305764-0,"Patricia Castillo Santana","Punta Cana (Bávaro)","Membresías","Básica",1690.00,1329.00,9,Activo,12,6
TRX-RD-6085,2025-05-23,031-5457306-1,"Carlos Paulino Marte","Punta Cana (Bávaro)","Membresías","Básica",1690.00,1200.00,15,Activo,7,9
TRX-RD-6130,2025-05-23,031-8208335-6,"María Gómez Guzmán","Santiago (Los Jardines)","Membresías","Premium",2690.00,1664.00,4,Activo,9,8
TRX-RD-6152,2025-05-23,011-5973150-2,"Ramón Díaz Castillo","Santiago (Los Jardines)","Membresías","Básica",1690.00,952.00,5,Activo,16,8
TRX-RD-6157,2025-05-23,402-0044725-4,"Nicole Rosario Castillo","Santo Domingo (Piantini)","Membresías","VIP",4890.00,2318.00,9,Activo,10,9
TRX-RD-6177,2025-05-23,402-0766543-7,"Gabriel Cruz Díaz","Santo Domingo (Piantini)","Tienda Deportiva","Premium",1227.00,1829.00,10,Activo,11,9
TRX-RD-6201,2025-05-23,037-7679995-3,"Juan Gómez Rodríguez","Punta Cana (Bávaro)","Membresías","Básica",1690.00,924.00,10,Activo,6,8
TRX-RD-6215,2025-05-23,001-9581794-5,"Carlos Sánchez Martínez","Puerto Plata Club","Membresías","VIP",4890.00,2196.00,12,Activo,7,9
TRX-RD-6234,2025-05-23,011-2784457-7,"Kelvin Jiménez Gómez","Santiago (Los Jardines)","Membresías","Básica",1690.00,1191.00,17,Activo,9,8
TRX-RD-6247,2025-05-23,011-5398339-8,"Rafael Paulino Jiménez","Santo Domingo Este (Zona Oriental)","Clases Guiadas","Básica",826.00,1136.00,10,Activo,13,7
TRX-RD-5877,2025-05-24,097-7920909-8,"Ana García Santana","Santo Domingo Este (Zona Oriental)","Personal Trainer","Básica",1411.00,1411.00,10,Activo,7,8
TRX-RD-5883,2025-05-24,031-1919018-3,"Patricia Rodríguez Pérez","Santiago (Los Jardines)","Clases Guiadas","VIP",1216.00,2539.00,11,Activo,7,8
TRX-RD-5887,2025-05-24,097-6356440-9,"Carlos Rodríguez Castillo","Punta Cana (Bávaro)","Membresías","Premium",2690.00,1472.00,13,Activo,5,7
TRX-RD-5978,2025-05-24,001-5524767-9,"Ramón Jiménez Vásquez","Santo Domingo Este (Zona Oriental)","Clases Guiadas","Básica",1250.00,1201.00,7,Activo,8,9
TRX-RD-5983,2025-05-24,002-2421057-5,"Yamilka Pérez Vásquez","Santiago (Los Jardines)","Membresías","Básica",1690.00,1190.00,11,Activo,14,9
TRX-RD-6001,2025-05-24,402-7439845-8,"Nicole Sánchez Santana","Santiago (Los Jardines)","Clases Guiadas","VIP",760.00,2334.00,10,Activo,7,8
TRX-RD-6022,2025-05-24,402-1618967-6,"Carlos Paulino Guzmán","Punta Cana (Bávaro)","Membresías","Básica",1690.00,1128.00,10,Activo,13,8
TRX-RD-6039,2025-05-24,002-0919408-3,"Laura Cruz Gómez","Santiago (Los Jardines)","Clases Guiadas","Básica",798.00,1307.00,13,Activo,17,7
TRX-RD-6049,2025-05-24,402-6702324-6,"Alejandro Peña Cruz","Santo Domingo (Piantini)","Membresías","Premium",2690.00,1835.00,9,Activo,16,7
TRX-RD-6078,2025-05-24,002-2223394-2,"Johanny Martínez Reyes","Santo Domingo (Piantini)","Clases Guiadas","Premium",885.00,1445.00,7,Activo,10,8
TRX-RD-6092,2025-05-24,097-7852937-1,"Rafael Rosario Guzmán","Punta Cana (Bávaro)","Membresías","Básica",1690.00,1344.00,8,Activo,15,8
TRX-RD-6108,2025-05-24,011-1417102-6,"María Morales Morales","Santo Domingo Este (Zona Oriental)","Membresías","Básica",1690.00,1084.00,14,Activo,6,8
TRX-RD-6118,2025-05-24,037-8606750-8,"Miguel Peña Vásquez","Punta Cana (Bávaro)","Tienda Deportiva","Premium",1592.00,1553.00,9,Activo,12,7
TRX-RD-6155,2025-05-24,402-0309719-7,"Yudelka Rodríguez Guzmán","Santo Domingo (Piantini)","Clases Guiadas","VIP",1107.00,2215.00,16,Activo,7,7
TRX-RD-6181,2025-05-24,031-3458161-4,"Juan García Martínez","Santiago (Los Jardines)","Membresías","Básica",1690.00,1407.00,7,Activo,13,8
TRX-RD-6186,2025-05-24,097-2808250-5,"Johanny Paulino Rodríguez","Puerto Plata Club","Membresías","VIP",4890.00,2070.00,6,Activo,13,7
TRX-RD-6214,2025-05-24,002-6485922-4,"Carlos Sánchez García","Santiago (Los Jardines)","Tienda Deportiva","Premium",1720.00,1669.00,8,Activo,8,7
TRX-RD-6216,2025-05-24,031-3353004-2,"Emmanuel Reyes Marte","Santiago (Los Jardines)","Membresías","Básica",1690.00,1007.00,7,Activo,13,7
TRX-RD-5849,2025-05-25,402-7362251-0,"Francisco Santana Reyes","Santiago (Los Jardines)","Clases Guiadas","Básica",913.00,1325.00,13,Activo,7,9
TRX-RD-5857,2025-05-25,037-7793362-7,"Pedro Díaz Cruz","Santiago (Los Jardines)","Membresías","Básica",1690.00,1318.00,11,Activo,9,8
TRX-RD-5886,2025-05-25,011-4381267-3,"Carlos Reyes Sánchez","Santo Domingo Este (Zona Oriental)","Tienda Deportiva","Premium",1374.00,1600.00,6,Activo,15,9
TRX-RD-5889,2025-05-25,002-6149066-8,"Carolina Jiménez Jiménez","Santo Domingo (Piantini)","Membresías","Básica",1690.00,1195.00,10,Activo,12,9
TRX-RD-5904,2025-05-25,031-9385468-8,"Manuel Marte Vásquez","Santo Domingo Este (Zona Oriental)","Membresías","Básica",1690.00,1318.00,8,Activo,15,8
TRX-RD-5906,2025-05-25,011-8606403-4,"Rafael Paulino Gómez","Punta Cana (Bávaro)","Membresías","Básica",1690.00,1076.00,14,Activo,11,7
TRX-RD-5944,2025-05-25,011-7655157-8,"Emmanuel Pérez Díaz","Santo Domingo (Piantini)","Clases Guiadas","Premium",1109.00,1568.00,11,Activo,13,7
TRX-RD-5950,2025-05-25,031-3445475-4,"Luis Rodríguez Morales","Punta Cana (Bávaro)","Membresías","Premium",2690.00,1471.00,14,Activo,7,8
TRX-RD-5991,2025-05-25,097-9949127-0,"Francisco Santana Peña","Santo Domingo (Piantini)","Tienda Deportiva","VIP",1660.00,2523.00,15,Activo,12,10
TRX-RD-6011,2025-05-25,097-1835171-2,"Rafael Rodríguez Jiménez","Santo Domingo Este (Zona Oriental)","Membresías","Básica",1690.00,1218.00,7,Activo,11,7
TRX-RD-6018,2025-05-25,097-6771051-1,"Nicole Cruz Morales","Santo Domingo (Piantini)","Membresías","Premium",2690.00,1626.00,11,Activo,10,8
TRX-RD-6105,2025-05-25,002-4145283-8,"Stephanie Martínez Rodríguez","Punta Cana (Bávaro)","Membresías","Básica",1690.00,1446.00,10,Activo,9,8
TRX-RD-6106,2025-05-25,031-8488242-5,"Emmanuel Reyes Guzmán","Santo Domingo Este (Zona Oriental)","Membresías","Premium",2690.00,1538.00,7,Activo,11,9
TRX-RD-6137,2025-05-25,011-1481876-6,"Yudelka Marte Santana","Punta Cana (Bávaro)","Membresías","Premium",2690.00,1662.00,10,Activo,10,7
TRX-RD-6149,2025-05-25,001-7888720-4,"Pedro Peña Guzmán","Puerto Plata Club","Tienda Deportiva","VIP",1869.00,2841.00,13,Activo,12,8
TRX-RD-6168,2025-05-25,002-4563876-2,"Rosa Reyes Peña","Puerto Plata Club","Membresías","Básica",1690.00,1081.00,11,Activo,7,6
TRX-RD-6173,2025-05-25,402-0934530-1,"Johanny Ventura Santana","Santiago (Los Jardines)","Clases Guiadas","Básica",984.00,1432.00,11,Activo,8,7
TRX-RD-6176,2025-05-25,402-0766543-7,"Gabriel Cruz Díaz","Santo Domingo (Piantini)","Personal Trainer","Premium",1148.00,1829.00,10,Activo,11,9
TRX-RD-6205,2025-05-25,001-5706299-3,"Carmen Rosario Pérez","Santo Domingo Este (Zona Oriental)","Membresías","Básica",1690.00,1294.00,7,Activo,9,8
TRX-RD-5874,2025-05-26,097-5613607-4,"Miguel Díaz Cruz","Punta Cana (Bávaro)","Membresías","Básica",1690.00,1355.00,14,Activo,21,8
TRX-RD-5946,2025-05-26,002-2068409-6,"Gabriel Díaz Guzmán","Puerto Plata Club","Membresías","Básica",1690.00,1264.00,10,Activo,6,7
TRX-RD-5979,2025-05-26,031-3115349-0,"Gabriel Gómez Guzmán","Punta Cana (Bávaro)","Membresías","Premium",2690.00,1509.00,6,Activo,13,6
TRX-RD-5990,2025-05-26,097-9949127-0,"Francisco Santana Peña","Santo Domingo (Piantini)","Clases Guiadas","VIP",793.00,2523.00,15,Activo,12,10
TRX-RD-6008,2025-05-26,002-3932879-2,"Juan Peña Ventura","Santo Domingo Este (Zona Oriental)","Membresías","Básica",1690.00,1100.00,8,Activo,12,7
TRX-RD-6023,2025-05-26,402-1618967-6,"Carlos Paulino Guzmán","Punta Cana (Bávaro)","Personal Trainer","Básica",1608.00,1128.00,10,Activo,13,8
TRX-RD-6046,2025-05-26,001-6928831-3,"Laura Guzmán Santana","Santo Domingo (Piantini)","Membresías","Premium",2690.00,1783.00,8,Activo,9,7
TRX-RD-6057,2025-05-26,037-1474012-7,"Pedro Gómez Jiménez","Puerto Plata Club","Clases Guiadas","Básica",645.00,1647.00,7,Activo,11,8
TRX-RD-6060,2025-05-26,001-2868275-4,"Ramón Peña García","Santo Domingo (Piantini)","Membresías","VIP",4890.00,2577.00,11,Activo,9,10
TRX-RD-6112,2025-05-26,037-2983311-5,"Rafael Reyes Reyes","Santiago (Los Jardines)","Personal Trainer","Premium",1388.00,1440.00,6,Activo,12,6
TRX-RD-6124,2025-05-26,011-0266902-3,"Genesis Castillo Peña","Santo Domingo (Piantini)","Membresías","VIP",4890.00,2620.00,14,Activo,15,9
TRX-RD-6207,2025-05-26,002-8546073-9,"Altagracia García Ventura","Punta Cana (Bávaro)","Clases Guiadas","Básica",1271.00,1224.00,10,Activo,10,8
TRX-RD-5895,2025-05-27,011-9793610-5,"Luisa García Morales","Santo Domingo (Piantini)","Membresías","VIP",4890.00,2433.00,12,Activo,5,9
TRX-RD-5902,2025-05-27,011-1339381-1,"Juan Castillo Morales","Santo Domingo (Piantini)","Tienda Deportiva","Básica",1196.00,1261.00,8,Activo,2,10
TRX-RD-5917,2025-05-27,011-5108527-9,"Yudelka Morales Castillo","Santiago (Los Jardines)","Membresías","Premium",2690.00,1676.00,10,Activo,10,8
TRX-RD-5947,2025-05-27,002-2068409-6,"Gabriel Díaz Guzmán","Puerto Plata Club","Personal Trainer","Básica",1345.00,1264.00,10,Activo,6,7
TRX-RD-5981,2025-05-27,031-6851654-4,"José Rosario Pérez","Santo Domingo Este (Zona Oriental)","Membresías","Básica",1690.00,1363.00,7,Activo,11,9
TRX-RD-6024,2025-05-27,031-7501314-7,"Gabriel Ventura Vásquez","Santo Domingo (Piantini)","Membresías","VIP",4890.00,2312.00,8,Activo,9,10
TRX-RD-6102,2025-05-27,097-2566732-4,"Johanny Castillo Reyes","Santo Domingo Este (Zona Oriental)","Personal Trainer","Básica",1506.00,1137.00,7,Activo,10,10
TRX-RD-6119,2025-05-27,002-3335454-7,"Manuel Rodríguez Reyes","Santo Domingo Este (Zona Oriental)","Membresías","Básica",1690.00,1007.00,10,Activo,6,7
TRX-RD-6136,2025-05-27,037-4151451-1,"María Díaz Cruz","Punta Cana (Bávaro)","Clases Guiadas","Premium",770.00,1686.00,9,Activo,17,9
TRX-RD-6162,2025-05-27,001-2826741-6,"Yamilka Santana Martínez","Santo Domingo Este (Zona Oriental)","Membresías","Básica",1690.00,1389.00,12,Activo,9,9
TRX-RD-6194,2025-05-27,097-3320064-7,"Gabriel Vásquez Reyes","Puerto Plata Club","Personal Trainer","Básica",1629.00,1362.00,7,Activo,12,7
TRX-RD-6196,2025-05-27,031-0627540-1,"María Morales Guzmán","Punta Cana (Bávaro)","Membresías","Básica",1690.00,1201.00,14,Activo,15,8
TRX-RD-6239,2025-05-27,097-4974915-7,"Laura Santana Vásquez","Punta Cana (Bávaro)","Membresías","Básica",1690.00,1537.00,11,Activo,7,8
TRX-RD-6248,2025-05-27,002-0860564-2,"Kelvin Santana Gómez","Punta Cana (Bávaro)","Membresías","Premium",2690.00,1422.00,8,Activo,11,8
TRX-RD-5852,2025-05-28,002-2999348-0,"Carmen Vásquez Paulino","Punta Cana (Bávaro)","Membresías","Básica",1690.00,1561.00,11,Activo,19,8
TRX-RD-5860,2025-05-28,402-6826092-0,"Juan Rodríguez Reyes","Santo Domingo Este (Zona Oriental)","Clases Guiadas","Básica",1007.00,1398.00,7,Activo,12,8
TRX-RD-5892,2025-05-28,037-5764630-6,"Yamilka Sánchez Sánchez","Santiago (Los Jardines)","Membresías","VIP",4890.00,2364.00,17,Activo,12,9
TRX-RD-5976,2025-05-28,011-7856238-3,"Gabriel Marte Sánchez","Santo Domingo (Piantini)","Membresías","Básica",1690.00,1325.00,8,Activo,14,9
TRX-RD-6025,2025-05-28,002-0478549-7,"Luis Guzmán Díaz","Santo Domingo Este (Zona Oriental)","Membresías","VIP",4890.00,2524.00,10,Activo,10,8
TRX-RD-6080,2025-05-28,011-9218691-2,"Ramón Santana Gómez","Santiago (Los Jardines)","Membresías","Premium",2690.00,1586.00,11,Activo,5,7
TRX-RD-6098,2025-05-28,011-0095220-7,"Nicole Pérez Cruz","Santo Domingo (Piantini)","Membresías","Básica",1690.00,1178.00,6,Activo,14,8
TRX-RD-6103,2025-05-28,097-5388169-8,"Ana Sánchez García","Puerto Plata Club","Membresías","Premium",2690.00,1566.00,4,Activo,12,8
TRX-RD-6125,2025-05-28,097-2127106-3,"Manuel Sánchez Rodríguez","Punta Cana (Bávaro)","Membresías","Básica",1690.00,1396.00,11,Activo,9,7
TRX-RD-6147,2025-05-28,402-5462716-5,"Genesis García García","Punta Cana (Bávaro)","Membresías","Premium",2690.00,1764.00,13,Activo,3,8
TRX-RD-6150,2025-05-28,037-6256257-1,"Ramón Díaz Jiménez","Santo Domingo Este (Zona Oriental)","Membresías","Básica",1690.00,1342.00,8,Activo,9,7
TRX-RD-6184,2025-05-28,402-3799506-9,"Miguel Castillo Cruz","Santo Domingo Este (Zona Oriental)","Clases Guiadas","Básica",1011.00,1112.00,15,Activo,14,8
TRX-RD-6245,2025-05-28,402-5039105-5,"María Díaz Santana","Puerto Plata Club","Tienda Deportiva","Básica",1327.00,1209.00,10,Activo,6,9
TRX-RD-6267,2025-06-01,001-4336709-2,"Ana Paulino Jiménez","Santo Domingo Este (Zona Oriental)","Personal Trainer","Básica",1519.00,1162.00,10,Activo,9,5
TRX-RD-6285,2025-06-01,001-6183166-4,"Carlos Rosario Martínez","Santiago (Los Jardines)","Clases Guiadas","Básica",494.00,1100.00,5,Activo,12,8
TRX-RD-6295,2025-06-01,402-3548220-1,"Laura Díaz García","Santo Domingo Este (Zona Oriental)","Tienda Deportiva","VIP",1699.00,2357.00,12,Activo,12,7
TRX-RD-6337,2025-06-01,011-0658246-1,"Manuel Jiménez Rosario","Puerto Plata Club","Membresías","Premium",2690.00,1298.00,12,Activo,18,8
TRX-RD-6390,2025-06-01,097-5512692-8,"Juan Reyes Gómez","Santo Domingo Este (Zona Oriental)","Membresías","Básica",1690.00,1195.00,7,Activo,12,8
TRX-RD-6404,2025-06-01,031-6851654-4,"José Rosario Pérez","Santo Domingo Este (Zona Oriental)","Membresías","Básica",1690.00,1363.00,7,Activo,10,8
TRX-RD-6409,2025-06-01,037-8163497-1,"Carolina Marte Reyes","Santo Domingo (Piantini)","Membresías","VIP",4890.00,2270.00,10,Activo,8,7
TRX-RD-6435,2025-06-01,002-3932879-2,"Juan Peña Ventura","Santo Domingo Este (Zona Oriental)","Membresías","Básica",1690.00,1100.00,8,Activo,17,8
TRX-RD-6466,2025-06-01,002-0478549-7,"Luis Guzmán Díaz","Santo Domingo Este (Zona Oriental)","Membresías","VIP",4890.00,2524.00,10,Activo,6,5
TRX-RD-6474,2025-06-01,002-3548885-5,"Miguel Vásquez Cruz","Punta Cana (Bávaro)","Membresías","Básica",1690.00,1131.00,4,Cancelado,10,5
TRX-RD-6478,2025-06-01,002-2155877-8,"Genesis Jiménez García","Santiago (Los Jardines)","Membresías","Premium",2690.00,1357.00,13,Activo,8,9
TRX-RD-6496,2025-06-01,031-1581612-0,"Ana Cruz Sánchez","Puerto Plata Club","Membresías","Básica",1690.00,1359.00,7,Activo,17,9
TRX-RD-6508,2025-06-01,001-2868275-4,"Ramón Peña García","Santo Domingo (Piantini)","Membresías","VIP",4890.00,2577.00,11,Activo,8,8
TRX-RD-6563,2025-06-01,002-4145283-8,"Stephanie Martínez Rodríguez","Punta Cana (Bávaro)","Membresías","Básica",1690.00,1446.00,10,Activo,12,8
TRX-RD-6599,2025-06-01,402-5541175-9,"Yamilka Sánchez Díaz","Santiago (Los Jardines)","Membresías","VIP",4890.00,2404.00,11,Activo,12,7
TRX-RD-6600,2025-06-01,402-5541175-9,"Yamilka Sánchez Díaz","Santiago (Los Jardines)","Clases Guiadas","VIP",878.00,2404.00,11,Activo,12,7
TRX-RD-6607,2025-06-01,037-4151451-1,"María Díaz Cruz","Punta Cana (Bávaro)","Membresías","Premium",2690.00,1686.00,9,Activo,10,10
TRX-RD-6612,2025-06-01,031-9583417-5,"Alejandro Cruz Vásquez","Santiago (Los Jardines)","Membresías","Premium",2690.00,1421.00,12,Activo,8,8
TRX-RD-6616,2025-06-01,402-6167615-5,"María Gómez Marte","Puerto Plata Club","Personal Trainer","Premium",1649.00,1749.00,7,Activo,6,9
TRX-RD-6645,2025-06-01,037-6396478-4,"Miguel Marte Rosario","Punta Cana (Bávaro)","Tienda Deportiva","Básica",1533.00,1489.00,7,Activo,7,8
TRX-RD-6666,2025-06-01,402-1332067-0,"Carlos Díaz Martínez","Santo Domingo Este (Zona Oriental)","Membresías","Básica",1690.00,1485.00,10,Activo,10,7
TRX-RD-6256,2025-06-02,031-4625065-3,"Rosa Paulino Cruz","Santiago (Los Jardines)","Clases Guiadas","Básica",843.00,1280.00,7,Activo,14,7
TRX-RD-6261,2025-06-02,002-2999348-0,"Carmen Vásquez Paulino","Punta Cana (Bávaro)","Membresías","Básica",1690.00,1561.00,11,Activo,9,7
TRX-RD-6271,2025-06-02,402-5436022-1,"Stephanie Marte Paulino","Santiago (Los Jardines)","Clases Guiadas","Básica",820.00,1136.00,14,Activo,11,9
TRX-RD-6276,2025-06-02,402-3725711-4,"Genesis Rodríguez Sánchez","Punta Cana (Bávaro)","Membresías","Básica",1690.00,1179.00,14,Activo,7,8
TRX-RD-6316,2025-06-02,011-8606403-4,"Rafael Paulino Gómez","Punta Cana (Bávaro)","Membresías","Básica",1690.00,1076.00,14,Activo,11,8
TRX-RD-6326,2025-06-02,001-9939436-2,"Pedro Rosario Sánchez","Santo Domingo Este (Zona Oriental)","Membresías","Básica",1690.00,1328.00,12,Activo,11,6
TRX-RD-6334,2025-06-02,402-0968845-2,"María Santana Sánchez","Santiago (Los Jardines)","Membresías","Básica",1690.00,998.00,8,Activo,12,7
TRX-RD-6358,2025-06-02,011-7655157-8,"Emmanuel Pérez Díaz","Santo Domingo (Piantini)","Membresías","Premium",2690.00,1568.00,11,Activo,12,8
TRX-RD-6366,2025-06-02,402-4369425-0,"Altagracia Cruz Martínez","Santiago (Los Jardines)","Personal Trainer","Básica",1378.00,1427.00,13,Activo,10,9
TRX-RD-6372,2025-06-02,037-6831363-1,"José Santana Díaz","Santiago (Los Jardines)","Membresías","Básica",1690.00,1317.00,9,Activo,12,9
TRX-RD-6375,2025-06-02,097-7300350-5,"Laura Sánchez Martínez","Santiago (Los Jardines)","Tienda Deportiva","Premium",1301.00,1594.00,10,Activo,10,8
TRX-RD-6378,2025-06-02,031-1102942-1,"Miguel Sánchez Sánchez","Santo Domingo (Piantini)","Clases Guiadas","Básica",855.00,1329.00,19,Activo,13,9
TRX-RD-6383,2025-06-02,031-1282880-5,"María Martínez Peña","Santiago (Los Jardines)","Membresías","Premium",2690.00,1493.00,7,Activo,10,8
TRX-RD-6411,2025-06-02,001-6323693-8,"Manuel Vásquez Sánchez","Punta Cana (Bávaro)","Tienda Deportiva","VIP",1685.00,2549.00,11,Activo,12,8
TRX-RD-6420,2025-06-02,001-2220302-9,"Ana Martínez Santana","Punta Cana (Bávaro)","Membresías","Básica",1690.00,1409.00,11,Activo,18,7
TRX-RD-6445,2025-06-02,002-6000131-8,"María Jiménez Santana","Puerto Plata Club","Membresías","Premium",2690.00,1598.00,10,Activo,13,7
TRX-RD-6463,2025-06-02,031-7501314-7,"Gabriel Ventura Vásquez","Santo Domingo (Piantini)","Membresías","VIP",4890.00,2312.00,8,Activo,10,7
TRX-RD-6465,2025-06-02,031-7501314-7,"Gabriel Ventura Vásquez","Santo Domingo (Piantini)","Clases Guiadas","VIP",868.00,2312.00,8,Activo,10,7
TRX-RD-6504,2025-06-02,097-2331703-9,"María Jiménez Martínez","Santiago (Los Jardines)","Clases Guiadas","Básica",964.00,1256.00,9,Activo,10,7
TRX-RD-6580,2025-06-02,097-4631063-1,"Pedro Peña Vásquez","Santo Domingo (Piantini)","Membresías","Básica",1690.00,1244.00,9,Activo,9,10
TRX-RD-6642,2025-06-02,002-7118342-8,"Alejandro Paulino Ventura","Puerto Plata Club","Membresías","Básica",1690.00,1198.00,12,Activo,9,7
TRX-RD-6646,2025-06-02,037-2632060-3,"Nicole Castillo Rodríguez","Santo Domingo (Piantini)","Membresías","VIP",4890.00,2417.00,12,Activo,6,8
TRX-RD-6669,2025-06-02,097-2808250-5,"Johanny Paulino Rodríguez","Puerto Plata Club","Membresías","VIP",4890.00,2070.00,6,Activo,11,8
TRX-RD-6735,2025-06-02,011-6281236-4,"Gabriel Sánchez Pérez","Santiago (Los Jardines)","Membresías","Premium",2690.00,1729.00,8,Activo,14,7
TRX-RD-6330,2025-06-03,011-3620797-2,"Francisco Marte Morales","Santo Domingo (Piantini)","Clases Guiadas","VIP",892.00,2664.00,11,Activo,14,9
TRX-RD-6367,2025-06-03,402-4369425-0,"Altagracia Cruz Martínez","Santiago (Los Jardines)","Tienda Deportiva","Básica",1854.00,1427.00,13,Activo,10,9
TRX-RD-6394,2025-06-03,402-3519826-0,"José Peña Marte","Punta Cana (Bávaro)","Personal Trainer","Básica",1456.00,1467.00,11,Activo,14,8
TRX-RD-6468,2025-06-03,002-0478549-7,"Luis Guzmán Díaz","Santo Domingo Este (Zona Oriental)","Clases Guiadas","VIP",961.00,2524.00,10,Activo,6,5
TRX-RD-6543,2025-06-03,001-6862823-8,"Kelvin Vásquez Pérez","Santo Domingo (Piantini)","Clases Guiadas","Básica",1218.00,1068.00,12,Activo,12,7
TRX-RD-6587,2025-06-03,031-6698507-1,"Carolina Castillo Guzmán","Santo Domingo Este (Zona Oriental)","Personal Trainer","Básica",2071.00,1338.00,11,Activo,10,7
TRX-RD-6592,2025-06-03,037-7381306-2,"Carmen Gómez Martínez","Punta Cana (Bávaro)","Membresías","Premium",2690.00,1895.00,10,Activo,8,8
TRX-RD-6651,2025-06-03,402-0934530-1,"Johanny Ventura Santana","Santiago (Los Jardines)","Membresías","Básica",1690.00,1432.00,11,Activo,14,9
TRX-RD-6270,2025-06-04,402-5436022-1,"Stephanie Marte Paulino","Santiago (Los Jardines)","Membresías","Básica",1690.00,1136.00,14,Activo,11,9
TRX-RD-6293,2025-06-04,031-1919018-3,"Patricia Rodríguez Pérez","Santiago (Los Jardines)","Membresías","VIP",4890.00,2539.00,11,Activo,13,6
TRX-RD-6322,2025-06-04,001-3041013-7,"Juan Ventura García","Punta Cana (Bávaro)","Membresías","Premium",2690.00,1565.00,6,Activo,14,10
TRX-RD-6325,2025-06-04,097-1176412-7,"Gabriel Jiménez Sánchez","Santo Domingo (Piantini)","Tienda Deportiva","Premium",2154.00,1963.00,8,Activo,12,9
TRX-RD-6331,2025-06-04,037-9879283-8,"Carmen Morales Cruz","Santo Domingo (Piantini)","Membresías","Básica",1690.00,1237.00,10,Activo,14,8
TRX-RD-6348,2025-06-04,031-7139591-0,"Rafael Sánchez Paulino","Santo Domingo Este (Zona Oriental)","Membresías","Básica",1690.00,1135.00,11,Activo,11,7
TRX-RD-6363,2025-06-04,002-2068409-6,"Gabriel Díaz Guzmán","Puerto Plata Club","Membresías","Básica",1690.00,1264.00,10,Activo,8,8
TRX-RD-6433,2025-06-04,011-3552274-4,"Ramón Marte Morales","Santo Domingo (Piantini)","Membresías","Básica",1690.00,1475.00,4,Cancelado,13,7
TRX-RD-6453,2025-06-04,097-6771051-1,"Nicole Cruz Morales","Santo Domingo (Piantini)","Clases Guiadas","Premium",967.00,1626.00,11,Activo,12,8
TRX-RD-6462,2025-06-04,402-1618967-6,"Carlos Paulino Guzmán","Punta Cana (Bávaro)","Clases Guiadas","Básica",520.00,1128.00,10,Activo,14,6
TRX-RD-6481,2025-06-04,037-8021183-9,"Miguel Pérez Rodríguez","Santiago (Los Jardines)","Membresías","Premium",2690.00,1509.00,8,Activo,8,8
TRX-RD-6527,2025-06-04,031-0389221-6,"Laura Reyes Marte","Santo Domingo (Piantini)","Clases Guiadas","Premium",919.00,1788.00,9,Activo,10,8
TRX-RD-6547,2025-06-04,097-7852937-1,"Rafael Rosario Guzmán","Punta Cana (Bávaro)","Clases Guiadas","Básica",1003.00,1344.00,8,Activo,12,7
TRX-RD-6581,2025-06-04,097-4631063-1,"Pedro Peña Vásquez","Santo Domingo (Piantini)","Tienda Deportiva","Básica",1678.00,1244.00,9,Activo,9,10
TRX-RD-6589,2025-06-04,002-6259335-3,"Emmanuel Guzmán Rosario","Santo Domingo Este (Zona Oriental)","Membresías","Premium",2690.00,2156.00,16,Activo,12,9
TRX-RD-6606,2025-06-04,097-9758518-0,"Carmen Jiménez Jiménez","Santo Domingo (Piantini)","Membresías","Premium",2690.00,1735.00,6,Activo,7,7
TRX-RD-6630,2025-06-04,097-5339295-1,"Juan Santana Díaz","Puerto Plata Club","Tienda Deportiva","Básica",1861.00,1374.00,7,Activo,7,7
TRX-RD-6657,2025-06-04,037-8345657-1,"Altagracia Guzmán Rodríguez","Santo Domingo (Piantini)","Membresías","VIP",4890.00,2412.00,9,Activo,10,7
TRX-RD-6671,2025-06-04,037-1003202-4,"Gabriel Díaz Martínez","Santo Domingo Este (Zona Oriental)","Membresías","Básica",1690.00,1256.00,8,Activo,15,9
TRX-RD-6711,2025-06-04,011-4532392-7,"Gabriel Marte Vásquez","Santo Domingo Este (Zona Oriental)","Tienda Deportiva","Premium",1747.00,1474.00,14,Activo,11,8
TRX-RD-6732,2025-06-04,031-2693777-4,"Emmanuel Santana Reyes","Santo Domingo Este (Zona Oriental)","Membresías","Básica",1690.00,1388.00,12,Activo,8,10
TRX-RD-6737,2025-06-04,011-5398339-8,"Rafael Paulino Jiménez","Santo Domingo Este (Zona Oriental)","Membresías","Básica",1690.00,1136.00,10,Activo,13,9
TRX-RD-6259,2025-06-05,037-9546737-6,"Stephanie Reyes Gómez","Punta Cana (Bávaro)","Membresías","Básica",1690.00,1340.00,7,Activo,9,8
TRX-RD-6277,2025-06-05,002-7517997-6,"Yamilka Guzmán Santana","Santiago (Los Jardines)","Membresías","VIP",4890.00,2635.00,9,Activo,6,8
TRX-RD-6319,2025-06-05,002-4974312-1,"Patricia Guzmán Pérez","Santo Domingo (Piantini)","Membresías","Premium",2690.00,1678.00,10,Activo,11,9
TRX-RD-6328,2025-06-05,011-5108527-9,"Yudelka Morales Castillo","Santiago (Los Jardines)","Personal Trainer","Premium",1772.00,1676.00,10,Activo,9,8
TRX-RD-6345,2025-06-05,097-4883894-4,"Stephanie Vásquez Guzmán","Santiago (Los Jardines)","Membresías","Básica",1690.00,1041.00,8,Activo,12,8
TRX-RD-6360,2025-06-05,001-7971463-9,"Luisa Peña Díaz","Punta Cana (Bávaro)","Membresías","VIP",4890.00,2491.00,11,Activo,12,7
TRX-RD-6376,2025-06-05,031-1102942-1,"Miguel Sánchez Sánchez","Santo Domingo (Piantini)","Membresías","Básica",1690.00,1329.00,19,Activo,13,9
TRX-RD-6395,2025-06-05,402-3519826-0,"José Peña Marte","Punta Cana (Bávaro)","Clases Guiadas","Básica",1024.00,1467.00,11,Activo,14,8
TRX-RD-6396,2025-06-05,037-7029147-8,"Carlos Marte Pérez","Santiago (Los Jardines)","Membresías","Premium",2690.00,1534.00,8,Activo,13,9
TRX-RD-6427,2025-06-05,402-8831087-9,"Manuel Ventura Rosario","Santiago (Los Jardines)","Clases Guiadas","Básica",858.00,1141.00,12,Activo,15,8
TRX-RD-6434,2025-06-05,001-6416894-0,"Gabriel Guzmán Castillo","Punta Cana (Bávaro)","Membresías","Básica",1690.00,1018.00,9,Activo,12,9
TRX-RD-6456,2025-06-05,001-0419364-4,"Ramón Jiménez Santana","Santo Domingo (Piantini)","Tienda Deportiva","Básica",949.00,1238.00,12,Activo,15,7
TRX-RD-6467,2025-06-05,002-0478549-7,"Luis Guzmán Díaz","Santo Domingo Este (Zona Oriental)","Personal Trainer","VIP",1332.00,2524.00,10,Activo,6,5
TRX-RD-6553,2025-06-05,011-0095220-7,"Nicole Pérez Cruz","Santo Domingo (Piantini)","Membresías","Básica",1690.00,1178.00,6,Activo,15,8
TRX-RD-6602,2025-06-05,031-8208335-6,"María Gómez Guzmán","Santiago (Los Jardines)","Tienda Deportiva","Premium",2049.00,1664.00,4,Cancelado,10,9
TRX-RD-6639,2025-06-05,001-2826741-6,"Yamilka Santana Martínez","Santo Domingo Este (Zona Oriental)","Membresías","Básica",1690.00,1389.00,12,Activo,8,9
TRX-RD-6654,2025-06-05,097-3249981-0,"Manuel Reyes Rosario","Puerto Plata Club","Tienda Deportiva","Básica",1487.00,1486.00,10,Activo,15,10
TRX-RD-6663,2025-06-05,097-8097227-0,"Miguel Ventura Martínez","Santiago (Los Jardines)","Membresías","VIP",4890.00,2387.00,10,Activo,11,10
TRX-RD-6702,2025-06-05,002-6485922-4,"Carlos Sánchez García","Santiago (Los Jardines)","Tienda Deportiva","Premium",1523.00,1669.00,8,Activo,18,7
TRX-RD-6708,2025-06-05,011-6743865-2,"María Rosario Cruz","Puerto Plata Club","Membresías","Premium",2690.00,1561.00,10,Activo,6,7
TRX-RD-6716,2025-06-05,011-3392304-3,"Pedro Gómez Díaz","Santiago (Los Jardines)","Membresías","Básica",1690.00,1229.00,16,Activo,11,9
TRX-RD-6717,2025-06-05,031-1859472-4,"Laura Martínez García","Puerto Plata Club","Membresías","VIP",4890.00,2690.00,10,Activo,14,8
TRX-RD-6263,2025-06-06,002-1793907-3,"Genesis Jiménez Morales","Puerto Plata Club","Membresías","VIP",4890.00,2188.00,8,Activo,12,8
TRX-RD-6280,2025-06-06,402-1899446-1,"Yamilka Castillo Pérez","Punta Cana (Bávaro)","Clases Guiadas","Básica",782.00,1110.00,7,Activo,3,7
TRX-RD-6317,2025-06-06,011-8606403-4,"Rafael Paulino Gómez","Punta Cana (Bávaro)","Personal Trainer","Básica",1386.00,1076.00,14,Activo,11,8
TRX-RD-6346,2025-06-06,001-2647774-4,"Nicole Ventura Morales","Punta Cana (Bávaro)","Membresías","Básica",1690.00,1220.00,7,Activo,9,9
TRX-RD-6352,2025-06-06,402-4830579-5,"Laura Marte Guzmán","Santiago (Los Jardines)","Tienda Deportiva","Básica",1738.00,999.00,12,Activo,14,9
TRX-RD-6354,2025-06-06,002-0153299-1,"Alejandro Sánchez Marte","Punta Cana (Bávaro)","Membresías","Básica",1690.00,1148.00,7,Activo,11,6
TRX-RD-6359,2025-06-06,011-7655157-8,"Emmanuel Pérez Díaz","Santo Domingo (Piantini)","Personal Trainer","Premium",1603.00,1568.00,11,Activo,12,8
TRX-RD-6364,2025-06-06,002-2068409-6,"Gabriel Díaz Guzmán","Puerto Plata Club","Personal Trainer","Básica",1412.00,1264.00,10,Activo,8,8
TRX-RD-6373,2025-06-06,097-7300350-5,"Laura Sánchez Martínez","Santiago (Los Jardines)","Membresías","Premium",2690.00,1594.00,10,Activo,10,8
TRX-RD-6374,2025-06-06,097-7300350-5,"Laura Sánchez Martínez","Santiago (Los Jardines)","Clases Guiadas","Premium",1160.00,1594.00,10,Activo,10,8
TRX-RD-6385,2025-06-06,011-6221764-8,"José Díaz Marte","Santiago (Los Jardines)","Membresías","VIP",4890.00,2405.00,1,Activo,3,7
TRX-RD-6391,2025-06-06,001-0742516-7,"Luis Ventura Reyes","Santo Domingo Este (Zona Oriental)","Membresías","Básica",1690.00,1136.00,15,Activo,10,7
TRX-RD-6406,2025-06-06,037-3740762-1,"Pedro Morales Rosario","Santo Domingo Este (Zona Oriental)","Membresías","Básica",1690.00,1223.00,6,Activo,6,10
TRX-RD-6437,2025-06-06,097-3530510-5,"Alejandro Marte Reyes","Puerto Plata Club","Membresías","VIP",4890.00,2566.00,8,Activo,15,9
TRX-RD-6457,2025-06-06,097-0213742-4,"Kelvin Castillo Díaz","Santiago (Los Jardines)","Membresías","Básica",1690.00,1434.00,14,Activo,14,7
TRX-RD-6475,2025-06-06,002-3548885-5,"Miguel Vásquez Cruz","Punta Cana (Bávaro)","Personal Trainer","Básica",1636.00,1131.00,4,Cancelado,10,5
TRX-RD-6501,2025-06-06,402-0772858-1,"Rosa Ventura Jiménez","Puerto Plata Club","Membresías","VIP",4890.00,2382.00,8,Activo,10,9
TRX-RD-6503,2025-06-06,097-2331703-9,"María Jiménez Martínez","Santiago (Los Jardines)","Personal Trainer","Básica",1376.00,1256.00,9,Activo,10,7
TRX-RD-6513,2025-06-06,011-2788001-9,"Ramón Ventura Reyes","Santo Domingo (Piantini)","Tienda Deportiva","VIP",1558.00,2662.00,13,Activo,11,10
TRX-RD-6520,2025-06-06,001-2207218-4,"Luisa Marte Vásquez","Santo Domingo Este (Zona Oriental)","Clases Guiadas","VIP",812.00,2660.00,9,Activo,9,9
TRX-RD-6530,2025-06-06,097-9613201-8,"Johanny Marte Castillo","Santo Domingo Este (Zona Oriental)","Membresías","Básica",1690.00,954.00,14,Activo,14,7
TRX-RD-6532,2025-06-06,011-9218691-2,"Ramón Santana Gómez","Santiago (Los Jardines)","Membresías","Premium",2690.00,1586.00,11,Activo,5,8
TRX-RD-6545,2025-06-06,097-7852937-1,"Rafael Rosario Guzmán","Punta Cana (Bávaro)","Membresías","Básica",1690.00,1344.00,8,Activo,12,7
TRX-RD-6591,2025-06-06,037-1628893-5,"Rosa Gómez Rosario","Santiago (Los Jardines)","Membresías","Premium",2690.00,1668.00,3,Cancelado,9,9
TRX-RD-6683,2025-06-06,097-0712831-1,"Miguel Rodríguez Paulino","Santo Domingo (Piantini)","Membresías","Premium",2690.00,1658.00,13,Activo,4,7
TRX-RD-6688,2025-06-06,002-2682440-7,"María Marte Guzmán","Santo Domingo Este (Zona Oriental)","Membresías","Básica",1690.00,1248.00,13,Activo,13,6
TRX-RD-6257,2025-06-07,037-1550315-1,"Miguel Ventura Rodríguez","Punta Cana (Bávaro)","Membresías","Premium",2690.00,1579.00,8,Activo,5,9
TRX-RD-6310,2025-06-07,097-7202263-9,"Altagracia García Rodríguez","Santiago (Los Jardines)","Tienda Deportiva","VIP",1831.00,2445.00,7,Activo,15,7
TRX-RD-6324,2025-06-07,097-1176412-7,"Gabriel Jiménez Sánchez","Santo Domingo (Piantini)","Membresías","Premium",2690.00,1963.00,8,Activo,12,9
TRX-RD-6368,2025-06-07,031-3445475-4,"Luis Rodríguez Morales","Punta Cana (Bávaro)","Membresías","Premium",2690.00,1471.00,14,Activo,12,8
TRX-RD-6382,2025-06-07,001-3849562-7,"Joan Guzmán Santana","Santo Domingo (Piantini)","Tienda Deportiva","VIP",1763.00,2406.00,12,Activo,12,6
TRX-RD-6408,2025-06-07,037-2074875-9,"Ramón Pérez Marte","Puerto Plata Club","Membresías","Básica",1690.00,1114.00,14,Activo,7,7
TRX-RD-6431,2025-06-07,001-9905757-1,"Alejandro Marte Paulino","Punta Cana (Bávaro)","Membresías","Premium",2690.00,1944.00,13,Activo,13,10
TRX-RD-6447,2025-06-07,002-6000131-8,"María Jiménez Santana","Puerto Plata Club","Tienda Deportiva","Premium",1777.00,1598.00,10,Activo,13,7
TRX-RD-6451,2025-06-07,402-4204423-4,"Ramón Guzmán Paulino","Santiago (Los Jardines)","Personal Trainer","Básica",1296.00,1178.00,9,Activo,12,8
TRX-RD-6498,2025-06-07,001-6928831-3,"Laura Guzmán Santana","Santo Domingo (Piantini)","Membresías","Premium",2690.00,1783.00,8,Activo,13,9
TRX-RD-6566,2025-06-07,031-8639038-5,"Manuel Cruz Santana","Santiago (Los Jardines)","Membresías","Premium",2690.00,1556.00,10,Activo,13,9
TRX-RD-6619,2025-06-07,031-4566564-6,"Carolina Vásquez Jiménez","Santiago (Los Jardines)","Membresías","Básica",1690.00,1233.00,7,Activo,11,9
TRX-RD-6633,2025-06-07,402-0044725-4,"Nicole Rosario Castillo","Santo Domingo (Piantini)","Personal Trainer","VIP",1494.00,2318.00,9,Activo,15,8
TRX-RD-6637,2025-06-07,037-6416060-6,"Luisa Cruz Díaz","Punta Cana (Bávaro)","Tienda Deportiva","Básica",1911.00,1171.00,4,Activo,9,7
TRX-RD-6665,2025-06-07,097-8097227-0,"Miguel Ventura Martínez","Santiago (Los Jardines)","Tienda Deportiva","VIP",2443.00,2387.00,10,Activo,11,10
TRX-RD-6692,2025-06-07,002-8546073-9,"Altagracia García Ventura","Punta Cana (Bávaro)","Membresías","Básica",1690.00,1224.00,10,Activo,10,9
TRX-RD-6311,2025-06-08,402-0624088-5,"Carlos Sánchez Guzmán","Santo Domingo (Piantini)","Membresías","Básica",1690.00,1359.00,14,Activo,12,8
TRX-RD-6332,2025-06-08,037-9879283-8,"Carmen Morales Cruz","Santo Domingo (Piantini)","Personal Trainer","Básica",1612.00,1237.00,10,Activo,14,8
TRX-RD-6333,2025-06-08,037-9879283-8,"Carmen Morales Cruz","Santo Domingo (Piantini)","Clases Guiadas","Básica",917.00,1237.00,10,Activo,14,8
TRX-RD-6339,2025-06-08,402-2735504-3,"Ramón Marte Sánchez","Santiago (Los Jardines)","Membresías","Premium",2690.00,1446.00,12,Activo,9,8
TRX-RD-6380,2025-06-08,001-3849562-7,"Joan Guzmán Santana","Santo Domingo (Piantini)","Membresías","VIP",4890.00,2406.00,12,Activo,12,6
TRX-RD-6418,2025-06-08,097-9949127-0,"Francisco Santana Peña","Santo Domingo (Piantini)","Clases Guiadas","VIP",986.00,2523.00,15,Activo,10,9
TRX-RD-6439,2025-06-08,002-9235870-2,"Juan Castillo Cruz","Punta Cana (Bávaro)","Membresías","VIP",4890.00,2478.00,10,Activo,12,10
TRX-RD-6448,2025-06-08,011-6072118-7,"Stephanie Cruz Sánchez","Santiago (Los Jardines)","Membresías","Básica",1690.00,1288.00,6,Activo,11,9
TRX-RD-6483,2025-06-08,037-7869598-5,"Kelvin Ventura García","Punta Cana (Bávaro)","Membresías","Premium",2690.00,1596.00,13,Activo,14,7
TRX-RD-6490,2025-06-08,001-2305238-3,"Johanny Jiménez Marte","Santo Domingo (Piantini)","Membresías","VIP",4890.00,2486.00,10,Activo,13,9
TRX-RD-6493,2025-06-08,402-0475896-1,"Carolina Reyes Rosario","Santo Domingo (Piantini)","Membresías","Premium",2690.00,1762.00,12,Activo,15,8
TRX-RD-6507,2025-06-08,001-7825008-0,"Emmanuel Marte Gómez","Santiago (Los Jardines)","Membresías","Premium",2690.00,1831.00,4,Activo,14,7
TRX-RD-6514,2025-06-08,031-3415573-2,"Kelvin Rosario Díaz","Santo Domingo (Piantini)","Membresías","Premium",2690.00,1705.00,7,Activo,15,8
TRX-RD-6536,2025-06-08,002-3232256-0,"Patricia Santana Morales","Santo Domingo (Piantini)","Membresías","Básica",1690.00,1098.00,11,Activo,8,7
TRX-RD-6603,2025-06-08,037-5710505-5,"Manuel Reyes Paulino","Santo Domingo Este (Zona Oriental)","Membresías","Básica",1690.00,1187.00,13,Activo,10,8
TRX-RD-6609,2025-06-08,011-1481876-6,"Yudelka Marte Santana","Punta Cana (Bávaro)","Membresías","Premium",2690.00,1662.00,10,Activo,10,9
TRX-RD-6617,2025-06-08,037-0534406-1,"Yudelka Guzmán Martínez","Punta Cana (Bávaro)","Membresías","Premium",2690.00,1985.00,9,Activo,8,7
TRX-RD-6668,2025-06-08,402-1332067-0,"Carlos Díaz Martínez","Santo Domingo Este (Zona Oriental)","Clases Guiadas","Básica",1103.00,1485.00,10,Activo,10,7
TRX-RD-6673,2025-06-08,031-7353529-9,"Patricia Sánchez Santana","Santiago (Los Jardines)","Membresías","Básica",1690.00,1184.00,9,Activo,9,8
TRX-RD-6739,2025-06-08,031-0084252-9,"Yamilka Morales Cruz","Santo Domingo Este (Zona Oriental)","Membresías","Básica",1690.00,1317.00,6,Activo,8,7
TRX-RD-6254,2025-06-09,031-4201189-3,"Alejandro Díaz Castillo","Santo Domingo (Piantini)","Membresías","Básica",1690.00,949.00,11,Activo,9,7
TRX-RD-6262,2025-06-09,002-6588410-6,"Laura Díaz Díaz","Santo Domingo Este (Zona Oriental)","Membresías","Premium",2690.00,1880.00,6,Activo,12,7
TRX-RD-6269,2025-06-09,037-7793362-7,"Pedro Díaz Cruz","Santiago (Los Jardines)","Clases Guiadas","Básica",1161.00,1318.00,11,Activo,12,9
TRX-RD-6381,2025-06-09,001-3849562-7,"Joan Guzmán Santana","Santo Domingo (Piantini)","Clases Guiadas","VIP",873.00,2406.00,12,Activo,12,6
TRX-RD-6393,2025-06-09,402-3519826-0,"José Peña Marte","Punta Cana (Bávaro)","Membresías","Básica",1690.00,1467.00,11,Activo,14,8
TRX-RD-6461,2025-06-09,402-1618967-6,"Carlos Paulino Guzmán","Punta Cana (Bávaro)","Personal Trainer","Básica",1244.00,1128.00,10,Activo,14,6
TRX-RD-6505,2025-06-09,097-2331703-9,"María Jiménez Martínez","Santiago (Los Jardines)","Tienda Deportiva","Básica",1583.00,1256.00,9,Activo,10,7
TRX-RD-6552,2025-06-09,002-7964571-7,"Yamilka Ventura Peña","Punta Cana (Bávaro)","Membresías","Básica",1690.00,1430.00,11,Activo,10,7
TRX-RD-6586,2025-06-09,031-6698507-1,"Carolina Castillo Guzmán","Santo Domingo Este (Zona Oriental)","Membresías","Básica",1690.00,1338.00,11,Activo,10,7
TRX-RD-6636,2025-06-09,037-6416060-6,"Luisa Cruz Díaz","Punta Cana (Bávaro)","Membresías","Básica",1690.00,1171.00,4,Activo,9,7
TRX-RD-6685,2025-06-09,402-5274340-2,"Altagracia Morales Sánchez","Santiago (Los Jardines)","Membresías","Premium",2690.00,1875.00,9,Activo,4,10
TRX-RD-6690,2025-06-09,002-8193156-8,"Altagracia Martínez Castillo","Punta Cana (Bávaro)","Membresías","Básica",1690.00,1073.00,9,Activo,9,10
TRX-RD-6723,2025-06-09,011-2784457-7,"Kelvin Jiménez Gómez","Santiago (Los Jardines)","Personal Trainer","Básica",1801.00,1191.00,17,Activo,8,9
TRX-RD-6726,2025-06-09,002-8585690-2,"Gabriel Cruz Rosario","Punta Cana (Bávaro)","Membresías","Premium",2690.00,1358.00,9,Activo,13,10
TRX-RD-6727,2025-06-09,002-8585690-2,"Gabriel Cruz Rosario","Punta Cana (Bávaro)","Personal Trainer","Premium",1905.00,1358.00,9,Activo,13,10
TRX-RD-6288,2025-06-10,002-9985685-6,"Ana Reyes Santana","Santiago (Los Jardines)","Membresías","Básica",1690.00,1420.00,10,Activo,15,6
TRX-RD-6312,2025-06-10,037-2758457-9,"José Cruz Vásquez","Santo Domingo Este (Zona Oriental)","Membresías","Premium",2690.00,1678.00,12,Activo,11,8
TRX-RD-6347,2025-06-10,001-2647774-4,"Nicole Ventura Morales","Punta Cana (Bávaro)","Tienda Deportiva","Básica",2239.00,1220.00,7,Activo,9,9
TRX-RD-6389,2025-06-10,001-0668806-2,"Genesis Gómez Ventura","Santo Domingo (Piantini)","Membresías","VIP",4890.00,2342.00,8,Activo,10,8
TRX-RD-6460,2025-06-10,402-1618967-6,"Carlos Paulino Guzmán","Punta Cana (Bávaro)","Membresías","Básica",1690.00,1128.00,10,Activo,14,6
TRX-RD-6519,2025-06-10,001-2207218-4,"Luisa Marte Vásquez","Santo Domingo Este (Zona Oriental)","Personal Trainer","VIP",1747.00,2660.00,9,Activo,9,9
TRX-RD-6533,2025-06-10,011-9218691-2,"Ramón Santana Gómez","Santiago (Los Jardines)","Personal Trainer","Premium",1228.00,1586.00,11,Activo,5,8
TRX-RD-6568,2025-06-10,031-0979907-6,"Yamilka Peña Sánchez","Puerto Plata Club","Clases Guiadas","VIP",852.00,2596.00,8,Activo,7,8
TRX-RD-6573,2025-06-10,002-2227557-0,"Kelvin Díaz García","Santo Domingo (Piantini)","Personal Trainer","VIP",1715.00,2334.00,17,Activo,10,9
TRX-RD-6596,2025-06-10,097-2127106-3,"Manuel Sánchez Rodríguez","Punta Cana (Bávaro)","Membresías","Básica",1690.00,1396.00,11,Activo,11,9
TRX-RD-6661,2025-06-10,402-3799506-9,"Miguel Castillo Cruz","Santo Domingo Este (Zona Oriental)","Membresías","Básica",1690.00,1112.00,15,Activo,11,7
TRX-RD-6682,2025-06-10,037-6341494-7,"Juan Guzmán García","Santiago (Los Jardines)","Membresías","Básica",1690.00,1478.00,8,Activo,14,9
TRX-RD-6689,2025-06-10,402-0142321-3,"Stephanie Morales Marte","Punta Cana (Bávaro)","Membresías","VIP",4890.00,2376.00,10,Activo,10,9
TRX-RD-6700,2025-06-10,097-8381334-9,"Carmen Rosario Ventura","Puerto Plata Club","Tienda Deportiva","Premium",1343.00,1763.00,12,Activo,14,6
TRX-RD-6704,2025-06-10,031-6366255-8,"Patricia Cruz Marte","Santo Domingo (Piantini)","Personal Trainer","Básica",1646.00,1166.00,12,Activo,15,8
TRX-RD-6707,2025-06-10,031-3353004-2,"Emmanuel Reyes Marte","Santiago (Los Jardines)","Membresías","Básica",1690.00,1007.00,7,Activo,13,8
TRX-RD-6713,2025-06-10,011-3817674-6,"Manuel Reyes Rodríguez","Santiago (Los Jardines)","Membresías","VIP",4890.00,2435.00,12,Activo,12,8
TRX-RD-6722,2025-06-10,011-2784457-7,"Kelvin Jiménez Gómez","Santiago (Los Jardines)","Membresías","Básica",1690.00,1191.00,17,Activo,8,9
TRX-RD-6268,2025-06-11,037-7793362-7,"Pedro Díaz Cruz","Santiago (Los Jardines)","Membresías","Básica",1690.00,1318.00,11,Activo,12,9
TRX-RD-6306,2025-06-11,011-9793610-5,"Luisa García Morales","Santo Domingo (Piantini)","Membresías","VIP",4890.00,2433.00,12,Activo,10,8
TRX-RD-6343,2025-06-11,001-4914206-9,"Gabriel Díaz Reyes","Santiago (Los Jardines)","Membresías","Premium",2690.00,1504.00,15,Activo,16,7
TRX-RD-6362,2025-06-11,001-7971463-9,"Luisa Peña Díaz","Punta Cana (Bávaro)","Tienda Deportiva","VIP",1628.00,2491.00,11,Activo,12,7
TRX-RD-6370,2025-06-11,001-9152930-4,"María Díaz Morales","Santo Domingo (Piantini)","Clases Guiadas","Premium",946.00,1749.00,14,Activo,7,9
TRX-RD-6410,2025-06-11,001-6323693-8,"Manuel Vásquez Sánchez","Punta Cana (Bávaro)","Membresías","VIP",4890.00,2549.00,11,Activo,12,8
TRX-RD-6436,2025-06-11,002-3932879-2,"Juan Peña Ventura","Santo Domingo Este (Zona Oriental)","Personal Trainer","Básica",1759.00,1100.00,8,Activo,17,8
TRX-RD-6469,2025-06-11,037-6310867-1,"Carlos Gómez Gómez","Santo Domingo Este (Zona Oriental)","Membresías","Básica",1690.00,1314.00,8,Activo,13,8
TRX-RD-6472,2025-06-11,037-3326682-3,"Emmanuel Pérez Sánchez","Santo Domingo (Piantini)","Membresías","Premium",2690.00,1669.00,4,Activo,11,8
TRX-RD-6529,2025-06-11,402-2255694-2,"Johanny Rosario Pérez","Punta Cana (Bávaro)","Membresías","Premium",2690.00,1944.00,7,Activo,13,9
TRX-RD-6549,2025-06-11,001-1274666-4,"Kelvin Marte Guzmán","Santiago (Los Jardines)","Membresías","Premium",2690.00,1496.00,10,Activo,11,9
TRX-RD-6559,2025-06-11,031-7085259-8,"Carmen Díaz Rosario","Santiago (Los Jardines)","Clases Guiadas","Premium",937.00,1695.00,11,Activo,10,7
TRX-RD-6578,2025-06-11,011-7170800-9,"Emmanuel Paulino Rosario","Santo Domingo Este (Zona Oriental)","Personal Trainer","Básica",1881.00,1290.00,6,Activo,14,9
TRX-RD-6598,2025-06-11,037-7443702-8,"José Martínez Díaz","Santo Domingo (Piantini)","Personal Trainer","Premium",1277.00,1742.00,7,Activo,6,9
TRX-RD-6680,2025-06-11,031-0627540-1,"María Morales Guzmán","Punta Cana (Bávaro)","Membresías","Básica",1690.00,1201.00,14,Activo,16,9
TRX-RD-6730,2025-06-11,097-4974915-7,"Laura Santana Vásquez","Punta Cana (Bávaro)","Clases Guiadas","Básica",1063.00,1537.00,11,Activo,13,8
TRX-RD-6260,2025-06-12,037-9546737-6,"Stephanie Reyes Gómez","Punta Cana (Bávaro)","Personal Trainer","Básica",1375.00,1340.00,7,Activo,9,8
TRX-RD-6296,2025-06-12,037-4397113-1,"Pedro Marte García","Santo Domingo (Piantini)","Membresías","VIP",4890.00,2512.00,13,Activo,10,8
TRX-RD-6300,2025-06-12,002-6149066-8,"Carolina Jiménez Jiménez","Santo Domingo (Piantini)","Membresías","Básica",1690.00,1195.00,10,Activo,9,8
TRX-RD-6336,2025-06-12,011-6895563-9,"Kelvin Rodríguez Gómez","Santo Domingo Este (Zona Oriental)","Clases Guiadas","Básica",873.00,1157.00,12,Activo,15,9
TRX-RD-6432,2025-06-12,097-5033409-7,"Rafael Santana Reyes","Santo Domingo (Piantini)","Membresías","Básica",1690.00,1108.00,7,Activo,9,7
TRX-RD-6487,2025-06-12,031-8253717-9,"Juan Castillo Pérez","Santo Domingo (Piantini)","Membresías","Básica",1690.00,1057.00,14,Activo,6,9
TRX-RD-6509,2025-06-12,001-2868275-4,"Ramón Peña García","Santo Domingo (Piantini)","Clases Guiadas","VIP",933.00,2577.00,11,Activo,8,8
TRX-RD-6510,2025-06-12,402-3202685-2,"Genesis Jiménez Ventura","Santo Domingo (Piantini)","Membresías","Premium",2690.00,1779.00,8,Activo,14,10
TRX-RD-6524,2025-06-12,002-8632191-4,"Yamilka Jiménez Jiménez","Santiago (Los Jardines)","Clases Guiadas","Básica",971.00,1169.00,14,Activo,13,9
TRX-RD-6542,2025-06-12,001-6862823-8,"Kelvin Vásquez Pérez","Santo Domingo (Piantini)","Membresías","Básica",1690.00,1068.00,12,Activo,12,7
TRX-RD-6560,2025-06-12,097-5388169-8,"Ana Sánchez García","Puerto Plata Club","Membresías","Premium",2690.00,1566.00,4,Activo,11,7
TRX-RD-6569,2025-06-12,011-1417102-6,"María Morales Morales","Santo Domingo Este (Zona Oriental)","Membresías","Básica",1690.00,1084.00,14,Activo,13,7
TRX-RD-6572,2025-06-12,002-2227557-0,"Kelvin Díaz García","Santo Domingo (Piantini)","Membresías","VIP",4890.00,2334.00,17,Activo,10,9
TRX-RD-6583,2025-06-12,037-8606750-8,"Miguel Peña Vásquez","Punta Cana (Bávaro)","Membresías","Premium",2690.00,1553.00,9,Activo,11,10
TRX-RD-6605,2025-06-12,402-0403131-0,"Stephanie Sánchez Cruz","Santo Domingo Este (Zona Oriental)","Membresías","Básica",1690.00,1243.00,5,Activo,13,9
TRX-RD-6643,2025-06-12,037-6396478-4,"Miguel Marte Rosario","Punta Cana (Bávaro)","Membresías","Básica",1690.00,1489.00,7,Activo,7,8
TRX-RD-6679,2025-06-12,097-3320064-7,"Gabriel Vásquez Reyes","Puerto Plata Club","Tienda Deportiva","Básica",1768.00,1362.00,7,Activo,15,8
TRX-RD-6710,2025-06-12,011-4532392-7,"Gabriel Marte Vásquez","Santo Domingo Este (Zona Oriental)","Membresías","Premium",2690.00,1474.00,14,Activo,11,8
TRX-RD-6287,2025-06-13,011-9439820-0,"Ramón Guzmán Reyes","Santo Domingo (Piantini)","Clases Guiadas","Premium",789.00,1665.00,9,Activo,16,9
TRX-RD-6313,2025-06-13,011-1339381-1,"Juan Castillo Morales","Santo Domingo (Piantini)","Membresías","Básica",1690.00,1261.00,8,Activo,15,8
TRX-RD-6323,2025-06-13,001-3041013-7,"Juan Ventura García","Punta Cana (Bávaro)","Clases Guiadas","Premium",1090.00,1565.00,6,Activo,14,10
TRX-RD-6353,2025-06-13,031-8069871-8,"Miguel Martínez Cruz","Santo Domingo Este (Zona Oriental)","Membresías","Básica",1690.00,1173.00,12,Activo,8,7
TRX-RD-6355,2025-06-13,002-0153299-1,"Alejandro Sánchez Marte","Punta Cana (Bávaro)","Tienda Deportiva","Básica",1199.00,1148.00,7,Activo,11,6
TRX-RD-6401,2025-06-13,001-5524767-9,"Ramón Jiménez Vásquez","Santo Domingo Este (Zona Oriental)","Personal Trainer","Básica",1148.00,1201.00,7,Activo,12,7
TRX-RD-6403,2025-06-13,031-3115349-0,"Gabriel Gómez Guzmán","Punta Cana (Bávaro)","Tienda Deportiva","Premium",1634.00,1509.00,6,Activo,13,8
TRX-RD-6405,2025-06-13,002-2421057-5,"Yamilka Pérez Vásquez","Santiago (Los Jardines)","Membresías","Básica",1690.00,1190.00,11,Activo,10,8
TRX-RD-6430,2025-06-13,031-2974266-8,"Johanny Jiménez Jiménez","Santo Domingo (Piantini)","Membresías","Premium",2690.00,1751.00,12,Activo,16,7
TRX-RD-6511,2025-06-13,011-0803242-4,"Laura Gómez Ventura","Santiago (Los Jardines)","Membresías","VIP",4890.00,2719.00,12,Activo,13,9
TRX-RD-6531,2025-06-13,097-9613201-8,"Johanny Marte Castillo","Santo Domingo Este (Zona Oriental)","Tienda Deportiva","Básica",2104.00,954.00,14,Activo,14,7
TRX-RD-6548,2025-06-13,011-0228573-9,"Laura Sánchez Peña","Santiago (Los Jardines)","Membresías","Premium",2690.00,1619.00,7,Activo,13,8
TRX-RD-6561,2025-06-13,097-5388169-8,"Ana Sánchez García","Puerto Plata Club","Clases Guiadas","Premium",988.00,1566.00,4,Activo,11,7
TRX-RD-6590,2025-06-13,002-6259335-3,"Emmanuel Guzmán Rosario","Santo Domingo Este (Zona Oriental)","Tienda Deportiva","Premium",1706.00,2156.00,16,Activo,12,9
TRX-RD-6611,2025-06-13,097-4377382-3,"Kelvin Marte Santana","Santo Domingo (Piantini)","Personal Trainer","Premium",1200.00,1336.00,6,Activo,10,7
TRX-RD-6615,2025-06-13,402-6167615-5,"María Gómez Marte","Puerto Plata Club","Membresías","Premium",2690.00,1749.00,7,Activo,6,9
TRX-RD-6672,2025-06-13,037-1003202-4,"Gabriel Díaz Martínez","Santo Domingo Este (Zona Oriental)","Clases Guiadas","Básica",964.00,1256.00,8,Activo,15,9
TRX-RD-6678,2025-06-13,097-3320064-7,"Gabriel Vásquez Reyes","Puerto Plata Club","Clases Guiadas","Básica",925.00,1362.00,7,Activo,15,8
TRX-RD-6686,2025-06-13,002-4726579-6,"Emmanuel Paulino Jiménez","Punta Cana (Bávaro)","Membresías","Básica",1690.00,1176.00,8,Activo,11,8
TRX-RD-6733,2025-06-13,011-4966584-4,"Emmanuel Vásquez Sánchez","Santo Domingo Este (Zona Oriental)","Membresías","Premium",2690.00,1777.00,13,Activo,16,9
TRX-RD-6258,2025-06-14,402-7362251-0,"Francisco Santana Reyes","Santiago (Los Jardines)","Membresías","Básica",1690.00,1325.00,13,Activo,10,9
TRX-RD-6281,2025-06-14,037-1324151-5,"Carlos Reyes Martínez","Puerto Plata Club","Membresías","Premium",2690.00,1887.00,14,Activo,8,8
TRX-RD-6292,2025-06-14,097-0737044-2,"Ana Rodríguez Paulino","Santo Domingo (Piantini)","Membresías","Premium",2690.00,1636.00,12,Activo,11,7
TRX-RD-6299,2025-06-14,097-6356440-9,"Carlos Rodríguez Castillo","Punta Cana (Bávaro)","Membresías","Premium",2690.00,1472.00,13,Activo,5,7
TRX-RD-6357,2025-06-14,011-2564054-8,"Pedro García Reyes","Puerto Plata Club","Membresías","Premium",2690.00,1702.00,13,Activo,11,7
TRX-RD-6414,2025-06-14,011-2927458-3,"María Martínez Gómez","Santiago (Los Jardines)","Membresías","Básica",1690.00,1067.00,5,Activo,10,10
TRX-RD-6459,2025-06-14,031-8796310-7,"Ana Marte Sánchez","Santo Domingo Este (Zona Oriental)","Membresías","Básica",1690.00,1181.00,13,Activo,11,9
TRX-RD-6482,2025-06-14,011-9238115-8,"Pedro Rosario Sánchez","Santiago (Los Jardines)","Membresías","Básica",1690.00,1324.00,13,Activo,11,8
TRX-RD-6488,2025-06-14,011-7420481-6,"Ramón Reyes García","Santo Domingo Este (Zona Oriental)","Membresías","Básica",1690.00,1608.00,11,Activo,11,9
TRX-RD-6515,2025-06-14,002-2795339-5,"Ramón Martínez Vásquez","Santo Domingo (Piantini)","Membresías","Básica",1690.00,1134.00,12,Activo,17,9
TRX-RD-6541,2025-06-14,011-3083034-0,"Kelvin Marte Santana","Santiago (Los Jardines)","Membresías","Básica",1690.00,1259.00,7,Activo,13,10
TRX-RD-6601,2025-06-14,031-8208335-6,"María Gómez Guzmán","Santiago (Los Jardines)","Membresías","Premium",2690.00,1664.00,4,Cancelado,10,9
TRX-RD-6620,2025-06-14,031-4566564-6,"Carolina Vásquez Jiménez","Santiago (Los Jardines)","Clases Guiadas","Básica",971.00,1233.00,7,Activo,11,9
TRX-RD-6653,2025-06-14,097-3249981-0,"Manuel Reyes Rosario","Puerto Plata Club","Membresías","Básica",1690.00,1486.00,10,Activo,15,10
TRX-RD-6684,2025-06-14,031-5780704-5,"Joan Guzmán Rodríguez","Punta Cana (Bávaro)","Membresías","VIP",4890.00,2509.00,13,Activo,17,10
TRX-RD-6728,2025-06-14,002-8585690-2,"Gabriel Cruz Rosario","Punta Cana (Bávaro)","Tienda Deportiva","Premium",1787.00,1358.00,9,Activo,13,10
TRX-RD-6740,2025-06-14,037-3006683-8,"Carmen Peña Peña","Punta Cana (Bávaro)","Membresías","Básica",1690.00,1406.00,10,Activo,10,9
TRX-RD-6327,2025-06-15,011-5108527-9,"Yudelka Morales Castillo","Santiago (Los Jardines)","Membresías","Premium",2690.00,1676.00,10,Activo,9,8
TRX-RD-6350,2025-06-15,402-4830579-5,"Laura Marte Guzmán","Santiago (Los Jardines)","Membresías","Básica",1690.00,999.00,12,Activo,14,9
TRX-RD-6412,2025-06-15,011-8589574-3,"Carlos Guzmán Sánchez","Punta Cana (Bávaro)","Membresías","VIP",4890.00,2413.00,8,Activo,12,8
TRX-RD-6494,2025-06-15,011-9824525-8,"José Sánchez Marte","Santo Domingo (Piantini)","Membresías","Premium",2690.00,1765.00,11,Activo,9,9
TRX-RD-6537,2025-06-15,002-3232256-0,"Patricia Santana Morales","Santo Domingo (Piantini)","Personal Trainer","Básica",1965.00,1098.00,11,Activo,8,7
TRX-RD-6538,2025-06-15,002-3232256-0,"Patricia Santana Morales","Santo Domingo (Piantini)","Tienda Deportiva","Básica",1721.00,1098.00,11,Activo,8,7
TRX-RD-6556,2025-06-15,097-2566732-4,"Johanny Castillo Reyes","Santo Domingo Este (Zona Oriental)","Personal Trainer","Básica",1726.00,1137.00,7,Activo,10,7
TRX-RD-6574,2025-06-15,037-2983311-5,"Rafael Reyes Reyes","Santiago (Los Jardines)","Membresías","Premium",2690.00,1440.00,6,Activo,13,8
TRX-RD-6660,2025-06-15,031-3458161-4,"Juan García Martínez","Santiago (Los Jardines)","Tienda Deportiva","Básica",1778.00,1407.00,7,Activo,15,6
TRX-RD-6675,2025-06-15,402-6097595-4,"Miguel Rosario Martínez","Santiago (Los Jardines)","Membresías","Premium",2690.00,1653.00,13,Activo,9,8
TRX-RD-6709,2025-06-15,011-6743865-2,"María Rosario Cruz","Puerto Plata Club","Clases Guiadas","Premium",600.00,1561.00,10,Activo,6,7
TRX-RD-6264,2025-06-16,001-1334706-6,"Gabriel Pérez Vásquez","Puerto Plata Club","Membresías","Básica",1690.00,1361.00,5,Activo,13,10
TRX-RD-6279,2025-06-16,402-1899446-1,"Yamilka Castillo Pérez","Punta Cana (Bávaro)","Membresías","Básica",1690.00,1110.00,7,Activo,3,7
TRX-RD-6305,2025-06-16,402-9497962-6,"Juan Sánchez Ventura","Santo Domingo Este (Zona Oriental)","Clases Guiadas","Premium",716.00,1775.00,11,Activo,9,9
TRX-RD-6318,2025-06-16,011-8606403-4,"Rafael Paulino Gómez","Punta Cana (Bávaro)","Tienda Deportiva","Básica",1399.00,1076.00,14,Activo,11,8
TRX-RD-6320,2025-06-16,402-6347891-5,"Ramón Martínez Morales","Punta Cana (Bávaro)","Membresías","Básica",1690.00,1268.00,11,Activo,10,6
TRX-RD-6371,2025-06-16,001-9152930-4,"María Díaz Morales","Santo Domingo (Piantini)","Tienda Deportiva","Premium",1409.00,1749.00,14,Activo,7,9
TRX-RD-6379,2025-06-16,031-1102942-1,"Miguel Sánchez Sánchez","Santo Domingo (Piantini)","Tienda Deportiva","Básica",1421.00,1329.00,19,Activo,13,9
TRX-RD-6438,2025-06-16,097-3530510-5,"Alejandro Marte Reyes","Puerto Plata Club","Personal Trainer","VIP",1773.00,2566.00,8,Activo,15,9
TRX-RD-6528,2025-06-16,002-2223394-2,"Johanny Martínez Reyes","Santo Domingo (Piantini)","Membresías","Premium",2690.00,1445.00,7,Activo,11,8
TRX-RD-6562,2025-06-16,097-5388169-8,"Ana Sánchez García","Puerto Plata Club","Tienda Deportiva","Premium",2141.00,1566.00,4,Activo,11,7
TRX-RD-6626,2025-06-16,011-5973150-2,"Ramón Díaz Castillo","Santiago (Los Jardines)","Membresías","Básica",1690.00,952.00,5,Activo,15,8
TRX-RD-6252,2025-06-17,402-6032335-3,"Rosa Pérez Martínez","Santo Domingo (Piantini)","Membresías","VIP",4890.00,2308.00,11,Activo,14,7
TRX-RD-6278,2025-06-17,002-7517997-6,"Yamilka Guzmán Santana","Santiago (Los Jardines)","Clases Guiadas","VIP",994.00,2635.00,9,Activo,6,8
TRX-RD-6321,2025-06-17,402-6347891-5,"Ramón Martínez Morales","Punta Cana (Bávaro)","Personal Trainer","Básica",1617.00,1268.00,11,Activo,10,6
TRX-RD-6342,2025-06-17,402-7470758-3,"Johanny Pérez Reyes","Santo Domingo (Piantini)","Clases Guiadas","VIP",1154.00,2407.00,9,Activo,14,5
TRX-RD-6351,2025-06-17,402-4830579-5,"Laura Marte Guzmán","Santiago (Los Jardines)","Clases Guiadas","Básica",849.00,999.00,12,Activo,14,9
TRX-RD-6388,2025-06-17,001-7943153-1,"Laura Martínez Reyes","Santo Domingo (Piantini)","Membresías","Básica",1690.00,1213.00,15,Activo,5,9
TRX-RD-6397,2025-06-17,037-7029147-8,"Carlos Marte Pérez","Santiago (Los Jardines)","Personal Trainer","Premium",1180.00,1534.00,8,Activo,13,9
TRX-RD-6423,2025-06-17,031-8246707-0,"Alejandro Marte Morales","Puerto Plata Club","Membresías","VIP",4890.00,2388.00,11,Activo,13,8
TRX-RD-6449,2025-06-17,002-5206211-2,"Kelvin Cruz Morales","Puerto Plata Club","Membresías","Premium",2690.00,2020.00,10,Activo,10,7
TRX-RD-6450,2025-06-17,402-4204423-4,"Ramón Guzmán Paulino","Santiago (Los Jardines)","Membresías","Básica",1690.00,1178.00,9,Activo,12,8
TRX-RD-6455,2025-06-17,001-0419364-4,"Ramón Jiménez Santana","Santo Domingo (Piantini)","Clases Guiadas","Básica",1143.00,1238.00,12,Activo,15,7
TRX-RD-6470,2025-06-17,402-7419040-0,"Manuel Morales Martínez","Santiago (Los Jardines)","Membresías","VIP",4890.00,2232.00,14,Activo,7,8
TRX-RD-6471,2025-06-17,402-7419040-0,"Manuel Morales Martínez","Santiago (Los Jardines)","Clases Guiadas","VIP",912.00,2232.00,14,Activo,7,8
TRX-RD-6506,2025-06-17,037-1474012-7,"Pedro Gómez Jiménez","Puerto Plata Club","Membresías","Básica",1690.00,1647.00,7,Activo,6,7
TRX-RD-6523,2025-06-17,002-8632191-4,"Yamilka Jiménez Jiménez","Santiago (Los Jardines)","Membresías","Básica",1690.00,1169.00,14,Activo,13,9
TRX-RD-6555,2025-06-17,097-2566732-4,"Johanny Castillo Reyes","Santo Domingo Este (Zona Oriental)","Membresías","Básica",1690.00,1137.00,7,Activo,10,7
TRX-RD-6564,2025-06-17,031-8488242-5,"Emmanuel Reyes Guzmán","Santo Domingo Este (Zona Oriental)","Membresías","Premium",2690.00,1538.00,7,Activo,14,9
TRX-RD-6579,2025-06-17,011-7170800-9,"Emmanuel Paulino Rosario","Santo Domingo Este (Zona Oriental)","Tienda Deportiva","Básica",1786.00,1290.00,6,Activo,14,9
TRX-RD-6608,2025-06-17,037-4151451-1,"María Díaz Cruz","Punta Cana (Bávaro)","Tienda Deportiva","Premium",1299.00,1686.00,9,Activo,10,10
TRX-RD-6641,2025-06-17,031-3955124-0,"Luis Pérez Vásquez","Santo Domingo (Piantini)","Personal Trainer","Básica",1846.00,1130.00,9,Activo,11,8
TRX-RD-6677,2025-06-17,097-3320064-7,"Gabriel Vásquez Reyes","Puerto Plata Club","Personal Trainer","Básica",1220.00,1362.00,7,Activo,15,8
TRX-RD-6736,2025-06-17,011-6281236-4,"Gabriel Sánchez Pérez","Santiago (Los Jardines)","Clases Guiadas","Premium",941.00,1729.00,8,Activo,14,7
TRX-RD-6286,2025-06-18,011-9439820-0,"Ramón Guzmán Reyes","Santo Domingo (Piantini)","Membresías","Premium",2690.00,1665.00,9,Activo,16,9
TRX-RD-6290,2025-06-18,097-5613607-4,"Miguel Díaz Cruz","Punta Cana (Bávaro)","Membresías","Básica",1690.00,1355.00,14,Activo,5,9
TRX-RD-6291,2025-06-18,097-7920909-8,"Ana García Santana","Santo Domingo Este (Zona Oriental)","Membresías","Básica",1690.00,1411.00,10,Activo,11,10
TRX-RD-6301,2025-06-18,002-6149066-8,"Carolina Jiménez Jiménez","Santo Domingo (Piantini)","Tienda Deportiva","Básica",1985.00,1195.00,10,Activo,9,8
TRX-RD-6314,2025-06-18,402-9604871-9,"Rafael Guzmán Pérez","Punta Cana (Bávaro)","Membresías","Premium",2690.00,1714.00,9,Activo,17,7
TRX-RD-6344,2025-06-18,402-3864375-9,"Kelvin Ventura Pérez","Santo Domingo (Piantini)","Membresías","VIP",4890.00,2450.00,9,Activo,13,8
TRX-RD-6349,2025-06-18,031-7139591-0,"Rafael Sánchez Paulino","Santo Domingo Este (Zona Oriental)","Clases Guiadas","Básica",1040.00,1135.00,11,Activo,11,7
TRX-RD-6356,2025-06-18,011-3176432-4,"Manuel Gómez Castillo","Santo Domingo Este (Zona Oriental)","Membresías","Básica",1690.00,1311.00,14,Activo,14,8
TRX-RD-6402,2025-06-18,031-3115349-0,"Gabriel Gómez Guzmán","Punta Cana (Bávaro)","Membresías","Premium",2690.00,1509.00,6,Activo,13,8
TRX-RD-6426,2025-06-18,402-8831087-9,"Manuel Ventura Rosario","Santiago (Los Jardines)","Membresías","Básica",1690.00,1141.00,12,Activo,15,8
TRX-RD-6473,2025-06-18,037-3326682-3,"Emmanuel Pérez Sánchez","Santo Domingo (Piantini)","Tienda Deportiva","Premium",1308.00,1669.00,4,Activo,11,8
TRX-RD-6480,2025-06-18,402-4161120-7,"Carlos Vásquez Peña","Santo Domingo (Piantini)","Tienda Deportiva","Premium",1741.00,1665.00,10,Activo,10,9
TRX-RD-6497,2025-06-18,031-1581612-0,"Ana Cruz Sánchez","Puerto Plata Club","Clases Guiadas","Básica",811.00,1359.00,7,Activo,17,9
TRX-RD-6500,2025-06-18,402-6702324-6,"Alejandro Peña Cruz","Santo Domingo (Piantini)","Membresías","Premium",2690.00,1835.00,9,Activo,16,8
TRX-RD-6512,2025-06-18,011-2788001-9,"Ramón Ventura Reyes","Santo Domingo (Piantini)","Membresías","VIP",4890.00,2662.00,13,Activo,11,10
TRX-RD-6517,2025-06-18,011-4453841-8,"Manuel Morales Paulino","Puerto Plata Club","Personal Trainer","Básica",1670.00,1143.00,10,Activo,12,10
TRX-RD-6526,2025-06-18,031-0389221-6,"Laura Reyes Marte","Santo Domingo (Piantini)","Personal Trainer","Premium",1513.00,1788.00,9,Activo,10,8
TRX-RD-6550,2025-06-18,402-8278172-9,"Altagracia Marte Jiménez","Punta Cana (Bávaro)","Membresías","Básica",1690.00,1135.00,5,Activo,9,7
TRX-RD-6577,2025-06-18,011-7170800-9,"Emmanuel Paulino Rosario","Santo Domingo Este (Zona Oriental)","Membresías","Básica",1690.00,1290.00,6,Activo,14,9
TRX-RD-6594,2025-06-18,011-0266902-3,"Genesis Castillo Peña","Santo Domingo (Piantini)","Membresías","VIP",4890.00,2620.00,14,Activo,9,8
TRX-RD-6629,2025-06-18,097-5339295-1,"Juan Santana Díaz","Puerto Plata Club","Membresías","Básica",1690.00,1374.00,7,Activo,7,7
TRX-RD-6632,2025-06-18,402-0044725-4,"Nicole Rosario Castillo","Santo Domingo (Piantini)","Membresías","VIP",4890.00,2318.00,9,Activo,15,8
TRX-RD-6640,2025-06-18,031-3955124-0,"Luis Pérez Vásquez","Santo Domingo (Piantini)","Membresías","Básica",1690.00,1130.00,9,Activo,11,8
TRX-RD-6656,2025-06-18,031-6853975-1,"Francisco Ventura Rodríguez","Santo Domingo (Piantini)","Membresías","Premium",2690.00,1584.00,11,Activo,17,8
TRX-RD-6699,2025-06-18,097-8381334-9,"Carmen Rosario Ventura","Puerto Plata Club","Membresías","Premium",2690.00,1763.00,12,Activo,14,6
TRX-RD-6724,2025-06-18,037-7816548-4,"Manuel Jiménez Martínez","Santiago (Los Jardines)","Membresías","Premium",2690.00,1719.00,11,Activo,14,9
TRX-RD-6734,2025-06-18,402-5039105-5,"María Díaz Santana","Puerto Plata Club","Membresías","Básica",1690.00,1209.00,10,Activo,8,7
TRX-RD-6274,2025-06-19,402-4917674-0,"Yamilka García Morales","Punta Cana (Bávaro)","Membresías","VIP",4890.00,2476.00,10,Activo,10,9
TRX-RD-6283,2025-06-19,001-6183166-4,"Carlos Rosario Martínez","Santiago (Los Jardines)","Membresías","Básica",1690.00,1100.00,5,Activo,12,8
TRX-RD-6365,2025-06-19,402-4369425-0,"Altagracia Cruz Martínez","Santiago (Los Jardines)","Membresías","Básica",1690.00,1427.00,13,Activo,10,9
TRX-RD-6377,2025-06-19,031-1102942-1,"Miguel Sánchez Sánchez","Santo Domingo (Piantini)","Personal Trainer","Básica",1770.00,1329.00,19,Activo,13,9
TRX-RD-6387,2025-06-19,402-9032230-0,"Pedro Morales García","Punta Cana (Bávaro)","Personal Trainer","Básica",1579.00,1224.00,9,Activo,8,8
TRX-RD-6400,2025-06-19,001-5524767-9,"Ramón Jiménez Vásquez","Santo Domingo Este (Zona Oriental)","Membresías","Básica",1690.00,1201.00,7,Activo,12,7
TRX-RD-6422,2025-06-19,097-7940625-6,"Carlos Reyes Rosario","Santo Domingo (Piantini)","Personal Trainer","VIP",1642.00,2633.00,9,Activo,14,7
TRX-RD-6441,2025-06-19,002-9235870-2,"Juan Castillo Cruz","Punta Cana (Bávaro)","Clases Guiadas","VIP",895.00,2478.00,10,Activo,12,10
TRX-RD-6454,2025-06-19,001-0419364-4,"Ramón Jiménez Santana","Santo Domingo (Piantini)","Membresías","Básica",1690.00,1238.00,12,Activo,15,7
TRX-RD-6458,2025-06-19,097-0213742-4,"Kelvin Castillo Díaz","Santiago (Los Jardines)","Tienda Deportiva","Básica",1593.00,1434.00,14,Activo,14,7
TRX-RD-6499,2025-06-19,097-3288495-3,"Luis Sánchez Peña","Santiago (Los Jardines)","Membresías","VIP",4890.00,2380.00,11,Activo,11,7
TRX-RD-6627,2025-06-19,011-5973150-2,"Ramón Díaz Castillo","Santiago (Los Jardines)","Clases Guiadas","Básica",999.00,952.00,5,Activo,15,8
TRX-RD-6644,2025-06-19,037-6396478-4,"Miguel Marte Rosario","Punta Cana (Bávaro)","Personal Trainer","Básica",1606.00,1489.00,7,Activo,7,8
TRX-RD-6652,2025-06-19,402-0934530-1,"Johanny Ventura Santana","Santiago (Los Jardines)","Personal Trainer","Básica",1633.00,1432.00,11,Activo,14,9
TRX-RD-6705,2025-06-19,031-2956002-9,"Manuel Pérez Guzmán","Santo Domingo Este (Zona Oriental)","Membresías","Premium",2690.00,1777.00,12,Activo,17,8
TRX-RD-6738,2025-06-19,002-0860564-2,"Kelvin Santana Gómez","Punta Cana (Bávaro)","Membresías","Premium",2690.00,1422.00,8,Activo,6,7
TRX-RD-6265,2025-06-20,001-1334706-6,"Gabriel Pérez Vásquez","Puerto Plata Club","Tienda Deportiva","Básica",1850.00,1361.00,5,Activo,13,10
TRX-RD-6272,2025-06-20,402-6826092-0,"Juan Rodríguez Reyes","Santo Domingo Este (Zona Oriental)","Membresías","Básica",1690.00,1398.00,7,Activo,13,10
TRX-RD-6298,2025-06-20,011-4381267-3,"Carlos Reyes Sánchez","Santo Domingo Este (Zona Oriental)","Personal Trainer","Premium",1295.00,1600.00,6,Activo,13,9
TRX-RD-6335,2025-06-20,011-6895563-9,"Kelvin Rodríguez Gómez","Santo Domingo Este (Zona Oriental)","Membresías","Básica",1690.00,1157.00,12,Activo,15,9
TRX-RD-6442,2025-06-20,031-8363385-2,"Nicole Reyes Vásquez","Santiago (Los Jardines)","Membresías","Básica",1690.00,1343.00,14,Activo,11,8
TRX-RD-6479,2025-06-20,402-4161120-7,"Carlos Vásquez Peña","Santo Domingo (Piantini)","Membresías","Premium",2690.00,1665.00,10,Activo,10,9
TRX-RD-6489,2025-06-20,002-0919408-3,"Laura Cruz Gómez","Santiago (Los Jardines)","Membresías","Básica",1690.00,1307.00,13,Activo,12,8
TRX-RD-6492,2025-06-20,402-2286782-8,"Patricia Sánchez Sánchez","Santiago (Los Jardines)","Personal Trainer","Premium",1310.00,1526.00,5,Activo,10,9
TRX-RD-6522,2025-06-20,002-5305764-0,"Patricia Castillo Santana","Punta Cana (Bávaro)","Membresías","Básica",1690.00,1329.00,9,Activo,8,9
TRX-RD-6544,2025-06-20,031-3994908-9,"Genesis Martínez Pérez","Santo Domingo (Piantini)","Membresías","VIP",4890.00,2456.00,12,Activo,16,7
TRX-RD-6557,2025-06-20,097-2566732-4,"Johanny Castillo Reyes","Santo Domingo Este (Zona Oriental)","Tienda Deportiva","Básica",1904.00,1137.00,7,Activo,10,7
TRX-RD-6585,2025-06-20,037-8606750-8,"Miguel Peña Vásquez","Punta Cana (Bávaro)","Tienda Deportiva","Premium",1291.00,1553.00,9,Activo,11,10
TRX-RD-6597,2025-06-20,037-7443702-8,"José Martínez Díaz","Santo Domingo (Piantini)","Membresías","Premium",2690.00,1742.00,7,Activo,6,9
TRX-RD-6610,2025-06-20,097-4377382-3,"Kelvin Marte Santana","Santo Domingo (Piantini)","Membresías","Premium",2690.00,1336.00,6,Activo,10,7
TRX-RD-6624,2025-06-20,037-6256257-1,"Ramón Díaz Jiménez","Santo Domingo Este (Zona Oriental)","Membresías","Básica",1690.00,1342.00,8,Activo,6,9
TRX-RD-6647,2025-06-20,031-4380637-4,"Patricia Gómez Díaz","Puerto Plata Club","Membresías","Premium",2690.00,1726.00,10,Activo,12,8
TRX-RD-6695,2025-06-20,002-8358439-9,"Alejandro Rosario Pérez","Santo Domingo (Piantini)","Clases Guiadas","VIP",1081.00,2657.00,15,Activo,11,8
TRX-RD-6719,2025-06-20,031-1859472-4,"Laura Martínez García","Puerto Plata Club","Tienda Deportiva","VIP",1227.00,2690.00,10,Activo,14,8
TRX-RD-6721,2025-06-20,031-1342744-1,"Patricia Pérez Díaz","Puerto Plata Club","Personal Trainer","Básica",1300.00,1141.00,11,Activo,14,8
TRX-RD-6392,2025-06-21,037-9815671-1,"Altagracia Jiménez Peña","Punta Cana (Bávaro)","Membresías","Premium",2690.00,1605.00,15,Activo,10,8
TRX-RD-6421,2025-06-21,097-7940625-6,"Carlos Reyes Rosario","Santo Domingo (Piantini)","Membresías","VIP",4890.00,2633.00,9,Activo,14,7
TRX-RD-6484,2025-06-21,037-7869598-5,"Kelvin Ventura García","Punta Cana (Bávaro)","Personal Trainer","Premium",1548.00,1596.00,13,Activo,14,7
TRX-RD-6486,2025-06-21,002-6804390-8,"Alejandro Morales Ventura","Santiago (Los Jardines)","Clases Guiadas","Básica",949.00,1291.00,11,Activo,17,7
TRX-RD-6554,2025-06-21,031-8359069-8,"Alejandro Cruz Gómez","Santiago (Los Jardines)","Membresías","Básica",1690.00,1312.00,9,Activo,16,8
TRX-RD-6575,2025-06-21,037-2983311-5,"Rafael Reyes Reyes","Santiago (Los Jardines)","Personal Trainer","Premium",1342.00,1440.00,6,Activo,13,8
TRX-RD-6584,2025-06-21,037-8606750-8,"Miguel Peña Vásquez","Punta Cana (Bávaro)","Clases Guiadas","Premium",836.00,1553.00,9,Activo,11,10
TRX-RD-6588,2025-06-21,002-3335454-7,"Manuel Rodríguez Reyes","Santo Domingo Este (Zona Oriental)","Membresías","Básica",1690.00,1007.00,10,Activo,21,8
TRX-RD-6655,2025-06-21,402-0766543-7,"Gabriel Cruz Díaz","Santo Domingo (Piantini)","Membresías","Premium",2690.00,1829.00,10,Activo,12,9
TRX-RD-6658,2025-06-21,031-3458161-4,"Juan García Martínez","Santiago (Los Jardines)","Membresías","Básica",1690.00,1407.00,7,Activo,15,6
TRX-RD-6703,2025-06-21,031-6366255-8,"Patricia Cruz Marte","Santo Domingo (Piantini)","Membresías","Básica",1690.00,1166.00,12,Activo,15,8
TRX-RD-6718,2025-06-21,031-1859472-4,"Laura Martínez García","Puerto Plata Club","Clases Guiadas","VIP",1039.00,2690.00,10,Activo,14,8
TRX-RD-6255,2025-06-22,031-4625065-3,"Rosa Paulino Cruz","Santiago (Los Jardines)","Membresías","Básica",1690.00,1280.00,7,Activo,14,7
TRX-RD-6308,2025-06-22,002-5922083-8,"Laura Morales Rosario","Punta Cana (Bávaro)","Clases Guiadas","Premium",844.00,1704.00,9,Activo,3,8
TRX-RD-6340,2025-06-22,002-0039098-7,"Alejandro Rodríguez Castillo","Punta Cana (Bávaro)","Membresías","Premium",2690.00,1582.00,10,Activo,15,7
TRX-RD-6398,2025-06-22,011-7856238-3,"Gabriel Marte Sánchez","Santo Domingo (Piantini)","Membresías","Básica",1690.00,1325.00,8,Activo,16,8
TRX-RD-6407,2025-06-22,037-3740762-1,"Pedro Morales Rosario","Santo Domingo Este (Zona Oriental)","Personal Trainer","Básica",1563.00,1223.00,6,Activo,6,10
TRX-RD-6425,2025-06-22,031-8246707-0,"Alejandro Marte Morales","Puerto Plata Club","Tienda Deportiva","VIP",1227.00,2388.00,11,Activo,13,8
TRX-RD-6440,2025-06-22,002-9235870-2,"Juan Castillo Cruz","Punta Cana (Bávaro)","Personal Trainer","VIP",1469.00,2478.00,10,Activo,12,10
TRX-RD-6464,2025-06-22,031-7501314-7,"Gabriel Ventura Vásquez","Santo Domingo (Piantini)","Personal Trainer","VIP",1546.00,2312.00,8,Activo,10,7
TRX-RD-6521,2025-06-22,011-2999115-2,"Yamilka Jiménez Peña","Santo Domingo (Piantini)","Membresías","Básica",1690.00,1390.00,13,Activo,12,8
TRX-RD-6613,2025-06-22,031-9583417-5,"Alejandro Cruz Vásquez","Santiago (Los Jardines)","Tienda Deportiva","Premium",1755.00,1421.00,12,Activo,8,8
TRX-RD-6618,2025-06-22,402-2759002-9,"Carmen Gómez Castillo","Santo Domingo (Piantini)","Membresías","Premium",2690.00,1966.00,8,Activo,14,8
TRX-RD-6676,2025-06-22,097-3320064-7,"Gabriel Vásquez Reyes","Puerto Plata Club","Membresías","Básica",1690.00,1362.00,7,Activo,15,8
TRX-RD-6691,2025-06-22,001-5706299-3,"Carmen Rosario Pérez","Santo Domingo Este (Zona Oriental)","Membresías","Básica",1690.00,1294.00,7,Activo,13,8
TRX-RD-6714,2025-06-22,402-8956547-1,"Luis Cruz Gómez","Punta Cana (Bávaro)","Membresías","VIP",4890.00,2558.00,11,Activo,14,6
TRX-RD-6715,2025-06-22,402-2143151-9,"Rosa Sánchez Sánchez","Puerto Plata Club","Membresías","Básica",1690.00,1418.00,13,Activo,13,8
TRX-RD-6731,2025-06-22,097-4974915-7,"Laura Santana Vásquez","Punta Cana (Bávaro)","Tienda Deportiva","Básica",2074.00,1537.00,11,Activo,13,8
TRX-RD-6275,2025-06-23,037-5983058-5,"María Díaz Pérez","Santo Domingo Este (Zona Oriental)","Membresías","VIP",4890.00,2320.00,11,Activo,13,9
TRX-RD-6289,2025-06-23,002-9985685-6,"Ana Reyes Santana","Santiago (Los Jardines)","Clases Guiadas","Básica",837.00,1420.00,10,Activo,15,6
TRX-RD-6294,2025-06-23,402-3548220-1,"Laura Díaz García","Santo Domingo Este (Zona Oriental)","Membresías","VIP",4890.00,2357.00,12,Activo,12,7
TRX-RD-6361,2025-06-23,001-7971463-9,"Luisa Peña Díaz","Punta Cana (Bávaro)","Clases Guiadas","VIP",1134.00,2491.00,11,Activo,12,7
TRX-RD-6399,2025-06-23,011-7856238-3,"Gabriel Marte Sánchez","Santo Domingo (Piantini)","Clases Guiadas","Básica",840.00,1325.00,8,Activo,16,8
TRX-RD-6413,2025-06-23,011-3806746-5,"Genesis Jiménez García","Punta Cana (Bávaro)","Membresías","Premium",2690.00,1605.00,5,Activo,13,7
TRX-RD-6416,2025-06-23,037-0576050-6,"Patricia Guzmán Morales","Santiago (Los Jardines)","Membresías","Básica",1690.00,1340.00,6,Activo,11,8
TRX-RD-6429,2025-06-23,402-7439845-8,"Nicole Sánchez Santana","Santiago (Los Jardines)","Membresías","VIP",4890.00,2334.00,10,Activo,10,7
TRX-RD-6491,2025-06-23,402-2286782-8,"Patricia Sánchez Sánchez","Santiago (Los Jardines)","Membresías","Premium",2690.00,1526.00,5,Activo,10,9
TRX-RD-6495,2025-06-23,011-9824525-8,"José Sánchez Marte","Santo Domingo (Piantini)","Tienda Deportiva","Premium",1520.00,1765.00,11,Activo,9,9
TRX-RD-6525,2025-06-23,031-0389221-6,"Laura Reyes Marte","Santo Domingo (Piantini)","Membresías","Premium",2690.00,1788.00,9,Activo,10,8
TRX-RD-6551,2025-06-23,402-8278172-9,"Altagracia Marte Jiménez","Punta Cana (Bávaro)","Tienda Deportiva","Básica",1523.00,1135.00,5,Activo,9,7
TRX-RD-6595,2025-06-23,011-0266902-3,"Genesis Castillo Peña","Santo Domingo (Piantini)","Clases Guiadas","VIP",1073.00,2620.00,14,Activo,9,8
TRX-RD-6604,2025-06-23,037-5710505-5,"Manuel Reyes Paulino","Santo Domingo Este (Zona Oriental)","Personal Trainer","Básica",1352.00,1187.00,13,Activo,10,8
TRX-RD-6659,2025-06-23,031-3458161-4,"Juan García Martínez","Santiago (Los Jardines)","Personal Trainer","Básica",1244.00,1407.00,7,Activo,15,6
TRX-RD-6664,2025-06-23,097-8097227-0,"Miguel Ventura Martínez","Santiago (Los Jardines)","Clases Guiadas","VIP",842.00,2387.00,10,Activo,11,10
TRX-RD-6701,2025-06-23,002-6485922-4,"Carlos Sánchez García","Santiago (Los Jardines)","Membresías","Premium",2690.00,1669.00,8,Activo,18,7
TRX-RD-6725,2025-06-23,002-7588872-5,"Carlos Rosario Rodríguez","Santiago (Los Jardines)","Membresías","Básica",1690.00,1200.00,10,Activo,19,8
TRX-RD-6273,2025-06-24,402-6826092-0,"Juan Rodríguez Reyes","Santo Domingo Este (Zona Oriental)","Tienda Deportiva","Básica",1835.00,1398.00,7,Activo,13,10
TRX-RD-6282,2025-06-24,037-1324151-5,"Carlos Reyes Martínez","Puerto Plata Club","Personal Trainer","Premium",1342.00,1887.00,14,Activo,8,8
TRX-RD-6309,2025-06-24,097-7202263-9,"Altagracia García Rodríguez","Santiago (Los Jardines)","Membresías","VIP",4890.00,2445.00,7,Activo,15,7
TRX-RD-6415,2025-06-24,011-2927458-3,"María Martínez Gómez","Santiago (Los Jardines)","Tienda Deportiva","Básica",1812.00,1067.00,5,Activo,10,10
TRX-RD-6452,2025-06-24,097-6771051-1,"Nicole Cruz Morales","Santo Domingo (Piantini)","Membresías","Premium",2690.00,1626.00,11,Activo,12,8
TRX-RD-6476,2025-06-24,011-2805876-3,"Nicole Rosario Reyes","Santo Domingo Este (Zona Oriental)","Membresías","Básica",1690.00,1377.00,11,Activo,15,9
TRX-RD-6576,2025-06-24,037-2983311-5,"Rafael Reyes Reyes","Santiago (Los Jardines)","Tienda Deportiva","Premium",1053.00,1440.00,6,Activo,13,8
TRX-RD-6593,2025-06-24,037-4666965-8,"Genesis Sánchez Santana","Santiago (Los Jardines)","Membresías","Básica",1690.00,1234.00,8,Activo,11,9
TRX-RD-6623,2025-06-24,001-7888720-4,"Pedro Peña Guzmán","Puerto Plata Club","Tienda Deportiva","VIP",1244.00,2841.00,13,Activo,8,7
TRX-RD-6628,2025-06-24,011-5973150-2,"Ramón Díaz Castillo","Santiago (Los Jardines)","Tienda Deportiva","Básica",1119.00,952.00,5,Activo,15,8
TRX-RD-6674,2025-06-24,097-2512172-8,"Yamilka Santana Rosario","Santo Domingo (Piantini)","Membresías","Básica",1690.00,1168.00,7,Activo,12,7
TRX-RD-6712,2025-06-24,011-7533243-4,"Kelvin Ventura Sánchez","Santiago (Los Jardines)","Membresías","Premium",2690.00,1646.00,16,Activo,9,9
TRX-RD-6297,2025-06-25,011-4381267-3,"Carlos Reyes Sánchez","Santo Domingo Este (Zona Oriental)","Membresías","Premium",2690.00,1600.00,6,Activo,13,9
TRX-RD-6307,2025-06-25,002-5922083-8,"Laura Morales Rosario","Punta Cana (Bávaro)","Membresías","Premium",2690.00,1704.00,9,Activo,3,8
TRX-RD-6315,2025-06-25,031-9385468-8,"Manuel Marte Vásquez","Santo Domingo Este (Zona Oriental)","Membresías","Básica",1690.00,1318.00,8,Activo,10,6
TRX-RD-6338,2025-06-25,011-7673531-2,"Luis Jiménez Santana","Punta Cana (Bávaro)","Membresías","Premium",2690.00,1534.00,16,Activo,4,10
TRX-RD-6417,2025-06-25,097-9949127-0,"Francisco Santana Peña","Santo Domingo (Piantini)","Membresías","VIP",4890.00,2523.00,15,Activo,10,9
TRX-RD-6428,2025-06-25,037-0591246-1,"Luis Rodríguez Rosario","Santo Domingo Este (Zona Oriental)","Membresías","Básica",1690.00,1416.00,10,Activo,10,8
TRX-RD-6446,2025-06-25,002-6000131-8,"María Jiménez Santana","Puerto Plata Club","Personal Trainer","Premium",1342.00,1598.00,10,Activo,13,7
TRX-RD-6535,2025-06-25,002-1834056-0,"Rafael Sánchez Ventura","Santo Domingo (Piantini)","Membresías","Básica",1690.00,1305.00,12,Activo,13,9
TRX-RD-6540,2025-06-25,011-7999624-2,"Rafael Rosario Martínez","Puerto Plata Club","Membresías","Premium",2690.00,1879.00,5,Activo,4,6
TRX-RD-6558,2025-06-25,031-7085259-8,"Carmen Díaz Rosario","Santiago (Los Jardines)","Membresías","Premium",2690.00,1695.00,11,Activo,10,7
TRX-RD-6622,2025-06-25,001-7888720-4,"Pedro Peña Guzmán","Puerto Plata Club","Membresías","VIP",4890.00,2841.00,13,Activo,8,7
TRX-RD-6625,2025-06-25,097-8808961-4,"Nicole Vásquez Vásquez","Punta Cana (Bávaro)","Membresías","Básica",1690.00,1256.00,7,Activo,13,10
TRX-RD-6634,2025-06-25,402-0044725-4,"Nicole Rosario Castillo","Santo Domingo (Piantini)","Clases Guiadas","VIP",1183.00,2318.00,9,Activo,15,8
TRX-RD-6648,2025-06-25,002-4563876-2,"Rosa Reyes Peña","Puerto Plata Club","Membresías","Básica",1690.00,1081.00,11,Activo,12,9
TRX-RD-6670,2025-06-25,097-2808250-5,"Johanny Paulino Rodríguez","Puerto Plata Club","Clases Guiadas","VIP",725.00,2070.00,6,Activo,11,8
TRX-RD-6687,2025-06-25,037-7679995-3,"Juan Gómez Rodríguez","Punta Cana (Bávaro)","Membresías","Básica",1690.00,924.00,10,Activo,11,8
TRX-RD-6693,2025-06-25,002-8546073-9,"Altagracia García Ventura","Punta Cana (Bávaro)","Tienda Deportiva","Básica",1872.00,1224.00,10,Activo,10,9
TRX-RD-6729,2025-06-25,097-4974915-7,"Laura Santana Vásquez","Punta Cana (Bávaro)","Membresías","Básica",1690.00,1537.00,11,Activo,13,8
TRX-RD-6302,2025-06-26,037-5764630-6,"Yamilka Sánchez Sánchez","Santiago (Los Jardines)","Membresías","VIP",4890.00,2364.00,17,Activo,13,8
TRX-RD-6303,2025-06-26,037-5764630-6,"Yamilka Sánchez Sánchez","Santiago (Los Jardines)","Clases Guiadas","VIP",877.00,2364.00,17,Activo,13,8
TRX-RD-6304,2025-06-26,402-9497962-6,"Juan Sánchez Ventura","Santo Domingo Este (Zona Oriental)","Membresías","Premium",2690.00,1775.00,11,Activo,9,9
TRX-RD-6341,2025-06-26,402-7470758-3,"Johanny Pérez Reyes","Santo Domingo (Piantini)","Membresías","VIP",4890.00,2407.00,9,Activo,14,5
TRX-RD-6369,2025-06-26,001-9152930-4,"María Díaz Morales","Santo Domingo (Piantini)","Membresías","Premium",2690.00,1749.00,14,Activo,7,9
TRX-RD-6419,2025-06-26,031-1824879-2,"Pedro Cruz Ventura","Santiago (Los Jardines)","Membresías","VIP",4890.00,2532.00,6,Activo,12,9
TRX-RD-6485,2025-06-26,002-6804390-8,"Alejandro Morales Ventura","Santiago (Los Jardines)","Membresías","Básica",1690.00,1291.00,11,Activo,17,7
TRX-RD-6502,2025-06-26,097-2331703-9,"María Jiménez Martínez","Santiago (Los Jardines)","Membresías","Básica",1690.00,1256.00,9,Activo,10,7
TRX-RD-6539,2025-06-26,031-5457306-1,"Carlos Paulino Marte","Punta Cana (Bávaro)","Membresías","Básica",1690.00,1200.00,15,Activo,14,7
TRX-RD-6546,2025-06-26,097-7852937-1,"Rafael Rosario Guzmán","Punta Cana (Bávaro)","Personal Trainer","Básica",1559.00,1344.00,8,Activo,12,7
TRX-RD-6565,2025-06-26,031-8488242-5,"Emmanuel Reyes Guzmán","Santo Domingo Este (Zona Oriental)","Tienda Deportiva","Premium",956.00,1538.00,7,Activo,14,9
TRX-RD-6571,2025-06-26,002-6627199-8,"Gabriel Ventura Ventura","Santo Domingo (Piantini)","Tienda Deportiva","Básica",1694.00,1220.00,17,Activo,14,9
TRX-RD-6582,2025-06-26,002-9773654-8,"Ramón Guzmán García","Santo Domingo (Piantini)","Membresías","VIP",4890.00,2398.00,14,Activo,11,8
TRX-RD-6635,2025-06-26,402-6753909-2,"Rosa Gómez Ventura","Santo Domingo Este (Zona Oriental)","Membresías","Básica",1690.00,1429.00,8,Activo,6,9
TRX-RD-6662,2025-06-26,402-3799506-9,"Miguel Castillo Cruz","Santo Domingo Este (Zona Oriental)","Tienda Deportiva","Básica",905.00,1112.00,15,Activo,11,7
TRX-RD-6667,2025-06-26,402-1332067-0,"Carlos Díaz Martínez","Santo Domingo Este (Zona Oriental)","Personal Trainer","Básica",1432.00,1485.00,10,Activo,10,7
TRX-RD-6681,2025-06-26,031-0627540-1,"María Morales Guzmán","Punta Cana (Bávaro)","Tienda Deportiva","Básica",2359.00,1201.00,14,Activo,16,9
TRX-RD-6694,2025-06-26,002-8358439-9,"Alejandro Rosario Pérez","Santo Domingo (Piantini)","Membresías","VIP",4890.00,2657.00,15,Activo,11,8
TRX-RD-6697,2025-06-26,002-5568091-0,"Gabriel Guzmán Martínez","Santo Domingo (Piantini)","Membresías","Básica",1690.00,948.00,11,Activo,7,9
TRX-RD-6698,2025-06-26,011-3298321-2,"José Gómez Gómez","Santiago (Los Jardines)","Membresías","Premium",2690.00,1405.00,4,Activo,15,8
TRX-RD-6720,2025-06-26,031-1342744-1,"Patricia Pérez Díaz","Puerto Plata Club","Membresías","Básica",1690.00,1141.00,11,Activo,14,8
TRX-RD-6741,2025-06-26,001-7706644-6,"Joan Marte Santana","Santo Domingo Este (Zona Oriental)","Membresías","Básica",1690.00,1596.00,11,Activo,6,8
TRX-RD-6266,2025-06-27,001-4336709-2,"Ana Paulino Jiménez","Santo Domingo Este (Zona Oriental)","Membresías","Básica",1690.00,1162.00,10,Activo,9,5
TRX-RD-6284,2025-06-27,001-6183166-4,"Carlos Rosario Martínez","Santiago (Los Jardines)","Personal Trainer","Básica",1656.00,1100.00,5,Activo,12,8
TRX-RD-6329,2025-06-27,011-3620797-2,"Francisco Marte Morales","Santo Domingo (Piantini)","Membresías","VIP",4890.00,2664.00,11,Activo,14,9
TRX-RD-6386,2025-06-27,402-9032230-0,"Pedro Morales García","Punta Cana (Bávaro)","Membresías","Básica",1690.00,1224.00,9,Activo,8,8
TRX-RD-6443,2025-06-27,097-1835171-2,"Rafael Rodríguez Jiménez","Santo Domingo Este (Zona Oriental)","Membresías","Básica",1690.00,1218.00,7,Activo,8,8
TRX-RD-6516,2025-06-27,011-4453841-8,"Manuel Morales Paulino","Puerto Plata Club","Membresías","Básica",1690.00,1143.00,10,Activo,12,10
TRX-RD-6518,2025-06-27,001-2207218-4,"Luisa Marte Vásquez","Santo Domingo Este (Zona Oriental)","Membresías","VIP",4890.00,2660.00,9,Activo,9,9
TRX-RD-6570,2025-06-27,002-6627199-8,"Gabriel Ventura Ventura","Santo Domingo (Piantini)","Membresías","Básica",1690.00,1220.00,17,Activo,14,9
TRX-RD-6614,2025-06-27,001-4225018-2,"Rafael Gómez Díaz","Santiago (Los Jardines)","Membresías","Básica",1690.00,1301.00,13,Activo,17,8
TRX-RD-6621,2025-06-27,402-5462716-5,"Genesis García García","Punta Cana (Bávaro)","Membresías","Premium",2690.00,1764.00,13,Activo,8,9
TRX-RD-6631,2025-06-27,402-0309719-7,"Yudelka Rodríguez Guzmán","Santo Domingo (Piantini)","Membresías","VIP",4890.00,2215.00,16,Activo,10,8
TRX-RD-6638,2025-06-27,031-1597777-3,"Altagracia Morales Paulino","Puerto Plata Club","Membresías","Básica",1690.00,1462.00,5,Activo,8,9
TRX-RD-6649,2025-06-27,031-7537326-9,"Johanny Guzmán Pérez","Santo Domingo (Piantini)","Membresías","Premium",2690.00,1736.00,9,Activo,11,9
TRX-RD-6650,2025-06-27,037-9856364-3,"Pedro Rosario Rosario","Santo Domingo Este (Zona Oriental)","Membresías","Básica",1690.00,1322.00,13,Activo,11,10
TRX-RD-6706,2025-06-27,001-9581794-5,"Carlos Sánchez Martínez","Puerto Plata Club","Membresías","VIP",4890.00,2196.00,12,Activo,8,6
TRX-RD-6253,2025-06-28,011-2000056-5,"Carmen Vásquez Rosario","Santo Domingo (Piantini)","Membresías","Básica",1690.00,999.00,9,Activo,16,8
TRX-RD-6384,2025-06-28,402-0381126-6,"María Castillo Díaz","Santiago (Los Jardines)","Membresías","Básica",1690.00,916.00,11,Activo,12,9
TRX-RD-6424,2025-06-28,031-8246707-0,"Alejandro Marte Morales","Puerto Plata Club","Personal Trainer","VIP",1498.00,2388.00,11,Activo,13,8
TRX-RD-6444,2025-06-28,097-1835171-2,"Rafael Rodríguez Jiménez","Santo Domingo Este (Zona Oriental)","Personal Trainer","Básica",1432.00,1218.00,7,Activo,8,8
TRX-RD-6477,2025-06-28,011-2805876-3,"Nicole Rosario Reyes","Santo Domingo Este (Zona Oriental)","Clases Guiadas","Básica",858.00,1377.00,11,Activo,15,9
TRX-RD-6534,2025-06-28,002-9847295-2,"Johanny Vásquez Sánchez","Punta Cana (Bávaro)","Membresías","Básica",1690.00,1315.00,8,Activo,10,7
TRX-RD-6567,2025-06-28,031-0979907-6,"Yamilka Peña Sánchez","Puerto Plata Club","Membresías","VIP",4890.00,2596.00,8,Activo,7,8
TRX-RD-6696,2025-06-28,402-3646088-3,"Kelvin Reyes Cruz","Punta Cana (Bávaro)","Membresías","VIP",4890.00,2581.00,6,Activo,6,8
TRX-RD-6754,2025-07-01,002-6588410-6,"Laura Díaz Díaz","Santo Domingo Este (Zona Oriental)","Membresías","Premium",2690.00,1880.00,6,Cancelado,7,9
TRX-RD-6759,2025-07-01,001-1334706-6,"Gabriel Pérez Vásquez","Puerto Plata Club","Tienda Deportiva","Básica",1661.00,1361.00,5,Activo,16,8
TRX-RD-6777,2025-07-01,402-1899446-1,"Yamilka Castillo Pérez","Punta Cana (Bávaro)","Personal Trainer","Básica",1568.00,1110.00,7,Activo,8,8
TRX-RD-6820,2025-07-01,097-1176412-7,"Gabriel Jiménez Sánchez","Santo Domingo (Piantini)","Tienda Deportiva","Premium",1666.00,1963.00,8,Activo,8,9
TRX-RD-6839,2025-07-01,402-2735504-3,"Ramón Marte Sánchez","Santiago (Los Jardines)","Membresías","Premium",2690.00,1446.00,12,Activo,4,10
TRX-RD-6855,2025-07-01,002-8779724-5,"Carmen Gómez Jiménez","Santiago (Los Jardines)","Tienda Deportiva","Premium",2193.00,1637.00,11,Activo,14,7
TRX-RD-6861,2025-07-01,031-8069871-8,"Miguel Martínez Cruz","Santo Domingo Este (Zona Oriental)","Clases Guiadas","Básica",1090.00,1173.00,12,Activo,10,8
TRX-RD-6956,2025-07-01,402-4204423-4,"Ramón Guzmán Paulino","Santiago (Los Jardines)","Membresías","Básica",1690.00,1178.00,9,Activo,10,6
TRX-RD-6984,2025-07-01,011-9238115-8,"Pedro Rosario Sánchez","Santiago (Los Jardines)","Membresías","Básica",1690.00,1324.00,13,Activo,12,7
TRX-RD-6990,2025-07-01,031-8253717-9,"Juan Castillo Pérez","Santo Domingo (Piantini)","Clases Guiadas","Básica",981.00,1057.00,14,Activo,13,10
TRX-RD-7010,2025-07-01,402-7337520-0,"Yudelka Peña Jiménez","Santiago (Los Jardines)","Membresías","VIP",4890.00,2497.00,11,Activo,15,9
TRX-RD-7046,2025-07-01,002-2223394-2,"Johanny Martínez Reyes","Santo Domingo (Piantini)","Membresías","Premium",2690.00,1445.00,7,Activo,17,10
TRX-RD-7061,2025-07-01,002-3232256-0,"Patricia Santana Morales","Santo Domingo (Piantini)","Membresías","Básica",1690.00,1098.00,11,Activo,11,5
TRX-RD-7104,2025-07-01,002-6627199-8,"Gabriel Ventura Ventura","Santo Domingo (Piantini)","Membresías","Básica",1690.00,1220.00,17,Activo,12,7
TRX-RD-7105,2025-07-01,002-2227557-0,"Kelvin Díaz García","Santo Domingo (Piantini)","Membresías","VIP",4890.00,2334.00,17,Activo,12,9
TRX-RD-7142,2025-07-01,037-4151451-1,"María Díaz Cruz","Punta Cana (Bávaro)","Tienda Deportiva","Premium",1710.00,1686.00,9,Activo,13,9
TRX-RD-7151,2025-07-01,402-2759002-9,"Carmen Gómez Castillo","Santo Domingo (Piantini)","Membresías","Premium",2690.00,1966.00,8,Activo,11,8
TRX-RD-7156,2025-07-01,001-0197774-2,"Stephanie Peña Ventura","Santo Domingo (Piantini)","Membresías","VIP",4890.00,2497.00,10,Activo,9,8
TRX-RD-7161,2025-07-01,037-6256257-1,"Ramón Díaz Jiménez","Santo Domingo Este (Zona Oriental)","Membresías","Básica",1690.00,1342.00,8,Activo,5,8
TRX-RD-7164,2025-07-01,037-4771277-0,"Johanny Santana Santana","Santiago (Los Jardines)","Membresías","Básica",1690.00,1270.00,8,Activo,12,8
TRX-RD-7205,2025-07-01,031-7376796-7,"Laura Martínez Marte","Santiago (Los Jardines)","Tienda Deportiva","VIP",1634.00,2424.00,10,Activo,15,9
TRX-RD-7223,2025-07-01,097-2512172-8,"Yamilka Santana Rosario","Santo Domingo (Piantini)","Tienda Deportiva","Básica",1722.00,1168.00,7,Activo,12,10
TRX-RD-7228,2025-07-01,031-0627540-1,"María Morales Guzmán","Punta Cana (Bávaro)","Membresías","Básica",1690.00,1201.00,14,Activo,17,7
TRX-RD-7251,2025-07-01,001-4699582-4,"Emmanuel Pérez Martínez","Santo Domingo (Piantini)","Membresías","Premium",2690.00,1485.00,13,Activo,13,9
TRX-RD-7293,2025-07-01,011-6281236-4,"Gabriel Sánchez Pérez","Santiago (Los Jardines)","Membresías","Premium",2690.00,1729.00,8,Activo,11,7
TRX-RD-6809,2025-07-02,402-9604871-9,"Rafael Guzmán Pérez","Punta Cana (Bávaro)","Membresías","Premium",2690.00,1714.00,9,Activo,16,10
TRX-RD-6876,2025-07-02,402-4369425-0,"Altagracia Cruz Martínez","Santiago (Los Jardines)","Membresías","Básica",1690.00,1427.00,13,Activo,11,8
TRX-RD-6891,2025-07-02,031-1282880-5,"María Martínez Peña","Santiago (Los Jardines)","Membresías","Premium",2690.00,1493.00,7,Activo,10,8
TRX-RD-6902,2025-07-02,402-3519826-0,"José Peña Marte","Punta Cana (Bávaro)","Membresías","Básica",1690.00,1467.00,11,Activo,13,8
TRX-RD-6917,2025-07-02,037-2074875-9,"Ramón Pérez Marte","Puerto Plata Club","Membresías","Básica",1690.00,1114.00,14,Activo,14,7
TRX-RD-6998,2025-07-02,001-2305238-3,"Johanny Jiménez Marte","Santo Domingo (Piantini)","Membresías","VIP",4890.00,2486.00,10,Activo,8,8
TRX-RD-7025,2025-07-02,402-3202685-2,"Genesis Jiménez Ventura","Santo Domingo (Piantini)","Membresías","Premium",2690.00,1779.00,8,Activo,13,10
TRX-RD-7059,2025-07-02,002-9847295-2,"Johanny Vásquez Sánchez","Punta Cana (Bávaro)","Membresías","Básica",1690.00,1315.00,8,Activo,11,7
TRX-RD-7078,2025-07-02,001-1274666-4,"Kelvin Marte Guzmán","Santiago (Los Jardines)","Membresías","Premium",2690.00,1496.00,10,Activo,11,8
TRX-RD-7080,2025-07-02,002-7964571-7,"Yamilka Ventura Peña","Punta Cana (Bávaro)","Membresías","Básica",1690.00,1430.00,11,Activo,8,7
TRX-RD-7090,2025-07-02,097-5388169-8,"Ana Sánchez García","Puerto Plata Club","Membresías","Premium",2690.00,1566.00,4,Activo,8,9
TRX-RD-7107,2025-07-02,002-2227557-0,"Kelvin Díaz García","Santo Domingo (Piantini)","Tienda Deportiva","VIP",1183.00,2334.00,17,Activo,12,9
TRX-RD-7160,2025-07-02,001-7888720-4,"Pedro Peña Guzmán","Puerto Plata Club","Personal Trainer","VIP",1406.00,2841.00,13,Activo,11,8
TRX-RD-7175,2025-07-02,037-6416060-6,"Luisa Cruz Díaz","Punta Cana (Bávaro)","Membresías","Básica",1690.00,1171.00,4,Activo,11,10
TRX-RD-7180,2025-07-02,031-3955124-0,"Luis Pérez Vásquez","Santo Domingo (Piantini)","Membresías","Básica",1690.00,1130.00,9,Activo,13,8
TRX-RD-7191,2025-07-02,031-7537326-9,"Johanny Guzmán Pérez","Santo Domingo (Piantini)","Membresías","Premium",2690.00,1736.00,9,Activo,12,7
TRX-RD-7211,2025-07-02,031-0544898-3,"Miguel Martínez Jiménez","Santo Domingo Este (Zona Oriental)","Membresías","Premium",2690.00,1940.00,7,Activo,17,5
TRX-RD-7214,2025-07-02,402-1332067-0,"Carlos Díaz Martínez","Santo Domingo Este (Zona Oriental)","Personal Trainer","Básica",1496.00,1485.00,10,Activo,12,7
TRX-RD-7246,2025-07-02,002-8546073-9,"Altagracia García Ventura","Punta Cana (Bávaro)","Membresías","Básica",1690.00,1224.00,10,Activo,11,9
TRX-RD-7291,2025-07-02,002-9208152-8,"Carlos Ventura Morales","Santiago (Los Jardines)","Clases Guiadas","Básica",1094.00,1289.00,6,Activo,9,7
TRX-RD-6835,2025-07-03,011-6895563-9,"Kelvin Rodríguez Gómez","Santo Domingo Este (Zona Oriental)","Membresías","Básica",1690.00,1157.00,12,Activo,7,8
TRX-RD-6885,2025-07-03,037-6831363-1,"José Santana Díaz","Santiago (Los Jardines)","Personal Trainer","Básica",1232.00,1317.00,9,Activo,8,9
TRX-RD-6901,2025-07-03,037-9815671-1,"Altagracia Jiménez Peña","Punta Cana (Bávaro)","Membresías","Premium",2690.00,1605.00,15,Activo,9,9
TRX-RD-6959,2025-07-03,097-6771051-1,"Nicole Cruz Morales","Santo Domingo (Piantini)","Personal Trainer","Premium",1518.00,1626.00,11,Activo,8,6
TRX-RD-7007,2025-07-03,097-3288495-3,"Luis Sánchez Peña","Santiago (Los Jardines)","Membresías","VIP",4890.00,2380.00,11,Activo,7,8
TRX-RD-7055,2025-07-03,031-0415386-5,"Ana Vásquez García","Santo Domingo (Piantini)","Membresías","Premium",2690.00,1642.00,13,Activo,10,9
TRX-RD-7159,2025-07-03,001-7888720-4,"Pedro Peña Guzmán","Puerto Plata Club","Membresías","VIP",4890.00,2841.00,13,Activo,11,8
TRX-RD-7219,2025-07-03,037-1003202-4,"Gabriel Díaz Martínez","Santo Domingo Este (Zona Oriental)","Membresías","Básica",1690.00,1256.00,8,Activo,9,8
TRX-RD-7234,2025-07-03,031-5780704-5,"Joan Guzmán Rodríguez","Punta Cana (Bávaro)","Membresías","VIP",4890.00,2509.00,13,Activo,7,8
TRX-RD-7238,2025-07-03,002-4726579-6,"Emmanuel Paulino Jiménez","Punta Cana (Bávaro)","Tienda Deportiva","Básica",1502.00,1176.00,8,Activo,7,8
TRX-RD-7290,2025-07-03,002-9208152-8,"Carlos Ventura Morales","Santiago (Los Jardines)","Membresías","Básica",1690.00,1289.00,6,Activo,9,7
TRX-RD-6758,2025-07-04,001-1334706-6,"Gabriel Pérez Vásquez","Puerto Plata Club","Membresías","Básica",1690.00,1361.00,5,Activo,16,8
TRX-RD-6770,2025-07-04,402-3725711-4,"Genesis Rodríguez Sánchez","Punta Cana (Bávaro)","Membresías","Básica",1690.00,1179.00,14,Activo,15,7
TRX-RD-6773,2025-07-04,097-7028978-4,"Carlos Guzmán Gómez","Punta Cana (Bávaro)","Personal Trainer","Básica",1728.00,855.00,6,Activo,12,9
TRX-RD-6783,2025-07-04,097-6836691-7,"Kelvin Gómez García","Santo Domingo (Piantini)","Membresías","Básica",1690.00,1283.00,8,Activo,7,8
TRX-RD-6814,2025-07-04,402-6347891-5,"Ramón Martínez Morales","Punta Cana (Bávaro)","Membresías","Básica",1690.00,1268.00,11,Activo,14,9
TRX-RD-6899,2025-07-04,001-0742516-7,"Luis Ventura Reyes","Santo Domingo Este (Zona Oriental)","Personal Trainer","Básica",1593.00,1136.00,15,Activo,12,10
TRX-RD-7048,2025-07-04,002-2223394-2,"Johanny Martínez Reyes","Santo Domingo (Piantini)","Tienda Deportiva","Premium",2236.00,1445.00,7,Activo,17,10
TRX-RD-7082,2025-07-04,011-0095220-7,"Nicole Pérez Cruz","Santo Domingo (Piantini)","Membresías","Básica",1690.00,1178.00,6,Activo,8,9
TRX-RD-7086,2025-07-04,097-2566732-4,"Johanny Castillo Reyes","Santo Domingo Este (Zona Oriental)","Membresías","Básica",1690.00,1137.00,7,Activo,9,9
TRX-RD-7144,2025-07-04,097-4377382-3,"Kelvin Marte Santana","Santo Domingo (Piantini)","Membresías","Premium",2690.00,1336.00,6,Cancelado,14,10
TRX-RD-7163,2025-07-04,037-6256257-1,"Ramón Díaz Jiménez","Santo Domingo Este (Zona Oriental)","Clases Guiadas","Básica",1029.00,1342.00,8,Activo,5,8
TRX-RD-7168,2025-07-04,011-5973150-2,"Ramón Díaz Castillo","Santiago (Los Jardines)","Membresías","Básica",1690.00,952.00,5,Cancelado,12,9
TRX-RD-7188,2025-07-04,402-9645729-0,"María Ventura García","Punta Cana (Bávaro)","Membresías","Básica",1690.00,1174.00,8,Activo,16,9
TRX-RD-7192,2025-07-04,031-7537326-9,"Johanny Guzmán Pérez","Santo Domingo (Piantini)","Tienda Deportiva","Premium",1606.00,1736.00,9,Activo,12,7
TRX-RD-7195,2025-07-04,402-0934530-1,"Johanny Ventura Santana","Santiago (Los Jardines)","Membresías","Básica",1690.00,1432.00,11,Activo,12,8
TRX-RD-7213,2025-07-04,402-1332067-0,"Carlos Díaz Martínez","Santo Domingo Este (Zona Oriental)","Membresías","Básica",1690.00,1485.00,10,Activo,12,7
TRX-RD-7221,2025-07-04,031-7353529-9,"Patricia Sánchez Santana","Santiago (Los Jardines)","Personal Trainer","Básica",1591.00,1184.00,9,Activo,13,9
TRX-RD-7253,2025-07-04,402-3646088-3,"Kelvin Reyes Cruz","Punta Cana (Bávaro)","Membresías","VIP",4890.00,2581.00,6,Activo,14,7
TRX-RD-7254,2025-07-04,002-5568091-0,"Gabriel Guzmán Martínez","Santo Domingo (Piantini)","Membresías","Básica",1690.00,948.00,11,Activo,12,7
TRX-RD-7296,2025-07-04,002-0860564-2,"Kelvin Santana Gómez","Punta Cana (Bávaro)","Membresías","Premium",2690.00,1422.00,8,Activo,16,8
TRX-RD-6776,2025-07-05,402-1899446-1,"Yamilka Castillo Pérez","Punta Cana (Bávaro)","Membresías","Básica",1690.00,1110.00,7,Activo,8,8
TRX-RD-6832,2025-07-05,402-0968845-2,"María Santana Sánchez","Santiago (Los Jardines)","Membresías","Básica",1690.00,998.00,8,Activo,13,10
TRX-RD-6833,2025-07-05,402-0968845-2,"María Santana Sánchez","Santiago (Los Jardines)","Personal Trainer","Básica",1745.00,998.00,8,Activo,13,10
TRX-RD-6974,2025-07-05,402-7419040-0,"Manuel Morales Martínez","Santiago (Los Jardines)","Tienda Deportiva","VIP",1664.00,2232.00,14,Activo,12,7
TRX-RD-6988,2025-07-05,031-8253717-9,"Juan Castillo Pérez","Santo Domingo (Piantini)","Membresías","Básica",1690.00,1057.00,14,Activo,13,10
TRX-RD-6994,2025-07-05,031-1608619-4,"Joan Díaz Rodríguez","Santo Domingo (Piantini)","Tienda Deportiva","Básica",2550.00,1531.00,12,Activo,6,10
TRX-RD-7006,2025-07-05,001-6928831-3,"Laura Guzmán Santana","Santo Domingo (Piantini)","Personal Trainer","Premium",1420.00,1783.00,8,Activo,10,7
TRX-RD-7020,2025-07-05,011-8180435-0,"Ramón García Peña","Santiago (Los Jardines)","Membresías","Básica",1690.00,1183.00,6,Activo,14,7
TRX-RD-7087,2025-07-05,097-2566732-4,"Johanny Castillo Reyes","Santo Domingo Este (Zona Oriental)","Personal Trainer","Básica",1340.00,1137.00,7,Activo,9,9
TRX-RD-7106,2025-07-05,002-2227557-0,"Kelvin Díaz García","Santo Domingo (Piantini)","Personal Trainer","VIP",1426.00,2334.00,17,Activo,12,9
TRX-RD-7131,2025-07-05,037-7443702-8,"José Martínez Díaz","Santo Domingo (Piantini)","Membresías","Premium",2690.00,1742.00,7,Activo,12,9
TRX-RD-7178,2025-07-05,001-2826741-6,"Yamilka Santana Martínez","Santo Domingo Este (Zona Oriental)","Membresías","Básica",1690.00,1389.00,12,Activo,8,7
TRX-RD-7229,2025-07-05,037-6341494-7,"Juan Guzmán García","Santiago (Los Jardines)","Membresías","Básica",1690.00,1478.00,8,Activo,11,9
TRX-RD-7231,2025-07-05,037-6341494-7,"Juan Guzmán García","Santiago (Los Jardines)","Tienda Deportiva","Básica",1385.00,1478.00,8,Activo,11,9
TRX-RD-7284,2025-07-05,002-7588872-5,"Carlos Rosario Rodríguez","Santiago (Los Jardines)","Membresías","Básica",1690.00,1200.00,10,Activo,9,9
TRX-RD-7292,2025-07-05,402-5039105-5,"María Díaz Santana","Puerto Plata Club","Membresías","Básica",1690.00,1209.00,10,Activo,9,8
TRX-RD-7299,2025-07-05,037-3006683-8,"Carmen Peña Peña","Punta Cana (Bávaro)","Membresías","Básica",1690.00,1406.00,10,Activo,12,7
TRX-RD-6796,2025-07-06,002-6149066-8,"Carolina Jiménez Jiménez","Santo Domingo (Piantini)","Personal Trainer","Básica",1600.00,1195.00,10,Activo,14,8
TRX-RD-6799,2025-07-06,402-9497962-6,"Juan Sánchez Ventura","Santo Domingo Este (Zona Oriental)","Personal Trainer","Premium",1444.00,1775.00,11,Activo,11,8
TRX-RD-6812,2025-07-06,011-8606403-4,"Rafael Paulino Gómez","Punta Cana (Bávaro)","Tienda Deportiva","Básica",855.00,1076.00,14,Activo,8,8
TRX-RD-6828,2025-07-06,037-9879283-8,"Carmen Morales Cruz","Santo Domingo (Piantini)","Clases Guiadas","Básica",811.00,1237.00,10,Activo,11,10
TRX-RD-6866,2025-07-06,011-2564054-8,"Pedro García Reyes","Puerto Plata Club","Membresías","Premium",2690.00,1702.00,13,Activo,11,7
TRX-RD-6886,2025-07-06,031-0526398-6,"Miguel Gómez Vásquez","Santo Domingo (Piantini)","Membresías","Básica",1690.00,1281.00,11,Activo,6,7
TRX-RD-6912,2025-07-06,002-2421057-5,"Yamilka Pérez Vásquez","Santiago (Los Jardines)","Membresías","Básica",1690.00,1190.00,11,Activo,8,8
TRX-RD-6935,2025-07-06,402-8831087-9,"Manuel Ventura Rosario","Santiago (Los Jardines)","Membresías","Básica",1690.00,1141.00,12,Activo,10,8
TRX-RD-6967,2025-07-06,031-7501314-7,"Gabriel Ventura Vásquez","Santo Domingo (Piantini)","Membresías","VIP",4890.00,2312.00,8,Activo,12,6
TRX-RD-7034,2025-07-06,011-4453841-8,"Manuel Morales Paulino","Puerto Plata Club","Membresías","Básica",1690.00,1143.00,10,Activo,10,9
TRX-RD-7049,2025-07-06,402-2255694-2,"Johanny Rosario Pérez","Punta Cana (Bávaro)","Membresías","Premium",2690.00,1944.00,7,Activo,9,8
TRX-RD-7057,2025-07-06,001-1398005-6,"José Morales Paulino","Punta Cana (Bávaro)","Membresías","Premium",2690.00,1722.00,9,Activo,15,9
TRX-RD-7120,2025-07-06,002-3335454-7,"Manuel Rodríguez Reyes","Santo Domingo Este (Zona Oriental)","Tienda Deportiva","Básica",1282.00,1007.00,10,Activo,12,7
TRX-RD-7125,2025-07-06,037-4666965-8,"Genesis Sánchez Santana","Santiago (Los Jardines)","Personal Trainer","Básica",1650.00,1234.00,8,Activo,9,7
TRX-RD-7132,2025-07-06,037-7443702-8,"José Martínez Díaz","Santo Domingo (Piantini)","Tienda Deportiva","Premium",1708.00,1742.00,7,Activo,12,9
TRX-RD-7138,2025-07-06,031-7164015-8,"Pedro Paulino Vásquez","Punta Cana (Bávaro)","Membresías","Básica",1690.00,1199.00,3,Activo,18,8
TRX-RD-7236,2025-07-06,402-5274340-2,"Altagracia Morales Sánchez","Santiago (Los Jardines)","Personal Trainer","Premium",1159.00,1875.00,9,Activo,13,10
TRX-RD-6775,2025-07-07,002-7517997-6,"Yamilka Guzmán Santana","Santiago (Los Jardines)","Personal Trainer","VIP",1648.00,2635.00,9,Activo,8,7
TRX-RD-6825,2025-07-07,011-3620797-2,"Francisco Marte Morales","Santo Domingo (Piantini)","Clases Guiadas","VIP",898.00,2664.00,11,Activo,14,8
TRX-RD-6845,2025-07-07,402-3864375-9,"Kelvin Ventura Pérez","Santo Domingo (Piantini)","Membresías","VIP",4890.00,2450.00,9,Activo,12,9
TRX-RD-6871,2025-07-07,001-7971463-9,"Luisa Peña Díaz","Punta Cana (Bávaro)","Personal Trainer","VIP",1175.00,2491.00,11,Activo,13,6
TRX-RD-6882,2025-07-07,037-7016446-9,"Ana Cruz Peña","Santiago (Los Jardines)","Tienda Deportiva","Básica",802.00,1191.00,11,Activo,13,7
TRX-RD-6944,2025-07-07,002-3932879-2,"Juan Peña Ventura","Santo Domingo Este (Zona Oriental)","Membresías","Básica",1690.00,1100.00,8,Activo,7,8
TRX-RD-6962,2025-07-07,097-0213742-4,"Kelvin Castillo Díaz","Santiago (Los Jardines)","Membresías","Básica",1690.00,1434.00,14,Activo,7,7
TRX-RD-6980,2025-07-07,002-2155877-8,"Genesis Jiménez García","Santiago (Los Jardines)","Tienda Deportiva","Premium",2410.00,1357.00,13,Activo,8,9
TRX-RD-7003,2025-07-07,031-1581612-0,"Ana Cruz Sánchez","Puerto Plata Club","Membresías","Básica",1690.00,1359.00,7,Activo,14,9
TRX-RD-7063,2025-07-07,031-5457306-1,"Carlos Paulino Marte","Punta Cana (Bávaro)","Membresías","Básica",1690.00,1200.00,15,Activo,13,7
TRX-RD-7083,2025-07-07,031-8359069-8,"Alejandro Cruz Gómez","Santiago (Los Jardines)","Membresías","Básica",1690.00,1312.00,9,Activo,12,8
TRX-RD-7101,2025-07-07,011-8699091-5,"Stephanie Sánchez Martínez","Santo Domingo (Piantini)","Personal Trainer","Básica",1394.00,1133.00,14,Activo,9,8
TRX-RD-7115,2025-07-07,002-9773654-8,"Ramón Guzmán García","Santo Domingo (Piantini)","Membresías","VIP",4890.00,2398.00,14,Activo,9,8
TRX-RD-7157,2025-07-07,001-1158293-8,"Manuel Sánchez García","Punta Cana (Bávaro)","Membresías","Premium",2690.00,1670.00,5,Activo,11,8
TRX-RD-7197,2025-07-07,097-3249981-0,"Manuel Reyes Rosario","Puerto Plata Club","Membresías","Básica",1690.00,1486.00,10,Activo,13,8
TRX-RD-7227,2025-07-07,097-3320064-7,"Gabriel Vásquez Reyes","Puerto Plata Club","Personal Trainer","Básica",1741.00,1362.00,7,Activo,6,8
TRX-RD-7277,2025-07-07,011-3392304-3,"Pedro Gómez Díaz","Santiago (Los Jardines)","Membresías","Básica",1690.00,1229.00,16,Activo,17,7
TRX-RD-7298,2025-07-07,031-0084252-9,"Yamilka Morales Cruz","Santo Domingo Este (Zona Oriental)","Tienda Deportiva","Básica",1355.00,1317.00,6,Activo,10,7
TRX-RD-6763,2025-07-08,402-5436022-1,"Stephanie Marte Paulino","Santiago (Los Jardines)","Membresías","Básica",1690.00,1136.00,14,Activo,11,6
TRX-RD-6774,2025-07-08,002-7517997-6,"Yamilka Guzmán Santana","Santiago (Los Jardines)","Membresías","VIP",4890.00,2635.00,9,Activo,8,7
TRX-RD-6793,2025-07-08,011-4381267-3,"Carlos Reyes Sánchez","Santo Domingo Este (Zona Oriental)","Membresías","Premium",2690.00,1600.00,6,Cancelado,9,7
TRX-RD-6818,2025-07-08,097-1176412-7,"Gabriel Jiménez Sánchez","Santo Domingo (Piantini)","Membresías","Premium",2690.00,1963.00,8,Activo,8,9
TRX-RD-6824,2025-07-08,011-3620797-2,"Francisco Marte Morales","Santo Domingo (Piantini)","Personal Trainer","VIP",1301.00,2664.00,11,Activo,14,8
TRX-RD-6854,2025-07-08,002-8779724-5,"Carmen Gómez Jiménez","Santiago (Los Jardines)","Clases Guiadas","Premium",1223.00,1637.00,11,Activo,14,7
TRX-RD-6860,2025-07-08,031-8069871-8,"Miguel Martínez Cruz","Santo Domingo Este (Zona Oriental)","Membresías","Básica",1690.00,1173.00,12,Activo,10,8
TRX-RD-6869,2025-07-08,011-7655157-8,"Emmanuel Pérez Díaz","Santo Domingo (Piantini)","Membresías","Premium",2690.00,1568.00,11,Activo,14,8
TRX-RD-6878,2025-07-08,402-4369425-0,"Altagracia Cruz Martínez","Santiago (Los Jardines)","Tienda Deportiva","Básica",1177.00,1427.00,13,Activo,11,8
TRX-RD-6910,2025-07-08,031-3115349-0,"Gabriel Gómez Guzmán","Punta Cana (Bávaro)","Membresías","Premium",2690.00,1509.00,6,Activo,9,8
TRX-RD-6960,2025-07-08,001-0419364-4,"Ramón Jiménez Santana","Santo Domingo (Piantini)","Membresías","Básica",1690.00,1238.00,12,Activo,11,7
TRX-RD-6982,2025-07-08,402-4161120-7,"Carlos Vásquez Peña","Santo Domingo (Piantini)","Clases Guiadas","Premium",920.00,1665.00,10,Activo,7,8
TRX-RD-6983,2025-07-08,037-8021183-9,"Miguel Pérez Rodríguez","Santiago (Los Jardines)","Membresías","Premium",2690.00,1509.00,8,Activo,12,9
TRX-RD-7041,2025-07-08,002-8632191-4,"Yamilka Jiménez Jiménez","Santiago (Los Jardines)","Membresías","Básica",1690.00,1169.00,14,Activo,9,8
TRX-RD-7062,2025-07-08,002-3232256-0,"Patricia Santana Morales","Santo Domingo (Piantini)","Clases Guiadas","Básica",1060.00,1098.00,11,Activo,11,5
TRX-RD-7068,2025-07-08,011-7999624-2,"Rafael Rosario Martínez","Puerto Plata Club","Membresías","Premium",2690.00,1879.00,5,Cancelado,14,8
TRX-RD-7074,2025-07-08,031-3994908-9,"Genesis Martínez Pérez","Santo Domingo (Piantini)","Tienda Deportiva","VIP",907.00,2456.00,12,Activo,10,7
TRX-RD-7118,2025-07-08,031-6698507-1,"Carolina Castillo Guzmán","Santo Domingo Este (Zona Oriental)","Membresías","Básica",1690.00,1338.00,11,Activo,8,7
TRX-RD-7140,2025-07-08,097-9758518-0,"Carmen Jiménez Jiménez","Santo Domingo (Piantini)","Membresías","Premium",2690.00,1735.00,6,Activo,10,7
TRX-RD-7167,2025-07-08,097-8808961-4,"Nicole Vásquez Vásquez","Punta Cana (Bávaro)","Personal Trainer","Básica",1287.00,1256.00,7,Activo,12,8
TRX-RD-7217,2025-07-08,097-2808250-5,"Johanny Paulino Rodríguez","Puerto Plata Club","Personal Trainer","VIP",1140.00,2070.00,6,Activo,4,9
TRX-RD-7225,2025-07-08,402-6097595-4,"Miguel Rosario Martínez","Santiago (Los Jardines)","Personal Trainer","Premium",1485.00,1653.00,13,Activo,5,7
TRX-RD-7250,2025-07-08,002-8358439-9,"Alejandro Rosario Pérez","Santo Domingo (Piantini)","Clases Guiadas","VIP",811.00,2657.00,15,Activo,11,8
TRX-RD-7268,2025-07-08,011-6743865-2,"María Rosario Cruz","Puerto Plata Club","Membresías","Premium",2690.00,1561.00,10,Activo,13,9
TRX-RD-6778,2025-07-09,402-1899446-1,"Yamilka Castillo Pérez","Punta Cana (Bávaro)","Clases Guiadas","Básica",771.00,1110.00,7,Activo,8,8
TRX-RD-6791,2025-07-09,402-3548220-1,"Laura Díaz García","Santo Domingo Este (Zona Oriental)","Tienda Deportiva","VIP",1775.00,2357.00,12,Activo,11,9
TRX-RD-6868,2025-07-09,402-8428539-8,"Francisco Rodríguez Cruz","Santo Domingo Este (Zona Oriental)","Membresías","Básica",1690.00,1144.00,9,Activo,10,9
TRX-RD-6872,2025-07-09,001-7971463-9,"Luisa Peña Díaz","Punta Cana (Bávaro)","Clases Guiadas","VIP",896.00,2491.00,11,Activo,13,6
TRX-RD-6907,2025-07-09,037-8528078-9,"Carmen Rodríguez Vásquez","Santo Domingo Este (Zona Oriental)","Clases Guiadas","Básica",757.00,1505.00,8,Activo,5,7
TRX-RD-6995,2025-07-09,002-0919408-3,"Laura Cruz Gómez","Santiago (Los Jardines)","Membresías","Básica",1690.00,1307.00,13,Activo,12,8
TRX-RD-6996,2025-07-09,002-0919408-3,"Laura Cruz Gómez","Santiago (Los Jardines)","Personal Trainer","Básica",1483.00,1307.00,13,Activo,12,8
TRX-RD-7029,2025-07-09,031-3415573-2,"Kelvin Rosario Díaz","Santo Domingo (Piantini)","Membresías","Premium",2690.00,1705.00,7,Activo,8,9
TRX-RD-7070,2025-07-09,011-3083034-0,"Kelvin Marte Santana","Santiago (Los Jardines)","Personal Trainer","Básica",1430.00,1259.00,7,Activo,13,8
TRX-RD-7099,2025-07-09,031-8639038-5,"Manuel Cruz Santana","Santiago (Los Jardines)","Clases Guiadas","Premium",976.00,1556.00,10,Activo,13,7
TRX-RD-7110,2025-07-09,011-7170800-9,"Emmanuel Paulino Rosario","Santo Domingo Este (Zona Oriental)","Tienda Deportiva","Básica",1497.00,1290.00,6,Activo,13,9
TRX-RD-7150,2025-07-09,037-0534406-1,"Yudelka Guzmán Martínez","Punta Cana (Bávaro)","Membresías","Premium",2690.00,1985.00,9,Activo,6,8
TRX-RD-7170,2025-07-09,097-5339295-1,"Juan Santana Díaz","Puerto Plata Club","Clases Guiadas","Básica",833.00,1374.00,7,Activo,10,8
TRX-RD-7173,2025-07-09,402-6753909-2,"Rosa Gómez Ventura","Santo Domingo Este (Zona Oriental)","Membresías","Básica",1690.00,1429.00,8,Activo,13,8
TRX-RD-7207,2025-07-09,031-3458161-4,"Juan García Martínez","Santiago (Los Jardines)","Membresías","Básica",1690.00,1407.00,7,Activo,10,7
TRX-RD-7216,2025-07-09,097-2808250-5,"Johanny Paulino Rodríguez","Puerto Plata Club","Membresías","VIP",4890.00,2070.00,6,Activo,4,9
TRX-RD-7222,2025-07-09,097-2512172-8,"Yamilka Santana Rosario","Santo Domingo (Piantini)","Membresías","Básica",1690.00,1168.00,7,Activo,12,10
TRX-RD-7289,2025-07-09,011-4966584-4,"Emmanuel Vásquez Sánchez","Santo Domingo Este (Zona Oriental)","Membresías","Premium",2690.00,1777.00,13,Activo,12,9
TRX-RD-6765,2025-07-10,402-6826092-0,"Juan Rodríguez Reyes","Santo Domingo Este (Zona Oriental)","Personal Trainer","Básica",1672.00,1398.00,7,Activo,9,8
TRX-RD-6792,2025-07-10,037-4397113-1,"Pedro Marte García","Santo Domingo (Piantini)","Membresías","VIP",4890.00,2512.00,13,Activo,13,10
TRX-RD-6815,2025-07-10,001-3041013-7,"Juan Ventura García","Punta Cana (Bávaro)","Membresías","Premium",2690.00,1565.00,6,Activo,7,9
TRX-RD-6834,2025-07-10,402-0968845-2,"María Santana Sánchez","Santiago (Los Jardines)","Tienda Deportiva","Básica",1974.00,998.00,8,Activo,13,10
TRX-RD-6840,2025-07-10,002-0039098-7,"Alejandro Rodríguez Castillo","Punta Cana (Bávaro)","Membresías","Premium",2690.00,1582.00,10,Activo,11,9
TRX-RD-6844,2025-07-10,001-4914206-9,"Gabriel Díaz Reyes","Santiago (Los Jardines)","Tienda Deportiva","Premium",1901.00,1504.00,15,Activo,16,8
TRX-RD-6853,2025-07-10,002-8779724-5,"Carmen Gómez Jiménez","Santiago (Los Jardines)","Membresías","Premium",2690.00,1637.00,11,Activo,14,7
TRX-RD-6881,2025-07-10,037-7016446-9,"Ana Cruz Peña","Santiago (Los Jardines)","Clases Guiadas","Básica",1202.00,1191.00,11,Activo,13,7
TRX-RD-6896,2025-07-10,001-0668806-2,"Genesis Gómez Ventura","Santo Domingo (Piantini)","Membresías","VIP",4890.00,2342.00,8,Activo,15,7
TRX-RD-6909,2025-07-10,001-5524767-9,"Ramón Jiménez Vásquez","Santo Domingo Este (Zona Oriental)","Membresías","Básica",1690.00,1201.00,7,Activo,12,8
TRX-RD-6932,2025-07-10,001-2220302-9,"Ana Martínez Santana","Punta Cana (Bávaro)","Membresías","Básica",1690.00,1409.00,11,Activo,15,8
TRX-RD-6954,2025-07-10,002-5206211-2,"Kelvin Cruz Morales","Puerto Plata Club","Membresías","Premium",2690.00,2020.00,10,Activo,17,8
TRX-RD-6965,2025-07-10,402-1618967-6,"Carlos Paulino Guzmán","Punta Cana (Bávaro)","Personal Trainer","Básica",1180.00,1128.00,10,Activo,10,8
TRX-RD-6999,2025-07-10,001-2305238-3,"Johanny Jiménez Marte","Santo Domingo (Piantini)","Tienda Deportiva","VIP",1107.00,2486.00,10,Activo,8,8
TRX-RD-7027,2025-07-10,011-2788001-9,"Ramón Ventura Reyes","Santo Domingo (Piantini)","Membresías","VIP",4890.00,2662.00,13,Activo,10,7
TRX-RD-7076,2025-07-10,011-0228573-9,"Laura Sánchez Peña","Santiago (Los Jardines)","Membresías","Premium",2690.00,1619.00,7,Activo,15,8
TRX-RD-7079,2025-07-10,402-8278172-9,"Altagracia Marte Jiménez","Punta Cana (Bávaro)","Membresías","Básica",1690.00,1135.00,5,Activo,8,7
TRX-RD-7084,2025-07-10,031-8359069-8,"Alejandro Cruz Gómez","Santiago (Los Jardines)","Clases Guiadas","Básica",708.00,1312.00,9,Activo,12,8
TRX-RD-7122,2025-07-10,002-6259335-3,"Emmanuel Guzmán Rosario","Santo Domingo Este (Zona Oriental)","Personal Trainer","Premium",1519.00,2156.00,16,Activo,11,8
TRX-RD-7193,2025-07-10,037-9856364-3,"Pedro Rosario Rosario","Santo Domingo Este (Zona Oriental)","Membresías","Básica",1690.00,1322.00,13,Activo,17,8
TRX-RD-7200,2025-07-10,402-0766543-7,"Gabriel Cruz Díaz","Santo Domingo (Piantini)","Clases Guiadas","Premium",717.00,1829.00,10,Activo,15,7
TRX-RD-7209,2025-07-10,097-8097227-0,"Miguel Ventura Martínez","Santiago (Los Jardines)","Membresías","VIP",4890.00,2387.00,10,Activo,10,8
TRX-RD-7262,2025-07-10,031-6366255-8,"Patricia Cruz Marte","Santo Domingo (Piantini)","Membresías","Básica",1690.00,1166.00,12,Activo,12,8
TRX-RD-7276,2025-07-10,402-2143151-9,"Rosa Sánchez Sánchez","Puerto Plata Club","Membresías","Básica",1690.00,1418.00,13,Activo,9,7
TRX-RD-7283,2025-07-10,037-7816548-4,"Manuel Jiménez Martínez","Santiago (Los Jardines)","Membresías","Premium",2690.00,1719.00,11,Activo,10,7
TRX-RD-6755,2025-07-11,002-6588410-6,"Laura Díaz Díaz","Santo Domingo Este (Zona Oriental)","Personal Trainer","Premium",1782.00,1880.00,6,Cancelado,7,9
TRX-RD-6794,2025-07-11,097-6356440-9,"Carlos Rodríguez Castillo","Punta Cana (Bávaro)","Membresías","Premium",2690.00,1472.00,13,Activo,12,8
TRX-RD-6798,2025-07-11,402-9497962-6,"Juan Sánchez Ventura","Santo Domingo Este (Zona Oriental)","Membresías","Premium",2690.00,1775.00,11,Activo,11,8
TRX-RD-6830,2025-07-11,097-9220691-5,"Patricia Pérez Jiménez","Santo Domingo Este (Zona Oriental)","Membresías","Básica",1690.00,1468.00,14,Activo,8,9
TRX-RD-6836,2025-07-11,011-0658246-1,"Manuel Jiménez Rosario","Puerto Plata Club","Membresías","Premium",2690.00,1298.00,12,Activo,16,10
TRX-RD-6892,2025-07-11,402-0381126-6,"María Castillo Díaz","Santiago (Los Jardines)","Membresías","Básica",1690.00,916.00,11,Activo,8,9
TRX-RD-6893,2025-07-11,011-6221764-8,"José Díaz Marte","Santiago (Los Jardines)","Membresías","VIP",4890.00,2405.00,1,Cancelado,14,8
TRX-RD-6934,2025-07-11,031-8246707-0,"Alejandro Marte Morales","Puerto Plata Club","Membresías","VIP",4890.00,2388.00,11,Activo,13,9
TRX-RD-7032,2025-07-11,037-7397599-4,"Luis Reyes Ventura","Santo Domingo (Piantini)","Membresías","Básica",1690.00,1334.00,12,Activo,17,7
TRX-RD-7036,2025-07-11,011-4453841-8,"Manuel Morales Paulino","Puerto Plata Club","Clases Guiadas","Básica",613.00,1143.00,10,Activo,10,9
TRX-RD-7037,2025-07-11,001-2207218-4,"Luisa Marte Vásquez","Santo Domingo Este (Zona Oriental)","Membresías","VIP",4890.00,2660.00,9,Activo,12,9
TRX-RD-7102,2025-07-11,031-0979907-6,"Yamilka Peña Sánchez","Puerto Plata Club","Membresías","VIP",4890.00,2596.00,8,Activo,14,10
TRX-RD-7114,2025-07-11,402-2814003-0,"Miguel Paulino García","Punta Cana (Bávaro)","Membresías","Premium",2690.00,1773.00,6,Activo,13,7
TRX-RD-7128,2025-07-11,037-0024297-1,"Pedro Guzmán Vásquez","Santo Domingo (Piantini)","Membresías","VIP",4890.00,2327.00,17,Activo,11,6
TRX-RD-7147,2025-07-11,001-4225018-2,"Rafael Gómez Díaz","Santiago (Los Jardines)","Personal Trainer","Básica",1569.00,1301.00,13,Activo,11,9
TRX-RD-7165,2025-07-11,037-4771277-0,"Johanny Santana Santana","Santiago (Los Jardines)","Personal Trainer","Básica",1469.00,1270.00,8,Activo,12,8
TRX-RD-7226,2025-07-11,097-3320064-7,"Gabriel Vásquez Reyes","Puerto Plata Club","Membresías","Básica",1690.00,1362.00,7,Activo,6,8
TRX-RD-7232,2025-07-11,097-0712831-1,"Miguel Rodríguez Paulino","Santo Domingo (Piantini)","Membresías","Premium",2690.00,1658.00,13,Activo,10,8
TRX-RD-7258,2025-07-11,097-8381334-9,"Carmen Rosario Ventura","Puerto Plata Club","Membresías","Premium",2690.00,1763.00,12,Activo,14,7
TRX-RD-7287,2025-07-11,097-4974915-7,"Laura Santana Vásquez","Punta Cana (Bávaro)","Tienda Deportiva","Básica",1481.00,1537.00,11,Activo,13,8
TRX-RD-6743,2025-07-12,011-2000056-5,"Carmen Vásquez Rosario","Santo Domingo (Piantini)","Membresías","Básica",1690.00,999.00,9,Activo,11,7
TRX-RD-6790,2025-07-12,402-3548220-1,"Laura Díaz García","Santo Domingo Este (Zona Oriental)","Membresías","VIP",4890.00,2357.00,12,Activo,11,9
TRX-RD-6810,2025-07-12,031-9385468-8,"Manuel Marte Vásquez","Santo Domingo Este (Zona Oriental)","Membresías","Básica",1690.00,1318.00,8,Activo,11,9
TRX-RD-6847,2025-07-12,097-4883894-4,"Stephanie Vásquez Guzmán","Santiago (Los Jardines)","Membresías","Básica",1690.00,1041.00,8,Activo,14,7
TRX-RD-6894,2025-07-12,402-9032230-0,"Pedro Morales García","Punta Cana (Bávaro)","Membresías","Básica",1690.00,1224.00,9,Activo,12,6
TRX-RD-6937,2025-07-12,037-0591246-1,"Luis Rodríguez Rosario","Santo Domingo Este (Zona Oriental)","Membresías","Básica",1690.00,1416.00,10,Activo,13,9
TRX-RD-6952,2025-07-12,002-6000131-8,"María Jiménez Santana","Puerto Plata Club","Personal Trainer","Premium",1435.00,1598.00,10,Activo,3,9
TRX-RD-6953,2025-07-12,011-6072118-7,"Stephanie Cruz Sánchez","Santiago (Los Jardines)","Membresías","Básica",1690.00,1288.00,6,Cancelado,10,8
TRX-RD-6991,2025-07-12,011-7420481-6,"Ramón Reyes García","Santo Domingo Este (Zona Oriental)","Membresías","Básica",1690.00,1608.00,11,Activo,11,8
TRX-RD-7008,2025-07-12,097-3288495-3,"Luis Sánchez Peña","Santiago (Los Jardines)","Tienda Deportiva","VIP",1680.00,2380.00,11,Activo,7,8
TRX-RD-7017,2025-07-12,037-1474012-7,"Pedro Gómez Jiménez","Puerto Plata Club","Tienda Deportiva","Básica",1372.00,1647.00,7,Activo,11,6
TRX-RD-7024,2025-07-12,001-2868275-4,"Ramón Peña García","Santo Domingo (Piantini)","Clases Guiadas","VIP",1241.00,2577.00,11,Activo,15,7
TRX-RD-7031,2025-07-12,002-2795339-5,"Ramón Martínez Vásquez","Santo Domingo (Piantini)","Clases Guiadas","Básica",1070.00,1134.00,12,Activo,7,9
TRX-RD-7035,2025-07-12,011-4453841-8,"Manuel Morales Paulino","Puerto Plata Club","Personal Trainer","Básica",1488.00,1143.00,10,Activo,10,9
TRX-RD-7043,2025-07-12,031-0389221-6,"Laura Reyes Marte","Santo Domingo (Piantini)","Membresías","Premium",2690.00,1788.00,9,Activo,13,8
TRX-RD-7050,2025-07-12,097-9613201-8,"Johanny Marte Castillo","Santo Domingo Este (Zona Oriental)","Membresías","Básica",1690.00,954.00,14,Activo,15,6
TRX-RD-7051,2025-07-12,097-9613201-8,"Johanny Marte Castillo","Santo Domingo Este (Zona Oriental)","Personal Trainer","Básica",1216.00,954.00,14,Activo,15,6
TRX-RD-7100,2025-07-12,011-8699091-5,"Stephanie Sánchez Martínez","Santo Domingo (Piantini)","Membresías","Básica",1690.00,1133.00,14,Activo,9,8
TRX-RD-7149,2025-07-12,402-6167615-5,"María Gómez Marte","Puerto Plata Club","Membresías","Premium",2690.00,1749.00,7,Activo,9,9
TRX-RD-7199,2025-07-12,402-0766543-7,"Gabriel Cruz Díaz","Santo Domingo (Piantini)","Membresías","Premium",2690.00,1829.00,10,Activo,15,7
TRX-RD-7208,2025-07-12,402-3799506-9,"Miguel Castillo Cruz","Santo Domingo Este (Zona Oriental)","Membresías","Básica",1690.00,1112.00,15,Activo,12,7
TRX-RD-7243,2025-07-12,002-8193156-8,"Altagracia Martínez Castillo","Punta Cana (Bávaro)","Membresías","Básica",1690.00,1073.00,9,Activo,11,7
TRX-RD-7263,2025-07-12,031-2956002-9,"Manuel Pérez Guzmán","Santo Domingo Este (Zona Oriental)","Membresías","Premium",2690.00,1777.00,12,Activo,12,7
TRX-RD-6760,2025-07-13,001-4336709-2,"Ana Paulino Jiménez","Santo Domingo Este (Zona Oriental)","Membresías","Básica",1690.00,1162.00,10,Activo,10,9
TRX-RD-6780,2025-07-13,001-6183166-4,"Carlos Rosario Martínez","Santiago (Los Jardines)","Membresías","Básica",1690.00,1100.00,5,Activo,11,7
TRX-RD-6880,2025-07-13,037-7016446-9,"Ana Cruz Peña","Santiago (Los Jardines)","Membresías","Básica",1690.00,1191.00,11,Activo,13,7
TRX-RD-6904,2025-07-13,001-0584045-8,"Johanny Paulino Sánchez","Santo Domingo (Piantini)","Membresías","Premium",2690.00,1818.00,12,Activo,13,9
TRX-RD-6916,2025-07-13,037-3740762-1,"Pedro Morales Rosario","Santo Domingo Este (Zona Oriental)","Tienda Deportiva","Básica",1654.00,1223.00,6,Activo,7,8
TRX-RD-6929,2025-07-13,031-5503655-5,"Laura Reyes Reyes","Santo Domingo (Piantini)","Personal Trainer","Básica",1795.00,1104.00,13,Activo,12,9
TRX-RD-6943,2025-07-13,001-6416894-0,"Gabriel Guzmán Castillo","Punta Cana (Bávaro)","Membresías","Básica",1690.00,1018.00,9,Activo,8,9
TRX-RD-6973,2025-07-13,402-7419040-0,"Manuel Morales Martínez","Santiago (Los Jardines)","Membresías","VIP",4890.00,2232.00,14,Activo,12,7
TRX-RD-7098,2025-07-13,031-8639038-5,"Manuel Cruz Santana","Santiago (Los Jardines)","Membresías","Premium",2690.00,1556.00,10,Activo,13,7
TRX-RD-7117,2025-07-13,037-8606750-8,"Miguel Peña Vásquez","Punta Cana (Bávaro)","Membresías","Premium",2690.00,1553.00,9,Activo,13,8
TRX-RD-7129,2025-07-13,097-2127106-3,"Manuel Sánchez Rodríguez","Punta Cana (Bávaro)","Membresías","Básica",1690.00,1396.00,11,Activo,14,6
TRX-RD-7130,2025-07-13,097-2127106-3,"Manuel Sánchez Rodríguez","Punta Cana (Bávaro)","Tienda Deportiva","Básica",2394.00,1396.00,11,Activo,14,6
TRX-RD-7133,2025-07-13,402-5541175-9,"Yamilka Sánchez Díaz","Santiago (Los Jardines)","Membresías","VIP",4890.00,2404.00,11,Activo,12,10
TRX-RD-7158,2025-07-13,001-1158293-8,"Manuel Sánchez García","Punta Cana (Bávaro)","Tienda Deportiva","Premium",1492.00,1670.00,5,Activo,11,8
TRX-RD-7162,2025-07-13,037-6256257-1,"Ramón Díaz Jiménez","Santo Domingo Este (Zona Oriental)","Personal Trainer","Básica",1760.00,1342.00,8,Activo,5,8
TRX-RD-7249,2025-07-13,002-8358439-9,"Alejandro Rosario Pérez","Santo Domingo (Piantini)","Membresías","VIP",4890.00,2657.00,15,Activo,11,8
TRX-RD-7271,2025-07-13,011-3817674-6,"Manuel Reyes Rodríguez","Santiago (Los Jardines)","Membresías","VIP",4890.00,2435.00,12,Activo,12,8
TRX-RD-7301,2025-07-13,001-7706644-6,"Joan Marte Santana","Santo Domingo Este (Zona Oriental)","Personal Trainer","Básica",1394.00,1596.00,11,Activo,10,7
TRX-RD-6769,2025-07-14,037-5983058-5,"María Díaz Pérez","Santo Domingo Este (Zona Oriental)","Tienda Deportiva","VIP",1662.00,2320.00,11,Activo,9,7
TRX-RD-6771,2025-07-14,402-3725711-4,"Genesis Rodríguez Sánchez","Punta Cana (Bávaro)","Clases Guiadas","Básica",788.00,1179.00,14,Activo,15,7
TRX-RD-6817,2025-07-14,001-3041013-7,"Juan Ventura García","Punta Cana (Bávaro)","Tienda Deportiva","Premium",1607.00,1565.00,6,Activo,7,9
TRX-RD-6821,2025-07-14,001-9939436-2,"Pedro Rosario Sánchez","Santo Domingo Este (Zona Oriental)","Membresías","Básica",1690.00,1328.00,12,Activo,13,7
TRX-RD-6923,2025-07-14,011-8589574-3,"Carlos Guzmán Sánchez","Punta Cana (Bávaro)","Personal Trainer","VIP",1711.00,2413.00,8,Activo,6,7
TRX-RD-6928,2025-07-14,031-5503655-5,"Laura Reyes Reyes","Santo Domingo (Piantini)","Membresías","Básica",1690.00,1104.00,13,Activo,12,9
TRX-RD-6938,2025-07-14,037-0591246-1,"Luis Rodríguez Rosario","Santo Domingo Este (Zona Oriental)","Tienda Deportiva","Básica",2028.00,1416.00,10,Activo,13,9
TRX-RD-6950,2025-07-14,097-1835171-2,"Rafael Rodríguez Jiménez","Santo Domingo Este (Zona Oriental)","Tienda Deportiva","Básica",1693.00,1218.00,7,Activo,8,10
TRX-RD-7013,2025-07-14,011-6197242-5,"Ramón Pérez Rosario","Santo Domingo (Piantini)","Clases Guiadas","Básica",838.00,1064.00,9,Activo,9,8
TRX-RD-7065,2025-07-14,031-5457306-1,"Carlos Paulino Marte","Punta Cana (Bávaro)","Clases Guiadas","Básica",1176.00,1200.00,15,Activo,13,7
TRX-RD-7089,2025-07-14,031-7085259-8,"Carmen Díaz Rosario","Santiago (Los Jardines)","Personal Trainer","Premium",1481.00,1695.00,11,Activo,5,9
TRX-RD-7113,2025-07-14,097-4631063-1,"Pedro Peña Vásquez","Santo Domingo (Piantini)","Membresías","Básica",1690.00,1244.00,9,Activo,9,10
TRX-RD-7135,2025-07-14,402-5541175-9,"Yamilka Sánchez Díaz","Santiago (Los Jardines)","Tienda Deportiva","VIP",1632.00,2404.00,11,Activo,12,10
TRX-RD-7152,2025-07-14,031-4566564-6,"Carolina Vásquez Jiménez","Santiago (Los Jardines)","Membresías","Básica",1690.00,1233.00,7,Activo,8,8
TRX-RD-7155,2025-07-14,402-5462716-5,"Genesis García García","Punta Cana (Bávaro)","Membresías","Premium",2690.00,1764.00,13,Activo,12,8
TRX-RD-7220,2025-07-14,031-7353529-9,"Patricia Sánchez Santana","Santiago (Los Jardines)","Membresías","Básica",1690.00,1184.00,9,Activo,13,9
TRX-RD-7278,2025-07-14,031-1859472-4,"Laura Martínez García","Puerto Plata Club","Membresías","VIP",4890.00,2690.00,10,Activo,10,7
TRX-RD-7281,2025-07-14,031-1342744-1,"Patricia Pérez Díaz","Puerto Plata Club","Tienda Deportiva","Básica",1258.00,1141.00,11,Activo,16,7
TRX-RD-6746,2025-07-15,402-9746499-8,"Rosa Paulino Gómez","Santiago (Los Jardines)","Clases Guiadas","Básica",897.00,1303.00,13,Activo,7,8
TRX-RD-6764,2025-07-15,402-6826092-0,"Juan Rodríguez Reyes","Santo Domingo Este (Zona Oriental)","Membresías","Básica",1690.00,1398.00,7,Activo,9,8
TRX-RD-6779,2025-07-15,037-1324151-5,"Carlos Reyes Martínez","Puerto Plata Club","Membresías","Premium",2690.00,1887.00,14,Activo,7,6
TRX-RD-6797,2025-07-15,037-5764630-6,"Yamilka Sánchez Sánchez","Santiago (Los Jardines)","Membresías","VIP",4890.00,2364.00,17,Activo,13,7
TRX-RD-6851,2025-07-15,001-2647774-4,"Nicole Ventura Morales","Punta Cana (Bávaro)","Membresías","Básica",1690.00,1220.00,7,Activo,14,7
TRX-RD-6908,2025-07-15,011-7856238-3,"Gabriel Marte Sánchez","Santo Domingo (Piantini)","Membresías","Básica",1690.00,1325.00,8,Activo,11,9
TRX-RD-6914,2025-07-15,037-3740762-1,"Pedro Morales Rosario","Santo Domingo Este (Zona Oriental)","Membresías","Básica",1690.00,1223.00,6,Activo,7,8
TRX-RD-6919,2025-07-15,001-6323693-8,"Manuel Vásquez Sánchez","Punta Cana (Bávaro)","Membresías","VIP",4890.00,2549.00,11,Activo,7,8
TRX-RD-6971,2025-07-15,037-6310867-1,"Carlos Gómez Gómez","Santo Domingo Este (Zona Oriental)","Tienda Deportiva","Básica",1813.00,1314.00,8,Activo,9,9
TRX-RD-6978,2025-07-15,002-2155877-8,"Genesis Jiménez García","Santiago (Los Jardines)","Membresías","Premium",2690.00,1357.00,13,Activo,8,9
TRX-RD-7014,2025-07-15,097-2331703-9,"María Jiménez Martínez","Santiago (Los Jardines)","Membresías","Básica",1690.00,1256.00,9,Activo,16,9
TRX-RD-7022,2025-07-15,011-8180435-0,"Ramón García Peña","Santiago (Los Jardines)","Tienda Deportiva","Básica",1081.00,1183.00,6,Activo,14,7
TRX-RD-7039,2025-07-15,002-5305764-0,"Patricia Castillo Santana","Punta Cana (Bávaro)","Membresías","Básica",1690.00,1329.00,9,Activo,10,6
TRX-RD-7075,2025-07-15,097-7852937-1,"Rafael Rosario Guzmán","Punta Cana (Bávaro)","Membresías","Básica",1690.00,1344.00,8,Activo,12,10
TRX-RD-7092,2025-07-15,002-4145283-8,"Stephanie Martínez Rodríguez","Punta Cana (Bávaro)","Tienda Deportiva","Básica",1447.00,1446.00,10,Activo,10,9
TRX-RD-7094,2025-07-15,402-5491149-4,"Francisco Rodríguez Sánchez","Santo Domingo Este (Zona Oriental)","Membresías","Básica",1690.00,1206.00,16,Activo,12,7
TRX-RD-7095,2025-07-15,402-5491149-4,"Francisco Rodríguez Sánchez","Santo Domingo Este (Zona Oriental)","Personal Trainer","Básica",1554.00,1206.00,16,Activo,12,7
TRX-RD-7189,2025-07-15,402-9645729-0,"María Ventura García","Punta Cana (Bávaro)","Tienda Deportiva","Básica",2094.00,1174.00,8,Activo,16,9
TRX-RD-7202,2025-07-15,031-6853975-1,"Francisco Ventura Rodríguez","Santo Domingo (Piantini)","Membresías","Premium",2690.00,1584.00,11,Activo,10,7
TRX-RD-7215,2025-07-15,001-4573372-1,"Carolina Ventura Pérez","Santo Domingo Este (Zona Oriental)","Membresías","Básica",1690.00,1256.00,5,Activo,7,7
TRX-RD-7239,2025-07-15,037-7679995-3,"Juan Gómez Rodríguez","Punta Cana (Bávaro)","Membresías","Básica",1690.00,924.00,10,Activo,13,8
TRX-RD-7265,2025-07-15,001-9581794-5,"Carlos Sánchez Martínez","Puerto Plata Club","Membresías","VIP",4890.00,2196.00,12,Activo,9,8
TRX-RD-7303,2025-07-15,011-8674698-6,"Ramón Reyes Paulino","Santo Domingo (Piantini)","Membresías","Premium",2690.00,1433.00,11,Activo,12,8
TRX-RD-6788,2025-07-16,097-0737044-2,"Ana Rodríguez Paulino","Santo Domingo (Piantini)","Membresías","Premium",2690.00,1636.00,12,Activo,7,9
TRX-RD-6831,2025-07-16,097-9220691-5,"Patricia Pérez Jiménez","Santo Domingo Este (Zona Oriental)","Personal Trainer","Básica",1666.00,1468.00,14,Activo,8,9
TRX-RD-6837,2025-07-16,011-7673531-2,"Luis Jiménez Santana","Punta Cana (Bávaro)","Membresías","Premium",2690.00,1534.00,16,Activo,12,9
TRX-RD-6842,2025-07-16,402-7470758-3,"Johanny Pérez Reyes","Santo Domingo (Piantini)","Membresías","VIP",4890.00,2407.00,9,Activo,14,7
TRX-RD-6846,2025-07-16,031-5697088-5,"Altagracia Paulino Castillo","Santo Domingo (Piantini)","Membresías","VIP",4890.00,2503.00,11,Activo,14,6
TRX-RD-6890,2025-07-16,001-3849562-7,"Joan Guzmán Santana","Santo Domingo (Piantini)","Membresías","VIP",4890.00,2406.00,12,Activo,7,8
TRX-RD-6900,2025-07-16,001-0742516-7,"Luis Ventura Reyes","Santo Domingo Este (Zona Oriental)","Tienda Deportiva","Básica",1269.00,1136.00,15,Activo,12,10
TRX-RD-6970,2025-07-16,037-6310867-1,"Carlos Gómez Gómez","Santo Domingo Este (Zona Oriental)","Membresías","Básica",1690.00,1314.00,8,Activo,9,9
TRX-RD-6976,2025-07-16,011-2805876-3,"Nicole Rosario Reyes","Santo Domingo Este (Zona Oriental)","Membresías","Básica",1690.00,1377.00,11,Activo,12,9
TRX-RD-6985,2025-07-16,011-9238115-8,"Pedro Rosario Sánchez","Santiago (Los Jardines)","Tienda Deportiva","Básica",671.00,1324.00,13,Activo,12,7
TRX-RD-6986,2025-07-16,037-7869598-5,"Kelvin Ventura García","Punta Cana (Bávaro)","Membresías","Premium",2690.00,1596.00,13,Activo,9,8
TRX-RD-6993,2025-07-16,031-1608619-4,"Joan Díaz Rodríguez","Santo Domingo (Piantini)","Personal Trainer","Básica",1805.00,1531.00,12,Activo,6,10
TRX-RD-7001,2025-07-16,402-0475896-1,"Carolina Reyes Rosario","Santo Domingo (Piantini)","Membresías","Premium",2690.00,1762.00,12,Activo,15,8
TRX-RD-7019,2025-07-16,001-7825008-0,"Emmanuel Marte Gómez","Santiago (Los Jardines)","Membresías","Premium",2690.00,1831.00,4,Activo,10,10
TRX-RD-7021,2025-07-16,011-8180435-0,"Ramón García Peña","Santiago (Los Jardines)","Clases Guiadas","Básica",990.00,1183.00,6,Activo,14,7
TRX-RD-7066,2025-07-16,011-6804141-4,"Carmen Díaz Rodríguez","Santiago (Los Jardines)","Membresías","Básica",1690.00,1081.00,10,Activo,11,8
TRX-RD-7071,2025-07-16,011-3083034-0,"Kelvin Marte Santana","Santiago (Los Jardines)","Clases Guiadas","Básica",936.00,1259.00,7,Activo,13,8
TRX-RD-7109,2025-07-16,011-7170800-9,"Emmanuel Paulino Rosario","Santo Domingo Este (Zona Oriental)","Membresías","Básica",1690.00,1290.00,6,Activo,13,9
TRX-RD-7134,2025-07-16,402-5541175-9,"Yamilka Sánchez Díaz","Santiago (Los Jardines)","Personal Trainer","VIP",1724.00,2404.00,11,Activo,12,10
TRX-RD-7198,2025-07-16,097-3249981-0,"Manuel Reyes Rosario","Puerto Plata Club","Tienda Deportiva","Básica",1443.00,1486.00,10,Activo,13,8
TRX-RD-7235,2025-07-16,402-5274340-2,"Altagracia Morales Sánchez","Santiago (Los Jardines)","Membresías","Premium",2690.00,1875.00,9,Activo,13,10
TRX-RD-7261,2025-07-16,002-6485922-4,"Carlos Sánchez García","Santiago (Los Jardines)","Clases Guiadas","Premium",797.00,1669.00,8,Activo,8,7
TRX-RD-7288,2025-07-16,031-2693777-4,"Emmanuel Santana Reyes","Santo Domingo Este (Zona Oriental)","Membresías","Básica",1690.00,1388.00,12,Activo,9,7
TRX-RD-7295,2025-07-16,011-5398339-8,"Rafael Paulino Jiménez","Santo Domingo Este (Zona Oriental)","Membresías","Básica",1690.00,1136.00,10,Activo,7,8
TRX-RD-6751,2025-07-17,402-7362251-0,"Francisco Santana Reyes","Santiago (Los Jardines)","Membresías","Básica",1690.00,1325.00,13,Activo,9,5
TRX-RD-6766,2025-07-17,402-4917674-0,"Yamilka García Morales","Punta Cana (Bávaro)","Membresías","VIP",4890.00,2476.00,10,Activo,11,8
TRX-RD-6768,2025-07-17,037-5983058-5,"María Díaz Pérez","Santo Domingo Este (Zona Oriental)","Membresías","VIP",4890.00,2320.00,11,Activo,9,7
TRX-RD-6787,2025-07-17,097-7920909-8,"Ana García Santana","Santo Domingo Este (Zona Oriental)","Clases Guiadas","Básica",933.00,1411.00,10,Activo,7,7
TRX-RD-6801,2025-07-17,011-9793610-5,"Luisa García Morales","Santo Domingo (Piantini)","Clases Guiadas","VIP",733.00,2433.00,12,Activo,8,7
TRX-RD-6804,2025-07-17,002-5922083-8,"Laura Morales Rosario","Punta Cana (Bávaro)","Personal Trainer","Premium",1332.00,1704.00,9,Activo,14,8
TRX-RD-6922,2025-07-17,011-8589574-3,"Carlos Guzmán Sánchez","Punta Cana (Bávaro)","Membresías","VIP",4890.00,2413.00,8,Activo,6,7
TRX-RD-6927,2025-07-17,037-0576050-6,"Patricia Guzmán Morales","Santiago (Los Jardines)","Membresías","Básica",1690.00,1340.00,6,Activo,8,7
TRX-RD-6936,2025-07-17,402-8831087-9,"Manuel Ventura Rosario","Santiago (Los Jardines)","Clases Guiadas","Básica",1017.00,1141.00,12,Activo,10,8
TRX-RD-6961,2025-07-17,001-0419364-4,"Ramón Jiménez Santana","Santo Domingo (Piantini)","Personal Trainer","Básica",1746.00,1238.00,12,Activo,11,7
TRX-RD-6981,2025-07-17,402-4161120-7,"Carlos Vásquez Peña","Santo Domingo (Piantini)","Membresías","Premium",2690.00,1665.00,10,Activo,7,8
TRX-RD-7044,2025-07-17,031-0389221-6,"Laura Reyes Marte","Santo Domingo (Piantini)","Personal Trainer","Premium",1589.00,1788.00,9,Activo,13,8
TRX-RD-7047,2025-07-17,002-2223394-2,"Johanny Martínez Reyes","Santo Domingo (Piantini)","Personal Trainer","Premium",1643.00,1445.00,7,Activo,17,10
TRX-RD-7056,2025-07-17,031-0415386-5,"Ana Vásquez García","Santo Domingo (Piantini)","Personal Trainer","Premium",1492.00,1642.00,13,Activo,10,9
TRX-RD-7088,2025-07-17,031-7085259-8,"Carmen Díaz Rosario","Santiago (Los Jardines)","Membresías","Premium",2690.00,1695.00,11,Activo,5,9
TRX-RD-7174,2025-07-17,402-6753909-2,"Rosa Gómez Ventura","Santo Domingo Este (Zona Oriental)","Tienda Deportiva","Básica",1750.00,1429.00,8,Activo,13,8
TRX-RD-7181,2025-07-17,002-7118342-8,"Alejandro Paulino Ventura","Puerto Plata Club","Membresías","Básica",1690.00,1198.00,12,Activo,10,6
TRX-RD-7230,2025-07-17,037-6341494-7,"Juan Guzmán García","Santiago (Los Jardines)","Clases Guiadas","Básica",1114.00,1478.00,8,Activo,11,9
TRX-RD-7257,2025-07-17,001-1182612-9,"Rafael Rodríguez Guzmán","Santiago (Los Jardines)","Clases Guiadas","Básica",952.00,1193.00,11,Activo,14,7
TRX-RD-7280,2025-07-17,031-1342744-1,"Patricia Pérez Díaz","Puerto Plata Club","Personal Trainer","Básica",1489.00,1141.00,11,Activo,16,7
TRX-RD-6749,2025-07-18,031-4625065-3,"Rosa Paulino Cruz","Santiago (Los Jardines)","Membresías","Básica",1690.00,1280.00,7,Activo,10,8
TRX-RD-6756,2025-07-18,002-1793907-3,"Genesis Jiménez Morales","Puerto Plata Club","Membresías","VIP",4890.00,2188.00,8,Activo,12,9
TRX-RD-6772,2025-07-18,097-7028978-4,"Carlos Guzmán Gómez","Punta Cana (Bávaro)","Membresías","Básica",1690.00,855.00,6,Activo,12,9
TRX-RD-6795,2025-07-18,002-6149066-8,"Carolina Jiménez Jiménez","Santo Domingo (Piantini)","Membresías","Básica",1690.00,1195.00,10,Activo,14,8
TRX-RD-6841,2025-07-18,002-0039098-7,"Alejandro Rodríguez Castillo","Punta Cana (Bávaro)","Personal Trainer","Premium",1642.00,1582.00,10,Activo,11,9
TRX-RD-6867,2025-07-18,011-2564054-8,"Pedro García Reyes","Puerto Plata Club","Tienda Deportiva","Premium",1744.00,1702.00,13,Activo,11,7
TRX-RD-6905,2025-07-18,037-8528078-9,"Carmen Rodríguez Vásquez","Santo Domingo Este (Zona Oriental)","Membresías","Básica",1690.00,1505.00,8,Activo,5,7
TRX-RD-6945,2025-07-18,097-3530510-5,"Alejandro Marte Reyes","Puerto Plata Club","Membresías","VIP",4890.00,2566.00,8,Activo,10,8
TRX-RD-6947,2025-07-18,031-8363385-2,"Nicole Reyes Vásquez","Santiago (Los Jardines)","Membresías","Básica",1690.00,1343.00,14,Activo,15,8
TRX-RD-6975,2025-07-18,037-3326682-3,"Emmanuel Pérez Sánchez","Santo Domingo (Piantini)","Membresías","Premium",2690.00,1669.00,4,Cancelado,12,7
TRX-RD-6979,2025-07-18,002-2155877-8,"Genesis Jiménez García","Santiago (Los Jardines)","Clases Guiadas","Premium",842.00,1357.00,13,Activo,8,9
TRX-RD-6989,2025-07-18,031-8253717-9,"Juan Castillo Pérez","Santo Domingo (Piantini)","Personal Trainer","Básica",1310.00,1057.00,14,Activo,13,10
TRX-RD-7009,2025-07-18,402-6702324-6,"Alejandro Peña Cruz","Santo Domingo (Piantini)","Membresías","Premium",2690.00,1835.00,9,Activo,12,9
TRX-RD-7030,2025-07-18,002-2795339-5,"Ramón Martínez Vásquez","Santo Domingo (Piantini)","Membresías","Básica",1690.00,1134.00,12,Activo,7,9
TRX-RD-7126,2025-07-18,011-0266902-3,"Genesis Castillo Peña","Santo Domingo (Piantini)","Membresías","VIP",4890.00,2620.00,14,Activo,12,7
TRX-RD-7172,2025-07-18,402-0044725-4,"Nicole Rosario Castillo","Santo Domingo (Piantini)","Membresías","VIP",4890.00,2318.00,9,Activo,14,8
TRX-RD-7176,2025-07-18,031-1597777-3,"Altagracia Morales Paulino","Puerto Plata Club","Membresías","Básica",1690.00,1462.00,5,Activo,9,9
TRX-RD-7179,2025-07-18,001-2826741-6,"Yamilka Santana Martínez","Santo Domingo Este (Zona Oriental)","Clases Guiadas","Básica",860.00,1389.00,12,Activo,8,7
TRX-RD-7256,2025-07-18,001-1182612-9,"Rafael Rodríguez Guzmán","Santiago (Los Jardines)","Membresías","Básica",1690.00,1193.00,11,Activo,14,7
TRX-RD-7267,2025-07-18,031-3353004-2,"Emmanuel Reyes Marte","Santiago (Los Jardines)","Clases Guiadas","Básica",1142.00,1007.00,7,Activo,11,9
TRX-RD-6745,2025-07-19,402-9746499-8,"Rosa Paulino Gómez","Santiago (Los Jardines)","Personal Trainer","Básica",1228.00,1303.00,13,Activo,7,8
TRX-RD-6782,2025-07-19,011-9439820-0,"Ramón Guzmán Reyes","Santo Domingo (Piantini)","Tienda Deportiva","Premium",1443.00,1665.00,9,Activo,9,8
TRX-RD-6785,2025-07-19,097-5613607-4,"Miguel Díaz Cruz","Punta Cana (Bávaro)","Membresías","Básica",1690.00,1355.00,14,Activo,10,9
TRX-RD-6811,2025-07-19,011-8606403-4,"Rafael Paulino Gómez","Punta Cana (Bávaro)","Membresías","Básica",1690.00,1076.00,14,Activo,8,8
TRX-RD-6829,2025-07-19,037-9879283-8,"Carmen Morales Cruz","Santo Domingo (Piantini)","Tienda Deportiva","Básica",1633.00,1237.00,10,Activo,11,10
TRX-RD-6874,2025-07-19,011-9286017-7,"Miguel Reyes Santana","Punta Cana (Bávaro)","Membresías","Básica",1690.00,1359.00,6,Activo,11,7
TRX-RD-6887,2025-07-19,037-5690806-1,"Miguel Cruz Pérez","Santo Domingo (Piantini)","Membresías","VIP",4890.00,2289.00,10,Activo,10,8
TRX-RD-6888,2025-07-19,097-7300350-5,"Laura Sánchez Martínez","Santiago (Los Jardines)","Membresías","Premium",2690.00,1594.00,10,Activo,9,6
TRX-RD-6906,2025-07-19,037-8528078-9,"Carmen Rodríguez Vásquez","Santo Domingo Este (Zona Oriental)","Personal Trainer","Básica",1581.00,1505.00,8,Activo,5,7
TRX-RD-6941,2025-07-19,001-9905757-1,"Alejandro Marte Paulino","Punta Cana (Bávaro)","Membresías","Premium",2690.00,1944.00,13,Activo,11,8
TRX-RD-6946,2025-07-19,002-9235870-2,"Juan Castillo Cruz","Punta Cana (Bávaro)","Membresías","VIP",4890.00,2478.00,10,Activo,13,9
TRX-RD-6957,2025-07-19,402-4204423-4,"Ramón Guzmán Paulino","Santiago (Los Jardines)","Personal Trainer","Básica",1541.00,1178.00,9,Activo,10,6
TRX-RD-6958,2025-07-19,097-6771051-1,"Nicole Cruz Morales","Santo Domingo (Piantini)","Membresías","Premium",2690.00,1626.00,11,Activo,8,6
TRX-RD-6964,2025-07-19,402-1618967-6,"Carlos Paulino Guzmán","Punta Cana (Bávaro)","Membresías","Básica",1690.00,1128.00,10,Activo,10,8
TRX-RD-6977,2025-07-19,011-2805876-3,"Nicole Rosario Reyes","Santo Domingo Este (Zona Oriental)","Tienda Deportiva","Básica",1481.00,1377.00,11,Activo,12,9
TRX-RD-7053,2025-07-19,031-4831108-1,"José Paulino Guzmán","Puerto Plata Club","Membresías","VIP",4890.00,2245.00,10,Activo,9,9
TRX-RD-7067,2025-07-19,011-6804141-4,"Carmen Díaz Rodríguez","Santiago (Los Jardines)","Tienda Deportiva","Básica",1479.00,1081.00,10,Activo,11,8
TRX-RD-7085,2025-07-19,031-8359069-8,"Alejandro Cruz Gómez","Santiago (Los Jardines)","Tienda Deportiva","Básica",1429.00,1312.00,9,Activo,12,8
TRX-RD-7103,2025-07-19,011-1417102-6,"María Morales Morales","Santo Domingo Este (Zona Oriental)","Membresías","Básica",1690.00,1084.00,14,Activo,11,7
TRX-RD-7111,2025-07-19,001-7084713-1,"María Vásquez Marte","Santo Domingo Este (Zona Oriental)","Membresías","Premium",2690.00,1471.00,9,Activo,4,9
TRX-RD-7112,2025-07-19,001-7084713-1,"María Vásquez Marte","Santo Domingo Este (Zona Oriental)","Personal Trainer","Premium",1517.00,1471.00,9,Activo,4,9
TRX-RD-7266,2025-07-19,031-3353004-2,"Emmanuel Reyes Marte","Santiago (Los Jardines)","Membresías","Básica",1690.00,1007.00,7,Activo,11,9
TRX-RD-6753,2025-07-20,002-2999348-0,"Carmen Vásquez Paulino","Punta Cana (Bávaro)","Membresías","Básica",1690.00,1561.00,11,Activo,7,6
TRX-RD-6767,2025-07-20,402-4917674-0,"Yamilka García Morales","Punta Cana (Bávaro)","Personal Trainer","VIP",1224.00,2476.00,10,Activo,11,8
TRX-RD-6822,2025-07-20,011-5108527-9,"Yudelka Morales Castillo","Santiago (Los Jardines)","Membresías","Premium",2690.00,1676.00,10,Activo,10,7
TRX-RD-6873,2025-07-20,002-2068409-6,"Gabriel Díaz Guzmán","Puerto Plata Club","Membresías","Básica",1690.00,1264.00,10,Activo,10,10
TRX-RD-6930,2025-07-20,097-9949127-0,"Francisco Santana Peña","Santo Domingo (Piantini)","Membresías","VIP",4890.00,2523.00,15,Activo,8,10
TRX-RD-6949,2025-07-20,097-1835171-2,"Rafael Rodríguez Jiménez","Santo Domingo Este (Zona Oriental)","Membresías","Básica",1690.00,1218.00,7,Activo,8,10
TRX-RD-6966,2025-07-20,402-1618967-6,"Carlos Paulino Guzmán","Punta Cana (Bávaro)","Tienda Deportiva","Básica",1880.00,1128.00,10,Activo,10,8
TRX-RD-6972,2025-07-20,002-6118565-6,"Pedro Guzmán Paulino","Punta Cana (Bávaro)","Membresías","Básica",1690.00,1055.00,5,Activo,8,9
TRX-RD-6987,2025-07-20,002-6804390-8,"Alejandro Morales Ventura","Santiago (Los Jardines)","Membresías","Básica",1690.00,1291.00,11,Activo,17,9
TRX-RD-7015,2025-07-20,097-2331703-9,"María Jiménez Martínez","Santiago (Los Jardines)","Clases Guiadas","Básica",765.00,1256.00,9,Activo,16,9
TRX-RD-7023,2025-07-20,001-2868275-4,"Ramón Peña García","Santo Domingo (Piantini)","Membresías","VIP",4890.00,2577.00,11,Activo,15,7
TRX-RD-7033,2025-07-20,037-7397599-4,"Luis Reyes Ventura","Santo Domingo (Piantini)","Personal Trainer","Básica",1834.00,1334.00,12,Activo,17,7
TRX-RD-7054,2025-07-20,002-0728408-4,"Juan Vásquez Castillo","Santo Domingo Este (Zona Oriental)","Membresías","Básica",1690.00,1460.00,12,Activo,13,7
TRX-RD-7069,2025-07-20,011-3083034-0,"Kelvin Marte Santana","Santiago (Los Jardines)","Membresías","Básica",1690.00,1259.00,7,Activo,13,8
TRX-RD-7097,2025-07-20,402-5491149-4,"Francisco Rodríguez Sánchez","Santo Domingo Este (Zona Oriental)","Tienda Deportiva","Básica",1333.00,1206.00,16,Activo,12,7
TRX-RD-7108,2025-07-20,037-2983311-5,"Rafael Reyes Reyes","Santiago (Los Jardines)","Membresías","Premium",2690.00,1440.00,6,Cancelado,9,8
TRX-RD-7169,2025-07-20,097-5339295-1,"Juan Santana Díaz","Puerto Plata Club","Membresías","Básica",1690.00,1374.00,7,Activo,10,8
TRX-RD-7183,2025-07-20,037-6396478-4,"Miguel Marte Rosario","Punta Cana (Bávaro)","Membresías","Básica",1690.00,1489.00,7,Activo,13,7
TRX-RD-7196,2025-07-20,402-0934530-1,"Johanny Ventura Santana","Santiago (Los Jardines)","Tienda Deportiva","Básica",1535.00,1432.00,11,Activo,12,8
TRX-RD-7212,2025-07-20,031-0544898-3,"Miguel Martínez Jiménez","Santo Domingo Este (Zona Oriental)","Tienda Deportiva","Premium",758.00,1940.00,7,Activo,17,5
TRX-RD-7240,2025-07-20,002-2682440-7,"María Marte Guzmán","Santo Domingo Este (Zona Oriental)","Membresías","Básica",1690.00,1248.00,13,Activo,15,10
TRX-RD-7248,2025-07-20,002-8546073-9,"Altagracia García Ventura","Punta Cana (Bávaro)","Clases Guiadas","Básica",704.00,1224.00,10,Activo,11,9
TRX-RD-7259,2025-07-20,097-8381334-9,"Carmen Rosario Ventura","Puerto Plata Club","Clases Guiadas","Premium",874.00,1763.00,12,Activo,14,7
TRX-RD-7272,2025-07-20,011-3817674-6,"Manuel Reyes Rodríguez","Santiago (Los Jardines)","Personal Trainer","VIP",1393.00,2435.00,12,Activo,12,8
TRX-RD-7286,2025-07-20,097-4974915-7,"Laura Santana Vásquez","Punta Cana (Bávaro)","Membresías","Básica",1690.00,1537.00,11,Activo,13,8
TRX-RD-7300,2025-07-20,001-7706644-6,"Joan Marte Santana","Santo Domingo Este (Zona Oriental)","Membresías","Básica",1690.00,1596.00,11,Activo,10,7
TRX-RD-6802,2025-07-21,011-9793610-5,"Luisa García Morales","Santo Domingo (Piantini)","Tienda Deportiva","VIP",1892.00,2433.00,12,Activo,8,7
TRX-RD-6826,2025-07-21,037-9879283-8,"Carmen Morales Cruz","Santo Domingo (Piantini)","Membresías","Básica",1690.00,1237.00,10,Activo,11,10
TRX-RD-6843,2025-07-21,001-4914206-9,"Gabriel Díaz Reyes","Santiago (Los Jardines)","Membresías","Premium",2690.00,1504.00,15,Activo,16,8
TRX-RD-6879,2025-07-21,031-3445475-4,"Luis Rodríguez Morales","Punta Cana (Bávaro)","Membresías","Premium",2690.00,1471.00,14,Activo,12,9
TRX-RD-6884,2025-07-21,037-6831363-1,"José Santana Díaz","Santiago (Los Jardines)","Membresías","Básica",1690.00,1317.00,9,Activo,8,9
TRX-RD-6968,2025-07-21,002-0478549-7,"Luis Guzmán Díaz","Santo Domingo Este (Zona Oriental)","Membresías","VIP",4890.00,2524.00,10,Activo,10,9
TRX-RD-6992,2025-07-21,031-1608619-4,"Joan Díaz Rodríguez","Santo Domingo (Piantini)","Membresías","Básica",1690.00,1531.00,12,Activo,6,10
TRX-RD-7000,2025-07-21,402-2286782-8,"Patricia Sánchez Sánchez","Santiago (Los Jardines)","Membresías","Premium",2690.00,1526.00,5,Activo,11,7
TRX-RD-7042,2025-07-21,002-8632191-4,"Yamilka Jiménez Jiménez","Santiago (Los Jardines)","Tienda Deportiva","Básica",1612.00,1169.00,14,Activo,9,8
TRX-RD-7060,2025-07-21,002-1834056-0,"Rafael Sánchez Ventura","Santo Domingo (Piantini)","Membresías","Básica",1690.00,1305.00,12,Activo,9,8
TRX-RD-7081,2025-07-21,002-7964571-7,"Yamilka Ventura Peña","Punta Cana (Bávaro)","Personal Trainer","Básica",1423.00,1430.00,11,Activo,8,7
TRX-RD-7127,2025-07-21,011-0266902-3,"Genesis Castillo Peña","Santo Domingo (Piantini)","Clases Guiadas","VIP",795.00,2620.00,14,Activo,12,7
TRX-RD-7139,2025-07-21,402-0403131-0,"Stephanie Sánchez Cruz","Santo Domingo Este (Zona Oriental)","Membresías","Básica",1690.00,1243.00,5,Activo,14,7
TRX-RD-7166,2025-07-21,097-8808961-4,"Nicole Vásquez Vásquez","Punta Cana (Bávaro)","Membresías","Básica",1690.00,1256.00,7,Activo,12,8
TRX-RD-7182,2025-07-21,002-7118342-8,"Alejandro Paulino Ventura","Puerto Plata Club","Personal Trainer","Básica",1763.00,1198.00,12,Activo,10,6
TRX-RD-6742,2025-07-22,402-6032335-3,"Rosa Pérez Martínez","Santo Domingo (Piantini)","Membresías","VIP",4890.00,2308.00,11,Activo,10,8
TRX-RD-6762,2025-07-22,037-7793362-7,"Pedro Díaz Cruz","Santiago (Los Jardines)","Membresías","Básica",1690.00,1318.00,11,Activo,15,8
TRX-RD-6800,2025-07-22,011-9793610-5,"Luisa García Morales","Santo Domingo (Piantini)","Membresías","VIP",4890.00,2433.00,12,Activo,8,7
TRX-RD-6805,2025-07-22,097-7202263-9,"Altagracia García Rodríguez","Santiago (Los Jardines)","Membresías","VIP",4890.00,2445.00,7,Activo,7,6
TRX-RD-6823,2025-07-22,011-3620797-2,"Francisco Marte Morales","Santo Domingo (Piantini)","Membresías","VIP",4890.00,2664.00,11,Activo,14,8
TRX-RD-6838,2025-07-22,011-7673531-2,"Luis Jiménez Santana","Punta Cana (Bávaro)","Clases Guiadas","Premium",619.00,1534.00,16,Activo,12,9
TRX-RD-6849,2025-07-22,037-4087860-2,"José Vásquez Gómez","Puerto Plata Club","Membresías","Premium",2690.00,1700.00,12,Activo,9,8
TRX-RD-6864,2025-07-22,011-3176432-4,"Manuel Gómez Castillo","Santo Domingo Este (Zona Oriental)","Membresías","Básica",1690.00,1311.00,14,Activo,10,8
TRX-RD-6883,2025-07-22,001-9152930-4,"María Díaz Morales","Santo Domingo (Piantini)","Membresías","Premium",2690.00,1749.00,14,Activo,10,9
TRX-RD-6921,2025-07-22,001-6323693-8,"Manuel Vásquez Sánchez","Punta Cana (Bávaro)","Clases Guiadas","VIP",1097.00,2549.00,11,Activo,7,8
TRX-RD-6939,2025-07-22,402-7439845-8,"Nicole Sánchez Santana","Santiago (Los Jardines)","Membresías","VIP",4890.00,2334.00,10,Activo,8,8
TRX-RD-6948,2025-07-22,031-8363385-2,"Nicole Reyes Vásquez","Santiago (Los Jardines)","Personal Trainer","Básica",1686.00,1343.00,14,Activo,15,8
TRX-RD-6955,2025-07-22,002-5206211-2,"Kelvin Cruz Morales","Puerto Plata Club","Clases Guiadas","Premium",1033.00,2020.00,10,Activo,17,8
TRX-RD-6969,2025-07-22,002-0478549-7,"Luis Guzmán Díaz","Santo Domingo Este (Zona Oriental)","Personal Trainer","VIP",1745.00,2524.00,10,Activo,10,9
TRX-RD-7026,2025-07-22,011-0803242-4,"Laura Gómez Ventura","Santiago (Los Jardines)","Membresías","VIP",4890.00,2719.00,12,Activo,12,10
TRX-RD-7058,2025-07-22,001-1398005-6,"José Morales Paulino","Punta Cana (Bávaro)","Personal Trainer","Premium",1590.00,1722.00,9,Activo,15,9
TRX-RD-7091,2025-07-22,002-4145283-8,"Stephanie Martínez Rodríguez","Punta Cana (Bávaro)","Membresías","Básica",1690.00,1446.00,10,Activo,10,9
TRX-RD-7119,2025-07-22,002-3335454-7,"Manuel Rodríguez Reyes","Santo Domingo Este (Zona Oriental)","Membresías","Básica",1690.00,1007.00,10,Activo,12,7
TRX-RD-7145,2025-07-22,031-9583417-5,"Alejandro Cruz Vásquez","Santiago (Los Jardines)","Membresías","Premium",2690.00,1421.00,12,Activo,13,7
TRX-RD-7190,2025-07-22,002-4563876-2,"Rosa Reyes Peña","Puerto Plata Club","Membresías","Básica",1690.00,1081.00,11,Activo,9,9
TRX-RD-7237,2025-07-22,002-4726579-6,"Emmanuel Paulino Jiménez","Punta Cana (Bávaro)","Membresías","Básica",1690.00,1176.00,8,Activo,7,8
TRX-RD-7274,2025-07-22,002-3241056-3,"Carolina Sánchez Paulino","Santo Domingo (Piantini)","Personal Trainer","Básica",1358.00,1438.00,4,Activo,11,7
TRX-RD-6781,2025-07-23,011-9439820-0,"Ramón Guzmán Reyes","Santo Domingo (Piantini)","Membresías","Premium",2690.00,1665.00,9,Activo,9,8
TRX-RD-6784,2025-07-23,002-9985685-6,"Ana Reyes Santana","Santiago (Los Jardines)","Membresías","Básica",1690.00,1420.00,10,Activo,14,7
TRX-RD-6850,2025-07-23,037-4087860-2,"José Vásquez Gómez","Puerto Plata Club","Clases Guiadas","Premium",1057.00,1700.00,12,Activo,9,8
TRX-RD-6924,2025-07-23,011-3806746-5,"Genesis Jiménez García","Punta Cana (Bávaro)","Membresías","Premium",2690.00,1605.00,5,Cancelado,8,7
TRX-RD-6933,2025-07-23,097-7940625-6,"Carlos Reyes Rosario","Santo Domingo (Piantini)","Membresías","VIP",4890.00,2633.00,9,Activo,11,10
TRX-RD-7012,2025-07-23,011-6197242-5,"Ramón Pérez Rosario","Santo Domingo (Piantini)","Membresías","Básica",1690.00,1064.00,9,Activo,9,8
TRX-RD-7064,2025-07-23,031-5457306-1,"Carlos Paulino Marte","Punta Cana (Bávaro)","Personal Trainer","Básica",1708.00,1200.00,15,Activo,13,7
TRX-RD-7121,2025-07-23,002-6259335-3,"Emmanuel Guzmán Rosario","Santo Domingo Este (Zona Oriental)","Membresías","Premium",2690.00,2156.00,16,Activo,11,8
TRX-RD-7123,2025-07-23,037-7381306-2,"Carmen Gómez Martínez","Punta Cana (Bávaro)","Membresías","Premium",2690.00,1895.00,10,Activo,10,7
TRX-RD-7146,2025-07-23,001-4225018-2,"Rafael Gómez Díaz","Santiago (Los Jardines)","Membresías","Básica",1690.00,1301.00,13,Activo,11,9
TRX-RD-7171,2025-07-23,402-0309719-7,"Yudelka Rodríguez Guzmán","Santo Domingo (Piantini)","Membresías","VIP",4890.00,2215.00,16,Activo,9,7
TRX-RD-7177,2025-07-23,031-1597777-3,"Altagracia Morales Paulino","Puerto Plata Club","Clases Guiadas","Básica",1180.00,1462.00,5,Activo,9,9
TRX-RD-7247,2025-07-23,002-8546073-9,"Altagracia García Ventura","Punta Cana (Bávaro)","Personal Trainer","Básica",1443.00,1224.00,10,Activo,11,9
TRX-RD-7270,2025-07-23,011-7533243-4,"Kelvin Ventura Sánchez","Santiago (Los Jardines)","Membresías","Premium",2690.00,1646.00,16,Activo,13,7
TRX-RD-7275,2025-07-23,402-8956547-1,"Luis Cruz Gómez","Punta Cana (Bávaro)","Membresías","VIP",4890.00,2558.00,11,Activo,8,8
TRX-RD-6848,2025-07-24,402-9335168-6,"Francisco Paulino Guzmán","Puerto Plata Club","Membresías","Básica",1690.00,1199.00,7,Activo,9,8
TRX-RD-6852,2025-07-24,031-7139591-0,"Rafael Sánchez Paulino","Santo Domingo Este (Zona Oriental)","Membresías","Básica",1690.00,1135.00,11,Activo,17,8
TRX-RD-6863,2025-07-24,002-0153299-1,"Alejandro Sánchez Marte","Punta Cana (Bávaro)","Clases Guiadas","Básica",868.00,1148.00,7,Activo,15,9
TRX-RD-6865,2025-07-24,011-3176432-4,"Manuel Gómez Castillo","Santo Domingo Este (Zona Oriental)","Personal Trainer","Básica",1526.00,1311.00,14,Activo,10,8
TRX-RD-6870,2025-07-24,001-7971463-9,"Luisa Peña Díaz","Punta Cana (Bávaro)","Membresías","VIP",4890.00,2491.00,11,Activo,13,6
TRX-RD-6897,2025-07-24,097-5512692-8,"Juan Reyes Gómez","Santo Domingo Este (Zona Oriental)","Membresías","Básica",1690.00,1195.00,7,Activo,11,8
TRX-RD-6920,2025-07-24,001-6323693-8,"Manuel Vásquez Sánchez","Punta Cana (Bávaro)","Personal Trainer","VIP",1402.00,2549.00,11,Activo,7,8
TRX-RD-6931,2025-07-24,031-1824879-2,"Pedro Cruz Ventura","Santiago (Los Jardines)","Membresías","VIP",4890.00,2532.00,6,Activo,16,7
TRX-RD-6951,2025-07-24,002-6000131-8,"María Jiménez Santana","Puerto Plata Club","Membresías","Premium",2690.00,1598.00,10,Activo,3,9
TRX-RD-6963,2025-07-24,031-8796310-7,"Ana Marte Sánchez","Santo Domingo Este (Zona Oriental)","Membresías","Básica",1690.00,1181.00,13,Activo,10,7
TRX-RD-7005,2025-07-24,001-6928831-3,"Laura Guzmán Santana","Santo Domingo (Piantini)","Membresías","Premium",2690.00,1783.00,8,Activo,10,7
TRX-RD-7011,2025-07-24,402-0772858-1,"Rosa Ventura Jiménez","Puerto Plata Club","Membresías","VIP",4890.00,2382.00,8,Activo,11,8
TRX-RD-7016,2025-07-24,037-1474012-7,"Pedro Gómez Jiménez","Puerto Plata Club","Membresías","Básica",1690.00,1647.00,7,Activo,11,6
TRX-RD-7136,2025-07-24,037-5710505-5,"Manuel Reyes Paulino","Santo Domingo Este (Zona Oriental)","Membresías","Básica",1690.00,1187.00,13,Activo,10,8
TRX-RD-7141,2025-07-24,037-4151451-1,"María Díaz Cruz","Punta Cana (Bávaro)","Membresías","Premium",2690.00,1686.00,9,Activo,13,9
TRX-RD-7185,2025-07-24,037-2632060-3,"Nicole Castillo Rodríguez","Santo Domingo (Piantini)","Tienda Deportiva","VIP",1653.00,2417.00,12,Activo,11,9
TRX-RD-7194,2025-07-24,037-9856364-3,"Pedro Rosario Rosario","Santo Domingo Este (Zona Oriental)","Clases Guiadas","Básica",993.00,1322.00,13,Activo,17,8
TRX-RD-7203,2025-07-24,031-7376796-7,"Laura Martínez Marte","Santiago (Los Jardines)","Membresías","VIP",4890.00,2424.00,10,Activo,15,9
TRX-RD-7252,2025-07-24,001-4699582-4,"Emmanuel Pérez Martínez","Santo Domingo (Piantini)","Clases Guiadas","Premium",987.00,1485.00,13,Activo,13,9
TRX-RD-7264,2025-07-24,031-2956002-9,"Manuel Pérez Guzmán","Santo Domingo Este (Zona Oriental)","Clases Guiadas","Premium",963.00,1777.00,12,Activo,12,7
TRX-RD-7273,2025-07-24,002-3241056-3,"Carolina Sánchez Paulino","Santo Domingo (Piantini)","Membresías","Básica",1690.00,1438.00,4,Activo,11,7
TRX-RD-6744,2025-07-25,402-9746499-8,"Rosa Paulino Gómez","Santiago (Los Jardines)","Membresías","Básica",1690.00,1303.00,13,Activo,7,8
TRX-RD-6747,2025-07-25,031-4201189-3,"Alejandro Díaz Castillo","Santo Domingo (Piantini)","Membresías","Básica",1690.00,949.00,11,Activo,9,10
TRX-RD-6786,2025-07-25,097-7920909-8,"Ana García Santana","Santo Domingo Este (Zona Oriental)","Membresías","Básica",1690.00,1411.00,10,Activo,7,7
TRX-RD-6789,2025-07-25,031-1919018-3,"Patricia Rodríguez Pérez","Santiago (Los Jardines)","Membresías","VIP",4890.00,2539.00,11,Activo,10,10
TRX-RD-6859,2025-07-25,402-4830579-5,"Laura Marte Guzmán","Santiago (Los Jardines)","Membresías","Básica",1690.00,999.00,12,Activo,10,8
TRX-RD-6862,2025-07-25,002-0153299-1,"Alejandro Sánchez Marte","Punta Cana (Bávaro)","Membresías","Básica",1690.00,1148.00,7,Activo,15,9
TRX-RD-6877,2025-07-25,402-4369425-0,"Altagracia Cruz Martínez","Santiago (Los Jardines)","Personal Trainer","Básica",1516.00,1427.00,13,Activo,11,8
TRX-RD-6903,2025-07-25,037-7029147-8,"Carlos Marte Pérez","Santiago (Los Jardines)","Membresías","Premium",2690.00,1534.00,8,Activo,10,8
TRX-RD-6911,2025-07-25,031-6851654-4,"José Rosario Pérez","Santo Domingo Este (Zona Oriental)","Membresías","Básica",1690.00,1363.00,7,Activo,11,7
TRX-RD-7004,2025-07-25,031-1581612-0,"Ana Cruz Sánchez","Puerto Plata Club","Tienda Deportiva","Básica",2085.00,1359.00,7,Activo,14,9
TRX-RD-7028,2025-07-25,011-2788001-9,"Ramón Ventura Reyes","Santo Domingo (Piantini)","Tienda Deportiva","VIP",1418.00,2662.00,13,Activo,10,7
TRX-RD-7077,2025-07-25,011-0228573-9,"Laura Sánchez Peña","Santiago (Los Jardines)","Personal Trainer","Premium",1707.00,1619.00,7,Activo,15,8
TRX-RD-7153,2025-07-25,097-0440943-3,"Juan Ventura Sánchez","Punta Cana (Bávaro)","Membresías","VIP",4890.00,2444.00,8,Activo,13,7
TRX-RD-7210,2025-07-25,097-8097227-0,"Miguel Ventura Martínez","Santiago (Los Jardines)","Clases Guiadas","VIP",927.00,2387.00,10,Activo,10,8
TRX-RD-7241,2025-07-25,402-0142321-3,"Stephanie Morales Marte","Punta Cana (Bávaro)","Membresías","VIP",4890.00,2376.00,10,Activo,10,6
TRX-RD-7244,2025-07-25,001-5706299-3,"Carmen Rosario Pérez","Santo Domingo Este (Zona Oriental)","Membresías","Básica",1690.00,1294.00,7,Activo,10,6
TRX-RD-7255,2025-07-25,011-3298321-2,"José Gómez Gómez","Santiago (Los Jardines)","Membresías","Premium",2690.00,1405.00,4,Cancelado,9,7
TRX-RD-7269,2025-07-25,011-4532392-7,"Gabriel Marte Vásquez","Santo Domingo Este (Zona Oriental)","Membresías","Premium",2690.00,1474.00,14,Activo,10,7
TRX-RD-7294,2025-07-25,011-6281236-4,"Gabriel Sánchez Pérez","Santiago (Los Jardines)","Personal Trainer","Premium",1315.00,1729.00,8,Activo,11,7
TRX-RD-7302,2025-07-25,001-7706644-6,"Joan Marte Santana","Santo Domingo Este (Zona Oriental)","Tienda Deportiva","Básica",2049.00,1596.00,11,Activo,10,7
TRX-RD-6750,2025-07-26,037-1550315-1,"Miguel Ventura Rodríguez","Punta Cana (Bávaro)","Membresías","Premium",2690.00,1579.00,8,Activo,7,8
TRX-RD-6752,2025-07-26,037-9546737-6,"Stephanie Reyes Gómez","Punta Cana (Bávaro)","Membresías","Básica",1690.00,1340.00,7,Activo,12,8
TRX-RD-6806,2025-07-26,402-0624088-5,"Carlos Sánchez Guzmán","Santo Domingo (Piantini)","Membresías","Básica",1690.00,1359.00,14,Activo,7,8
TRX-RD-6807,2025-07-26,037-2758457-9,"José Cruz Vásquez","Santo Domingo Este (Zona Oriental)","Membresías","Premium",2690.00,1678.00,12,Activo,14,7
TRX-RD-6816,2025-07-26,001-3041013-7,"Juan Ventura García","Punta Cana (Bávaro)","Clases Guiadas","Premium",919.00,1565.00,6,Activo,7,9
TRX-RD-6827,2025-07-26,037-9879283-8,"Carmen Morales Cruz","Santo Domingo (Piantini)","Personal Trainer","Básica",1595.00,1237.00,10,Activo,11,10
TRX-RD-6856,2025-07-26,011-6483844-1,"Luis Cruz Jiménez","Punta Cana (Bávaro)","Membresías","Premium",2690.00,1584.00,14,Activo,14,8
TRX-RD-6858,2025-07-26,031-7249144-5,"Kelvin Marte Vásquez","Puerto Plata Club","Membresías","Básica",1690.00,1096.00,9,Activo,12,7
TRX-RD-6875,2025-07-26,097-4814056-4,"Alejandro Cruz Díaz","Punta Cana (Bávaro)","Membresías","VIP",4890.00,2397.00,15,Activo,19,9
TRX-RD-6889,2025-07-26,031-1102942-1,"Miguel Sánchez Sánchez","Santo Domingo (Piantini)","Membresías","Básica",1690.00,1329.00,19,Activo,12,9
TRX-RD-6925,2025-07-26,011-2927458-3,"María Martínez Gómez","Santiago (Los Jardines)","Membresías","Básica",1690.00,1067.00,5,Activo,10,9
TRX-RD-6926,2025-07-26,011-2927458-3,"María Martínez Gómez","Santiago (Los Jardines)","Clases Guiadas","Básica",943.00,1067.00,5,Activo,10,9
TRX-RD-6997,2025-07-26,002-0919408-3,"Laura Cruz Gómez","Santiago (Los Jardines)","Clases Guiadas","Básica",872.00,1307.00,13,Activo,12,8
TRX-RD-7018,2025-07-26,031-8068577-2,"Francisco Ventura Martínez","Santo Domingo (Piantini)","Membresías","Premium",2690.00,1788.00,11,Activo,5,8
TRX-RD-7038,2025-07-26,011-2999115-2,"Yamilka Jiménez Peña","Santo Domingo (Piantini)","Membresías","Básica",1690.00,1390.00,13,Activo,14,10
TRX-RD-7045,2025-07-26,031-0389221-6,"Laura Reyes Marte","Santo Domingo (Piantini)","Clases Guiadas","Premium",892.00,1788.00,9,Activo,13,8
TRX-RD-7052,2025-07-26,011-9218691-2,"Ramón Santana Gómez","Santiago (Los Jardines)","Membresías","Premium",2690.00,1586.00,11,Activo,12,8
TRX-RD-7096,2025-07-26,402-5491149-4,"Francisco Rodríguez Sánchez","Santo Domingo Este (Zona Oriental)","Clases Guiadas","Básica",1004.00,1206.00,16,Activo,12,7
TRX-RD-7143,2025-07-26,011-1481876-6,"Yudelka Marte Santana","Punta Cana (Bávaro)","Membresías","Premium",2690.00,1662.00,10,Activo,6,10
TRX-RD-7154,2025-07-26,097-0440943-3,"Juan Ventura Sánchez","Punta Cana (Bávaro)","Tienda Deportiva","VIP",1504.00,2444.00,8,Activo,13,7
TRX-RD-7184,2025-07-26,037-2632060-3,"Nicole Castillo Rodríguez","Santo Domingo (Piantini)","Membresías","VIP",4890.00,2417.00,12,Activo,11,9
TRX-RD-7233,2025-07-26,097-0712831-1,"Miguel Rodríguez Paulino","Santo Domingo (Piantini)","Personal Trainer","Premium",1445.00,1658.00,13,Activo,10,8
TRX-RD-7242,2025-07-26,402-0142321-3,"Stephanie Morales Marte","Punta Cana (Bávaro)","Personal Trainer","VIP",1245.00,2376.00,10,Activo,10,6
TRX-RD-7260,2025-07-26,002-6485922-4,"Carlos Sánchez García","Santiago (Los Jardines)","Membresías","Premium",2690.00,1669.00,8,Activo,8,7
TRX-RD-7282,2025-07-26,011-2784457-7,"Kelvin Jiménez Gómez","Santiago (Los Jardines)","Membresías","Básica",1690.00,1191.00,17,Activo,15,7
TRX-RD-6748,2025-07-27,031-4201189-3,"Alejandro Díaz Castillo","Santo Domingo (Piantini)","Tienda Deportiva","Básica",1278.00,949.00,11,Activo,9,10
TRX-RD-6761,2025-07-27,001-4336709-2,"Ana Paulino Jiménez","Santo Domingo Este (Zona Oriental)","Personal Trainer","Básica",1655.00,1162.00,10,Activo,10,9
TRX-RD-6803,2025-07-27,002-5922083-8,"Laura Morales Rosario","Punta Cana (Bávaro)","Membresías","Premium",2690.00,1704.00,9,Activo,14,8
TRX-RD-6857,2025-07-27,011-6483844-1,"Luis Cruz Jiménez","Punta Cana (Bávaro)","Clases Guiadas","Premium",968.00,1584.00,14,Activo,14,8
TRX-RD-6895,2025-07-27,001-7943153-1,"Laura Martínez Reyes","Santo Domingo (Piantini)","Membresías","Básica",1690.00,1213.00,15,Activo,9,8
TRX-RD-6913,2025-07-27,002-2421057-5,"Yamilka Pérez Vásquez","Santiago (Los Jardines)","Clases Guiadas","Básica",770.00,1190.00,11,Activo,8,8
TRX-RD-6940,2025-07-27,031-2974266-8,"Johanny Jiménez Jiménez","Santo Domingo (Piantini)","Membresías","Premium",2690.00,1751.00,12,Activo,6,9
TRX-RD-6942,2025-07-27,097-5033409-7,"Rafael Santana Reyes","Santo Domingo (Piantini)","Membresías","Básica",1690.00,1108.00,7,Activo,6,8
TRX-RD-7002,2025-07-27,011-9824525-8,"José Sánchez Marte","Santo Domingo (Piantini)","Membresías","Premium",2690.00,1765.00,11,Activo,6,8
TRX-RD-7073,2025-07-27,031-3994908-9,"Genesis Martínez Pérez","Santo Domingo (Piantini)","Membresías","VIP",4890.00,2456.00,12,Activo,10,7
TRX-RD-7093,2025-07-27,031-8488242-5,"Emmanuel Reyes Guzmán","Santo Domingo Este (Zona Oriental)","Membresías","Premium",2690.00,1538.00,7,Activo,11,7
TRX-RD-7116,2025-07-27,002-9773654-8,"Ramón Guzmán García","Santo Domingo (Piantini)","Personal Trainer","VIP",1645.00,2398.00,14,Activo,9,8
TRX-RD-7148,2025-07-27,001-4225018-2,"Rafael Gómez Díaz","Santiago (Los Jardines)","Clases Guiadas","Básica",791.00,1301.00,13,Activo,11,9
TRX-RD-7186,2025-07-27,031-4380637-4,"Patricia Gómez Díaz","Puerto Plata Club","Membresías","Premium",2690.00,1726.00,10,Activo,9,8
TRX-RD-7201,2025-07-27,001-6303143-8,"Rosa Castillo Ventura","Santiago (Los Jardines)","Membresías","VIP",4890.00,2315.00,5,Activo,10,8
TRX-RD-7224,2025-07-27,402-6097595-4,"Miguel Rosario Martínez","Santiago (Los Jardines)","Membresías","Premium",2690.00,1653.00,13,Activo,5,7
TRX-RD-7297,2025-07-27,031-0084252-9,"Yamilka Morales Cruz","Santo Domingo Este (Zona Oriental)","Membresías","Básica",1690.00,1317.00,6,Activo,10,7
TRX-RD-6757,2025-07-28,002-1793907-3,"Genesis Jiménez Morales","Puerto Plata Club","Clases Guiadas","VIP",970.00,2188.00,8,Activo,12,9
TRX-RD-6808,2025-07-28,011-1339381-1,"Juan Castillo Morales","Santo Domingo (Piantini)","Membresías","Básica",1690.00,1261.00,8,Activo,15,9
TRX-RD-6813,2025-07-28,002-4974312-1,"Patricia Guzmán Pérez","Santo Domingo (Piantini)","Membresías","Premium",2690.00,1678.00,10,Activo,11,9
TRX-RD-6819,2025-07-28,097-1176412-7,"Gabriel Jiménez Sánchez","Santo Domingo (Piantini)","Personal Trainer","Premium",1250.00,1963.00,8,Activo,8,9
TRX-RD-6898,2025-07-28,001-0742516-7,"Luis Ventura Reyes","Santo Domingo Este (Zona Oriental)","Membresías","Básica",1690.00,1136.00,15,Activo,12,10
TRX-RD-6915,2025-07-28,037-3740762-1,"Pedro Morales Rosario","Santo Domingo Este (Zona Oriental)","Personal Trainer","Básica",1402.00,1223.00,6,Activo,7,8
TRX-RD-6918,2025-07-28,037-8163497-1,"Carolina Marte Reyes","Santo Domingo (Piantini)","Membresías","VIP",4890.00,2270.00,10,Activo,12,8
TRX-RD-7040,2025-07-28,002-5305764-0,"Patricia Castillo Santana","Punta Cana (Bávaro)","Tienda Deportiva","Básica",1978.00,1329.00,9,Activo,10,6
TRX-RD-7072,2025-07-28,001-6862823-8,"Kelvin Vásquez Pérez","Santo Domingo (Piantini)","Membresías","Básica",1690.00,1068.00,12,Activo,15,7
TRX-RD-7124,2025-07-28,037-4666965-8,"Genesis Sánchez Santana","Santiago (Los Jardines)","Membresías","Básica",1690.00,1234.00,8,Activo,9,7
TRX-RD-7137,2025-07-28,037-5710505-5,"Manuel Reyes Paulino","Santo Domingo Este (Zona Oriental)","Tienda Deportiva","Básica",1644.00,1187.00,13,Activo,10,8
TRX-RD-7187,2025-07-28,031-4380637-4,"Patricia Gómez Díaz","Puerto Plata Club","Clases Guiadas","Premium",931.00,1726.00,10,Activo,9,8
TRX-RD-7204,2025-07-28,031-7376796-7,"Laura Martínez Marte","Santiago (Los Jardines)","Clases Guiadas","VIP",1131.00,2424.00,10,Activo,15,9
TRX-RD-7206,2025-07-28,037-8345657-1,"Altagracia Guzmán Rodríguez","Santo Domingo (Piantini)","Membresías","VIP",4890.00,2412.00,9,Activo,0,7
TRX-RD-7218,2025-07-28,097-2808250-5,"Johanny Paulino Rodríguez","Puerto Plata Club","Clases Guiadas","VIP",796.00,2070.00,6,Activo,4,9
TRX-RD-7245,2025-07-28,001-5706299-3,"Carmen Rosario Pérez","Santo Domingo Este (Zona Oriental)","Clases Guiadas","Básica",950.00,1294.00,7,Activo,10,6
TRX-RD-7279,2025-07-28,031-1342744-1,"Patricia Pérez Díaz","Puerto Plata Club","Membresías","Básica",1690.00,1141.00,11,Activo,16,7
TRX-RD-7285,2025-07-28,002-8585690-2,"Gabriel Cruz Rosario","Punta Cana (Bávaro)","Membresías","Premium",2690.00,1358.00,9,Activo,12,9
TRX-RD-7313,2025-08-01,031-4625065-3,"Rosa Paulino Cruz","Santiago (Los Jardines)","Tienda Deportiva","Básica",1603.00,1280.00,7,Activo,10,7
TRX-RD-7453,2025-08-01,031-3445475-4,"Luis Rodríguez Morales","Punta Cana (Bávaro)","Membresías","Premium",2690.00,1471.00,14,Activo,9,9
TRX-RD-7554,2025-08-01,402-4204423-4,"Ramón Guzmán Paulino","Santiago (Los Jardines)","Personal Trainer","Básica",1342.00,1178.00,9,Activo,10,7
TRX-RD-7589,2025-08-01,002-0919408-3,"Laura Cruz Gómez","Santiago (Los Jardines)","Membresías","Básica",1690.00,1307.00,13,Activo,19,8
TRX-RD-7612,2025-08-01,001-7825008-0,"Emmanuel Marte Gómez","Santiago (Los Jardines)","Membresías","Premium",2690.00,1831.00,4,Cancelado,11,7
TRX-RD-7756,2025-08-01,001-1158293-8,"Manuel Sánchez García","Punta Cana (Bávaro)","Membresías","Premium",2690.00,1670.00,5,Activo,12,8
TRX-RD-7764,2025-08-01,097-5339295-1,"Juan Santana Díaz","Puerto Plata Club","Membresías","Básica",1690.00,1374.00,7,Activo,7,8
TRX-RD-7768,2025-08-01,097-7382184-9,"Ana Díaz Reyes","Santo Domingo (Piantini)","Membresías","Premium",2690.00,1649.00,10,Activo,17,8
TRX-RD-7780,2025-08-01,037-6396478-4,"Miguel Marte Rosario","Punta Cana (Bávaro)","Membresías","Básica",1690.00,1489.00,7,Activo,14,8
TRX-RD-7792,2025-08-01,037-9856364-3,"Pedro Rosario Rosario","Santo Domingo Este (Zona Oriental)","Membresías","Básica",1690.00,1322.00,13,Activo,13,8
TRX-RD-7812,2025-08-01,002-6362877-8,"Gabriel Jiménez Rosario","Puerto Plata Club","Membresías","Premium",2690.00,1692.00,7,Activo,11,8
TRX-RD-7818,2025-08-01,097-2808250-5,"Johanny Paulino Rodríguez","Puerto Plata Club","Clases Guiadas","VIP",857.00,2070.00,6,Cancelado,14,8
TRX-RD-7833,2025-08-01,097-0712831-1,"Miguel Rodríguez Paulino","Santo Domingo (Piantini)","Membresías","Premium",2690.00,1658.00,13,Activo,17,7
TRX-RD-7841,2025-08-01,037-7679995-3,"Juan Gómez Rodríguez","Punta Cana (Bávaro)","Membresías","Básica",1690.00,924.00,10,Activo,16,7
TRX-RD-7853,2025-08-01,002-8546073-9,"Altagracia García Ventura","Punta Cana (Bávaro)","Membresías","Básica",1690.00,1224.00,10,Activo,11,6
TRX-RD-7877,2025-08-01,011-9652373-0,"Rosa Gómez Rodríguez","Santo Domingo (Piantini)","Membresías","Básica",1690.00,1353.00,11,Activo,6,9
TRX-RD-7312,2025-08-02,031-4625065-3,"Rosa Paulino Cruz","Santiago (Los Jardines)","Membresías","Básica",1690.00,1280.00,7,Activo,10,7
TRX-RD-7361,2025-08-02,011-4786136-1,"Altagracia Marte Jiménez","Santo Domingo Este (Zona Oriental)","Membresías","Básica",1690.00,1326.00,10,Activo,12,8
TRX-RD-7363,2025-08-02,011-9793610-5,"Luisa García Morales","Santo Domingo (Piantini)","Membresías","VIP",4890.00,2433.00,12,Activo,12,8
TRX-RD-7364,2025-08-02,002-5922083-8,"Laura Morales Rosario","Punta Cana (Bávaro)","Membresías","Premium",2690.00,1704.00,9,Activo,11,9
TRX-RD-7381,2025-08-02,002-4974312-1,"Patricia Guzmán Pérez","Santo Domingo (Piantini)","Membresías","Premium",2690.00,1678.00,10,Activo,8,9
TRX-RD-7395,2025-08-02,031-6593414-6,"Joan Ventura Sánchez","Santo Domingo Este (Zona Oriental)","Membresías","Básica",1690.00,1251.00,13,Activo,15,8
TRX-RD-7397,2025-08-02,011-5108527-9,"Yudelka Morales Castillo","Santiago (Los Jardines)","Membresías","Premium",2690.00,1676.00,10,Activo,12,8
TRX-RD-7416,2025-08-02,402-7470758-3,"Johanny Pérez Reyes","Santo Domingo (Piantini)","Membresías","VIP",4890.00,2407.00,9,Activo,13,9
TRX-RD-7475,2025-08-02,031-1282880-5,"María Martínez Peña","Santiago (Los Jardines)","Membresías","Premium",2690.00,1493.00,7,Activo,8,8
TRX-RD-7500,2025-08-02,402-7986613-7,"Luis Sánchez Vásquez","Punta Cana (Bávaro)","Membresías","Básica",1690.00,1244.00,9,Activo,13,9
TRX-RD-7604,2025-08-02,011-6197242-5,"Ramón Pérez Rosario","Santo Domingo (Piantini)","Membresías","Básica",1690.00,1064.00,9,Activo,9,8
TRX-RD-7643,2025-08-02,011-9218691-2,"Ramón Santana Gómez","Santiago (Los Jardines)","Membresías","Premium",2690.00,1586.00,11,Activo,6,6
TRX-RD-7694,2025-08-02,011-8699091-5,"Stephanie Sánchez Martínez","Santo Domingo (Piantini)","Membresías","Básica",1690.00,1133.00,14,Activo,5,8
TRX-RD-7726,2025-08-02,037-7443702-8,"José Martínez Díaz","Santo Domingo (Piantini)","Membresías","Premium",2690.00,1742.00,7,Activo,9,9
TRX-RD-7737,2025-08-02,011-1481876-6,"Yudelka Marte Santana","Punta Cana (Bávaro)","Membresías","Premium",2690.00,1662.00,10,Activo,5,7
TRX-RD-7843,2025-08-02,011-9506570-9,"Pedro Pérez Sánchez","Santo Domingo (Piantini)","Membresías","Premium",2690.00,1570.00,8,Activo,9,8
TRX-RD-7892,2025-08-02,002-7588872-5,"Carlos Rosario Rodríguez","Santiago (Los Jardines)","Membresías","Básica",1690.00,1200.00,10,Activo,9,9
TRX-RD-7315,2025-08-03,037-1550315-1,"Miguel Ventura Rodríguez","Punta Cana (Bávaro)","Clases Guiadas","Premium",1052.00,1579.00,8,Activo,10,6
TRX-RD-7334,2025-08-03,402-8041676-5,"Alejandro Vásquez García","Punta Cana (Bávaro)","Membresías","Premium",2690.00,1752.00,12,Activo,9,9
TRX-RD-7394,2025-08-03,001-9939436-2,"Pedro Rosario Sánchez","Santo Domingo Este (Zona Oriental)","Tienda Deportiva","Básica",1930.00,1328.00,12,Activo,10,9
TRX-RD-7396,2025-08-03,031-6593414-6,"Joan Ventura Sánchez","Santo Domingo Este (Zona Oriental)","Clases Guiadas","Básica",1104.00,1251.00,13,Activo,15,8
TRX-RD-7430,2025-08-03,002-8779724-5,"Carmen Gómez Jiménez","Santiago (Los Jardines)","Membresías","Premium",2690.00,1637.00,11,Activo,15,8
TRX-RD-7468,2025-08-03,402-9933288-8,"Carmen Peña Díaz","Santiago (Los Jardines)","Membresías","Premium",2690.00,1344.00,9,Activo,16,6
TRX-RD-7523,2025-08-03,031-8246707-0,"Alejandro Marte Morales","Puerto Plata Club","Membresías","VIP",4890.00,2388.00,11,Activo,12,8
TRX-RD-7567,2025-08-03,002-0478549-7,"Luis Guzmán Díaz","Santo Domingo Este (Zona Oriental)","Membresías","VIP",4890.00,2524.00,10,Activo,7,8
TRX-RD-7580,2025-08-03,037-7869598-5,"Kelvin Ventura García","Punta Cana (Bávaro)","Membresías","Premium",2690.00,1596.00,13,Activo,13,9
TRX-RD-7594,2025-08-03,402-2286782-8,"Patricia Sánchez Sánchez","Santiago (Los Jardines)","Membresías","Premium",2690.00,1526.00,5,Cancelado,6,7
TRX-RD-7633,2025-08-03,001-1313633-7,"Genesis García Rosario","Puerto Plata Club","Membresías","Básica",1690.00,1207.00,14,Activo,9,9
TRX-RD-7662,2025-08-03,011-4788643-4,"Emmanuel Santana Martínez","Santo Domingo (Piantini)","Clases Guiadas","Básica",767.00,1197.00,13,Activo,14,7
TRX-RD-7672,2025-08-03,037-1499715-6,"Ana Castillo Cruz","Santo Domingo (Piantini)","Personal Trainer","VIP",1301.00,2452.00,14,Activo,9,8
TRX-RD-7703,2025-08-03,011-7170800-9,"Emmanuel Paulino Rosario","Santo Domingo Este (Zona Oriental)","Personal Trainer","Básica",1464.00,1290.00,6,Activo,11,8
TRX-RD-7743,2025-08-03,402-6167615-5,"María Gómez Marte","Puerto Plata Club","Membresías","Premium",2690.00,1749.00,7,Cancelado,14,6
TRX-RD-7809,2025-08-03,031-3458161-4,"Juan García Martínez","Santiago (Los Jardines)","Clases Guiadas","Básica",806.00,1407.00,7,Activo,15,9
TRX-RD-7860,2025-08-03,002-5568091-0,"Gabriel Guzmán Martínez","Santo Domingo (Piantini)","Membresías","Básica",1690.00,948.00,11,Activo,6,6
TRX-RD-7874,2025-08-03,011-4532392-7,"Gabriel Marte Vásquez","Santo Domingo Este (Zona Oriental)","Membresías","Premium",2690.00,1474.00,14,Activo,16,7
TRX-RD-7902,2025-08-03,011-6281236-4,"Gabriel Sánchez Pérez","Santiago (Los Jardines)","Personal Trainer","Premium",1175.00,1729.00,8,Activo,8,6
TRX-RD-7316,2025-08-04,402-7362251-0,"Francisco Santana Reyes","Santiago (Los Jardines)","Membresías","Básica",1690.00,1325.00,13,Activo,12,9
TRX-RD-7341,2025-08-04,037-1324151-5,"Carlos Reyes Martínez","Puerto Plata Club","Membresías","Premium",2690.00,1887.00,14,Activo,10,8
TRX-RD-7377,2025-08-04,002-2145915-9,"Juan Marte Paulino","Santo Domingo (Piantini)","Membresías","Premium",2690.00,1683.00,11,Activo,12,6
TRX-RD-7402,2025-08-04,097-9220691-5,"Patricia Pérez Jiménez","Santo Domingo Este (Zona Oriental)","Membresías","Básica",1690.00,1468.00,14,Activo,9,9
TRX-RD-7449,2025-08-04,011-9286017-7,"Miguel Reyes Santana","Punta Cana (Bávaro)","Membresías","Básica",1690.00,1359.00,6,Activo,8,7
TRX-RD-7498,2025-08-04,001-5524767-9,"Ramón Jiménez Vásquez","Santo Domingo Este (Zona Oriental)","Membresías","Básica",1690.00,1201.00,7,Activo,19,9
TRX-RD-7539,2025-08-04,002-3932879-2,"Juan Peña Ventura","Santo Domingo Este (Zona Oriental)","Personal Trainer","Básica",1410.00,1100.00,8,Activo,15,9
TRX-RD-7570,2025-08-04,031-5240580-3,"Rafael Rosario Rosario","Santiago (Los Jardines)","Membresías","Premium",2690.00,1595.00,8,Activo,12,10
TRX-RD-7581,2025-08-04,037-7869598-5,"Kelvin Ventura García","Punta Cana (Bávaro)","Clases Guiadas","Premium",852.00,1596.00,13,Activo,13,9
TRX-RD-7584,2025-08-04,031-8253717-9,"Juan Castillo Pérez","Santo Domingo (Piantini)","Membresías","Básica",1690.00,1057.00,14,Activo,9,8
TRX-RD-7656,2025-08-04,002-3232256-0,"Patricia Santana Morales","Santo Domingo (Piantini)","Membresías","Básica",1690.00,1098.00,11,Activo,8,8
TRX-RD-7664,2025-08-04,001-6862823-8,"Kelvin Vásquez Pérez","Santo Domingo (Piantini)","Membresías","Básica",1690.00,1068.00,12,Activo,12,8
TRX-RD-7728,2025-08-04,402-8094202-6,"Luisa Jiménez Pérez","Santo Domingo Este (Zona Oriental)","Membresías","Básica",1690.00,1085.00,3,Activo,12,7
TRX-RD-7740,2025-08-04,097-7697463-7,"Altagracia Díaz Rodríguez","Santiago (Los Jardines)","Personal Trainer","Básica",1329.00,1064.00,11,Activo,10,9
TRX-RD-7816,2025-08-04,001-4573372-1,"Carolina Ventura Pérez","Santo Domingo Este (Zona Oriental)","Membresías","Básica",1690.00,1256.00,5,Activo,9,7
TRX-RD-7897,2025-08-04,011-4966584-4,"Emmanuel Vásquez Sánchez","Santo Domingo Este (Zona Oriental)","Membresías","Premium",2690.00,1777.00,13,Activo,12,7
TRX-RD-7335,2025-08-05,402-8041676-5,"Alejandro Vásquez García","Punta Cana (Bávaro)","Clases Guiadas","Premium",1099.00,1752.00,12,Activo,9,9
TRX-RD-7344,2025-08-05,011-9439820-0,"Ramón Guzmán Reyes","Santo Domingo (Piantini)","Membresías","Premium",2690.00,1665.00,9,Activo,15,9
TRX-RD-7365,2025-08-05,002-5922083-8,"Laura Morales Rosario","Punta Cana (Bávaro)","Personal Trainer","Premium",1563.00,1704.00,9,Activo,11,9
TRX-RD-7398,2025-08-05,011-5108527-9,"Yudelka Morales Castillo","Santiago (Los Jardines)","Tienda Deportiva","Premium",1826.00,1676.00,10,Activo,12,8
TRX-RD-7401,2025-08-05,037-9879283-8,"Carmen Morales Cruz","Santo Domingo (Piantini)","Personal Trainer","Básica",1687.00,1237.00,10,Activo,8,8
TRX-RD-7480,2025-08-05,402-9032230-0,"Pedro Morales García","Punta Cana (Bávaro)","Membresías","Básica",1690.00,1224.00,9,Activo,11,7
TRX-RD-7530,2025-08-05,097-8090752-4,"Juan Martínez Castillo","Santo Domingo (Piantini)","Membresías","Premium",2690.00,1545.00,7,Activo,13,8
TRX-RD-7602,2025-08-05,402-7337520-0,"Yudelka Peña Jiménez","Santiago (Los Jardines)","Membresías","VIP",4890.00,2497.00,11,Activo,9,9
TRX-RD-7620,2025-08-05,011-2788001-9,"Ramón Ventura Reyes","Santo Domingo (Piantini)","Membresías","VIP",4890.00,2662.00,13,Activo,12,9
TRX-RD-7632,2025-08-05,002-5305764-0,"Patricia Castillo Santana","Punta Cana (Bávaro)","Personal Trainer","Básica",1497.00,1329.00,9,Activo,11,9
TRX-RD-7637,2025-08-05,031-0389221-6,"Laura Reyes Marte","Santo Domingo (Piantini)","Membresías","Premium",2690.00,1788.00,9,Activo,14,9
TRX-RD-7652,2025-08-05,001-1398005-6,"José Morales Paulino","Punta Cana (Bávaro)","Personal Trainer","Premium",1557.00,1722.00,9,Activo,14,7
TRX-RD-7666,2025-08-05,031-3994908-9,"Genesis Martínez Pérez","Santo Domingo (Piantini)","Personal Trainer","VIP",1691.00,2456.00,12,Activo,13,9
TRX-RD-7900,2025-08-05,402-5039105-5,"María Díaz Santana","Puerto Plata Club","Membresías","Básica",1690.00,1209.00,10,Activo,15,8
TRX-RD-7912,2025-08-05,011-8674698-6,"Ramón Reyes Paulino","Santo Domingo (Piantini)","Tienda Deportiva","Premium",2155.00,1433.00,11,Activo,15,8
TRX-RD-7370,2025-08-06,402-0624088-5,"Carlos Sánchez Guzmán","Santo Domingo (Piantini)","Personal Trainer","Básica",1540.00,1359.00,14,Activo,12,7
TRX-RD-7372,2025-08-06,402-0624088-5,"Carlos Sánchez Guzmán","Santo Domingo (Piantini)","Tienda Deportiva","Básica",1244.00,1359.00,14,Activo,12,7
TRX-RD-7376,2025-08-06,011-1339381-1,"Juan Castillo Morales","Santo Domingo (Piantini)","Clases Guiadas","Básica",1140.00,1261.00,8,Activo,7,9
TRX-RD-7383,2025-08-06,001-5568775-9,"Emmanuel Jiménez Pérez","Santo Domingo Este (Zona Oriental)","Personal Trainer","Premium",1565.00,1714.00,7,Activo,14,8
TRX-RD-7400,2025-08-06,037-9879283-8,"Carmen Morales Cruz","Santo Domingo (Piantini)","Membresías","Básica",1690.00,1237.00,10,Activo,8,8
TRX-RD-7411,2025-08-06,001-3787669-4,"Ramón Díaz Rodríguez","Punta Cana (Bávaro)","Membresías","Premium",2690.00,1538.00,11,Activo,12,9
TRX-RD-7467,2025-08-06,097-7300350-5,"Laura Sánchez Martínez","Santiago (Los Jardines)","Clases Guiadas","Premium",948.00,1594.00,10,Activo,11,7
TRX-RD-7476,2025-08-06,031-1282880-5,"María Martínez Peña","Santiago (Los Jardines)","Personal Trainer","Premium",1460.00,1493.00,7,Activo,8,8
TRX-RD-7477,2025-08-06,031-1282880-5,"María Martínez Peña","Santiago (Los Jardines)","Tienda Deportiva","Premium",1694.00,1493.00,7,Activo,8,8
TRX-RD-7494,2025-08-06,037-7029147-8,"Carlos Marte Pérez","Santiago (Los Jardines)","Tienda Deportiva","Premium",1053.00,1534.00,8,Activo,10,8
TRX-RD-7565,2025-08-06,037-1267098-7,"Joan Morales Reyes","Santiago (Los Jardines)","Membresías","Básica",1690.00,1254.00,8,Activo,9,7
TRX-RD-7619,2025-08-06,011-0803242-4,"Laura Gómez Ventura","Santiago (Los Jardines)","Clases Guiadas","VIP",1212.00,2719.00,12,Activo,9,9
TRX-RD-7653,2025-08-06,002-9847295-2,"Johanny Vásquez Sánchez","Punta Cana (Bávaro)","Membresías","Básica",1690.00,1315.00,8,Activo,12,8
TRX-RD-7663,2025-08-06,011-3083034-0,"Kelvin Marte Santana","Santiago (Los Jardines)","Membresías","Básica",1690.00,1259.00,7,Activo,10,10
TRX-RD-7677,2025-08-06,002-7964571-7,"Yamilka Ventura Peña","Punta Cana (Bávaro)","Tienda Deportiva","Básica",1414.00,1430.00,11,Activo,9,8
TRX-RD-7695,2025-08-06,011-8699091-5,"Stephanie Sánchez Martínez","Santo Domingo (Piantini)","Personal Trainer","Básica",1537.00,1133.00,14,Activo,5,8
TRX-RD-7698,2025-08-06,002-6627199-8,"Gabriel Ventura Ventura","Santo Domingo (Piantini)","Membresías","Básica",1690.00,1220.00,17,Activo,10,7
TRX-RD-7775,2025-08-06,031-1597777-3,"Altagracia Morales Paulino","Puerto Plata Club","Clases Guiadas","Básica",1027.00,1462.00,5,Cancelado,11,9
TRX-RD-7852,2025-08-06,001-5706299-3,"Carmen Rosario Pérez","Santo Domingo Este (Zona Oriental)","Tienda Deportiva","Básica",1875.00,1294.00,7,Activo,12,7
TRX-RD-7856,2025-08-06,001-4699582-4,"Emmanuel Pérez Martínez","Santo Domingo (Piantini)","Membresías","Premium",2690.00,1485.00,13,Activo,3,7
TRX-RD-7890,2025-08-06,011-2784457-7,"Kelvin Jiménez Gómez","Santiago (Los Jardines)","Membresías","Básica",1690.00,1191.00,17,Activo,16,7
TRX-RD-7908,2025-08-06,037-3006683-8,"Carmen Peña Peña","Punta Cana (Bávaro)","Clases Guiadas","Básica",829.00,1406.00,10,Activo,14,8
TRX-RD-7321,2025-08-07,002-1793907-3,"Genesis Jiménez Morales","Puerto Plata Club","Membresías","VIP",4890.00,2188.00,8,Activo,12,6
TRX-RD-7349,2025-08-07,097-5613607-4,"Miguel Díaz Cruz","Punta Cana (Bávaro)","Membresías","Básica",1690.00,1355.00,14,Activo,18,8
TRX-RD-7403,2025-08-07,402-0968845-2,"María Santana Sánchez","Santiago (Los Jardines)","Membresías","Básica",1690.00,998.00,8,Activo,16,9
TRX-RD-7443,2025-08-07,011-7655157-8,"Emmanuel Pérez Díaz","Santo Domingo (Piantini)","Tienda Deportiva","Premium",1610.00,1568.00,11,Activo,8,7
TRX-RD-7622,2025-08-07,031-3415573-2,"Kelvin Rosario Díaz","Santo Domingo (Piantini)","Membresías","Premium",2690.00,1705.00,7,Activo,14,6
TRX-RD-7650,2025-08-07,031-0415386-5,"Ana Vásquez García","Santo Domingo (Piantini)","Tienda Deportiva","Premium",1267.00,1642.00,13,Activo,10,9
TRX-RD-7654,2025-08-07,002-9847295-2,"Johanny Vásquez Sánchez","Punta Cana (Bávaro)","Tienda Deportiva","Básica",2149.00,1315.00,8,Activo,12,8
TRX-RD-7669,2025-08-07,011-0228573-9,"Laura Sánchez Peña","Santiago (Los Jardines)","Personal Trainer","Premium",1375.00,1619.00,7,Activo,13,8
TRX-RD-7671,2025-08-07,037-1499715-6,"Ana Castillo Cruz","Santo Domingo (Piantini)","Membresías","VIP",4890.00,2452.00,14,Activo,9,8
TRX-RD-7683,2025-08-07,097-2566732-4,"Johanny Castillo Reyes","Santo Domingo Este (Zona Oriental)","Clases Guiadas","Básica",1113.00,1137.00,7,Activo,12,10
TRX-RD-7707,2025-08-07,037-7827589-5,"Rafael Pérez Rosario","Santo Domingo (Piantini)","Membresías","Premium",2690.00,1487.00,9,Activo,8,8
TRX-RD-7715,2025-08-07,002-3335454-7,"Manuel Rodríguez Reyes","Santo Domingo Este (Zona Oriental)","Membresías","Básica",1690.00,1007.00,10,Activo,17,7
TRX-RD-7738,2025-08-07,031-9583417-5,"Alejandro Cruz Vásquez","Santiago (Los Jardines)","Membresías","Premium",2690.00,1421.00,12,Activo,9,7
TRX-RD-7749,2025-08-07,037-5296970-3,"Rosa Sánchez Reyes","Punta Cana (Bávaro)","Membresías","Premium",2690.00,1522.00,10,Activo,9,7
TRX-RD-7760,2025-08-07,037-6256257-1,"Ramón Díaz Jiménez","Santo Domingo Este (Zona Oriental)","Clases Guiadas","Básica",1169.00,1342.00,8,Activo,12,9
TRX-RD-7774,2025-08-07,031-1597777-3,"Altagracia Morales Paulino","Puerto Plata Club","Membresías","Básica",1690.00,1462.00,5,Cancelado,11,9
TRX-RD-7807,2025-08-07,031-3458161-4,"Juan García Martínez","Santiago (Los Jardines)","Membresías","Básica",1690.00,1407.00,7,Activo,15,9
TRX-RD-7849,2025-08-07,002-8193156-8,"Altagracia Martínez Castillo","Punta Cana (Bávaro)","Clases Guiadas","Básica",1146.00,1073.00,9,Activo,14,9
TRX-RD-7863,2025-08-07,001-1182612-9,"Rafael Rodríguez Guzmán","Santiago (Los Jardines)","Membresías","Básica",1690.00,1193.00,11,Activo,15,7
TRX-RD-7366,2025-08-08,097-7202263-9,"Altagracia García Rodríguez","Santiago (Los Jardines)","Membresías","VIP",4890.00,2445.00,7,Activo,14,7
TRX-RD-7373,2025-08-08,037-2758457-9,"José Cruz Vásquez","Santo Domingo Este (Zona Oriental)","Membresías","Premium",2690.00,1678.00,12,Activo,9,7
TRX-RD-7408,2025-08-08,011-0658246-1,"Manuel Jiménez Rosario","Puerto Plata Club","Membresías","Premium",2690.00,1298.00,12,Activo,4,8
TRX-RD-7417,2025-08-08,402-7470758-3,"Johanny Pérez Reyes","Santo Domingo (Piantini)","Clases Guiadas","VIP",631.00,2407.00,9,Activo,13,9
TRX-RD-7423,2025-08-08,097-4883894-4,"Stephanie Vásquez Guzmán","Santiago (Los Jardines)","Membresías","Básica",1690.00,1041.00,8,Activo,17,10
TRX-RD-7506,2025-08-08,037-3740762-1,"Pedro Morales Rosario","Santo Domingo Este (Zona Oriental)","Clases Guiadas","Básica",1079.00,1223.00,6,Activo,11,8
TRX-RD-7545,2025-08-08,031-8363385-2,"Nicole Reyes Vásquez","Santiago (Los Jardines)","Personal Trainer","Básica",1700.00,1343.00,14,Activo,10,9
TRX-RD-7557,2025-08-08,001-0419364-4,"Ramón Jiménez Santana","Santo Domingo (Piantini)","Membresías","Básica",1690.00,1238.00,12,Activo,9,7
TRX-RD-7560,2025-08-08,031-8796310-7,"Ana Marte Sánchez","Santo Domingo Este (Zona Oriental)","Membresías","Básica",1690.00,1181.00,13,Activo,8,7
TRX-RD-7562,2025-08-08,402-1618967-6,"Carlos Paulino Guzmán","Punta Cana (Bávaro)","Membresías","Básica",1690.00,1128.00,10,Activo,15,9
TRX-RD-7625,2025-08-08,002-5106576-9,"Kelvin Díaz Gómez","Santo Domingo (Piantini)","Tienda Deportiva","VIP",895.00,2557.00,10,Activo,15,9
TRX-RD-7742,2025-08-08,001-4225018-2,"Rafael Gómez Díaz","Santiago (Los Jardines)","Personal Trainer","Básica",1608.00,1301.00,13,Activo,12,8
TRX-RD-7779,2025-08-08,002-7118342-8,"Alejandro Paulino Ventura","Puerto Plata Club","Clases Guiadas","Básica",759.00,1198.00,12,Activo,12,8
TRX-RD-7831,2025-08-08,031-9570833-8,"Gabriel Ventura Gómez","Santiago (Los Jardines)","Personal Trainer","Premium",1712.00,1675.00,5,Activo,9,7
TRX-RD-7840,2025-08-08,002-4726579-6,"Emmanuel Paulino Jiménez","Punta Cana (Bávaro)","Personal Trainer","Básica",1377.00,1176.00,8,Activo,10,8
TRX-RD-7844,2025-08-08,011-9506570-9,"Pedro Pérez Sánchez","Santo Domingo (Piantini)","Personal Trainer","Premium",1495.00,1570.00,8,Activo,9,8
TRX-RD-7862,2025-08-08,002-5568091-0,"Gabriel Guzmán Martínez","Santo Domingo (Piantini)","Clases Guiadas","Básica",805.00,948.00,11,Activo,6,6
TRX-RD-7889,2025-08-08,031-1342744-1,"Patricia Pérez Díaz","Puerto Plata Club","Tienda Deportiva","Básica",2066.00,1141.00,11,Activo,14,7
TRX-RD-7907,2025-08-08,037-3006683-8,"Carmen Peña Peña","Punta Cana (Bávaro)","Membresías","Básica",1690.00,1406.00,10,Activo,14,8
TRX-RD-7304,2025-08-09,402-6032335-3,"Rosa Pérez Martínez","Santo Domingo (Piantini)","Membresías","VIP",4890.00,2308.00,11,Activo,13,7
TRX-RD-7325,2025-08-09,001-4336709-2,"Ana Paulino Jiménez","Santo Domingo Este (Zona Oriental)","Membresías","Básica",1690.00,1162.00,10,Activo,12,8
TRX-RD-7367,2025-08-09,097-7202263-9,"Altagracia García Rodríguez","Santiago (Los Jardines)","Personal Trainer","VIP",1475.00,2445.00,7,Activo,14,7
TRX-RD-7392,2025-08-09,001-9939436-2,"Pedro Rosario Sánchez","Santo Domingo Este (Zona Oriental)","Membresías","Básica",1690.00,1328.00,12,Activo,10,9
TRX-RD-7421,2025-08-09,037-4959824-3,"Laura Morales Sánchez","Santo Domingo (Piantini)","Membresías","Premium",2690.00,1713.00,5,Activo,10,7
TRX-RD-7426,2025-08-09,037-4087860-2,"José Vásquez Gómez","Puerto Plata Club","Membresías","Premium",2690.00,1700.00,12,Activo,15,9
TRX-RD-7434,2025-08-09,402-4830579-5,"Laura Marte Guzmán","Santiago (Los Jardines)","Membresías","Básica",1690.00,999.00,12,Activo,11,8
TRX-RD-7496,2025-08-09,037-8528078-9,"Carmen Rodríguez Vásquez","Santo Domingo Este (Zona Oriental)","Membresías","Básica",1690.00,1505.00,8,Activo,11,8
TRX-RD-7522,2025-08-09,097-7940625-6,"Carlos Reyes Rosario","Santo Domingo (Piantini)","Membresías","VIP",4890.00,2633.00,9,Activo,14,9
TRX-RD-7563,2025-08-09,402-1618967-6,"Carlos Paulino Guzmán","Punta Cana (Bávaro)","Personal Trainer","Básica",1590.00,1128.00,10,Activo,15,9
TRX-RD-7685,2025-08-09,031-7085259-8,"Carmen Díaz Rosario","Santiago (Los Jardines)","Personal Trainer","Premium",1774.00,1695.00,11,Activo,7,9
TRX-RD-7687,2025-08-09,097-5388169-8,"Ana Sánchez García","Puerto Plata Club","Membresías","Premium",2690.00,1566.00,4,Cancelado,11,9
TRX-RD-7713,2025-08-09,037-4720712-8,"Alejandro Paulino Gómez","Santiago (Los Jardines)","Membresías","Básica",1690.00,1054.00,13,Activo,10,10
TRX-RD-7748,2025-08-09,097-0440943-3,"Juan Ventura Sánchez","Punta Cana (Bávaro)","Membresías","VIP",4890.00,2444.00,8,Activo,12,9
TRX-RD-7765,2025-08-09,097-5339295-1,"Juan Santana Díaz","Puerto Plata Club","Tienda Deportiva","Básica",1433.00,1374.00,7,Activo,7,8
TRX-RD-7783,2025-08-09,037-2632060-3,"Nicole Castillo Rodríguez","Santo Domingo (Piantini)","Membresías","VIP",4890.00,2417.00,12,Activo,9,10
TRX-RD-7797,2025-08-09,097-3249981-0,"Manuel Reyes Rosario","Puerto Plata Club","Tienda Deportiva","Básica",2262.00,1486.00,10,Activo,14,9
TRX-RD-7798,2025-08-09,402-0766543-7,"Gabriel Cruz Díaz","Santo Domingo (Piantini)","Membresías","Premium",2690.00,1829.00,10,Activo,11,9
TRX-RD-7827,2025-08-09,402-6097595-4,"Miguel Rosario Martínez","Santiago (Los Jardines)","Membresías","Premium",2690.00,1653.00,13,Activo,9,10
TRX-RD-7868,2025-08-09,031-2956002-9,"Manuel Pérez Guzmán","Santo Domingo Este (Zona Oriental)","Membresías","Premium",2690.00,1777.00,12,Activo,14,7
TRX-RD-7895,2025-08-09,097-4974915-7,"Laura Santana Vásquez","Punta Cana (Bávaro)","Membresías","Básica",1690.00,1537.00,11,Activo,12,8
TRX-RD-7898,2025-08-09,011-4966584-4,"Emmanuel Vásquez Sánchez","Santo Domingo Este (Zona Oriental)","Clases Guiadas","Premium",809.00,1777.00,13,Activo,12,7
TRX-RD-7306,2025-08-10,402-6032335-3,"Rosa Pérez Martínez","Santo Domingo (Piantini)","Tienda Deportiva","VIP",1321.00,2308.00,11,Activo,13,7
TRX-RD-7347,2025-08-10,002-9985685-6,"Ana Reyes Santana","Santiago (Los Jardines)","Membresías","Básica",1690.00,1420.00,10,Activo,9,8
TRX-RD-7378,2025-08-10,402-9604871-9,"Rafael Guzmán Pérez","Punta Cana (Bávaro)","Membresías","Premium",2690.00,1714.00,9,Activo,8,8
TRX-RD-7399,2025-08-10,011-3620797-2,"Francisco Marte Morales","Santo Domingo (Piantini)","Membresías","VIP",4890.00,2664.00,11,Activo,12,9
TRX-RD-7445,2025-08-10,001-7971463-9,"Luisa Peña Díaz","Punta Cana (Bávaro)","Personal Trainer","VIP",2054.00,2491.00,11,Activo,12,7
TRX-RD-7446,2025-08-10,011-2335632-9,"Luisa Rosario Jiménez","Santiago (Los Jardines)","Membresías","Básica",1690.00,1055.00,13,Activo,13,8
TRX-RD-7488,2025-08-10,001-0742516-7,"Luis Ventura Reyes","Santo Domingo Este (Zona Oriental)","Membresías","Básica",1690.00,1136.00,15,Activo,17,9
TRX-RD-7489,2025-08-10,037-9815671-1,"Altagracia Jiménez Peña","Punta Cana (Bávaro)","Membresías","Premium",2690.00,1605.00,15,Activo,10,9
TRX-RD-7501,2025-08-10,031-6851654-4,"José Rosario Pérez","Santo Domingo Este (Zona Oriental)","Membresías","Básica",1690.00,1363.00,7,Activo,10,9
TRX-RD-7543,2025-08-10,002-9235870-2,"Juan Castillo Cruz","Punta Cana (Bávaro)","Personal Trainer","VIP",1500.00,2478.00,10,Activo,12,6
TRX-RD-7623,2025-08-10,002-2795339-5,"Ramón Martínez Vásquez","Santo Domingo (Piantini)","Membresías","Básica",1690.00,1134.00,12,Activo,17,7
TRX-RD-7679,2025-08-10,011-0095220-7,"Nicole Pérez Cruz","Santo Domingo (Piantini)","Personal Trainer","Básica",1604.00,1178.00,6,Activo,14,9
TRX-RD-7684,2025-08-10,031-7085259-8,"Carmen Díaz Rosario","Santiago (Los Jardines)","Membresías","Premium",2690.00,1695.00,11,Activo,7,9
TRX-RD-7717,2025-08-10,002-6259335-3,"Emmanuel Guzmán Rosario","Santo Domingo Este (Zona Oriental)","Personal Trainer","Premium",1403.00,2156.00,16,Activo,8,7
TRX-RD-7722,2025-08-10,011-0266902-3,"Genesis Castillo Peña","Santo Domingo (Piantini)","Membresías","VIP",4890.00,2620.00,14,Activo,9,9
TRX-RD-7773,2025-08-10,037-6416060-6,"Luisa Cruz Díaz","Punta Cana (Bávaro)","Membresías","Básica",1690.00,1171.00,4,Activo,6,5
TRX-RD-7793,2025-08-10,402-9075402-3,"Ana Pérez Ventura","Santiago (Los Jardines)","Membresías","Premium",2690.00,1899.00,6,Activo,11,8
TRX-RD-7826,2025-08-10,097-2512172-8,"Yamilka Santana Rosario","Santo Domingo (Piantini)","Tienda Deportiva","Básica",1785.00,1168.00,7,Activo,6,9
TRX-RD-7887,2025-08-10,031-1859472-4,"Laura Martínez García","Puerto Plata Club","Membresías","VIP",4890.00,2690.00,10,Activo,11,8
TRX-RD-7323,2025-08-11,001-1334706-6,"Gabriel Pérez Vásquez","Puerto Plata Club","Membresías","Básica",1690.00,1361.00,5,Activo,8,9
TRX-RD-7328,2025-08-11,037-7793362-7,"Pedro Díaz Cruz","Santiago (Los Jardines)","Personal Trainer","Básica",1538.00,1318.00,11,Activo,8,8
TRX-RD-7338,2025-08-11,002-7517997-6,"Yamilka Guzmán Santana","Santiago (Los Jardines)","Membresías","VIP",4890.00,2635.00,9,Activo,17,7
TRX-RD-7351,2025-08-11,097-0737044-2,"Ana Rodríguez Paulino","Santo Domingo (Piantini)","Membresías","Premium",2690.00,1636.00,12,Activo,11,8
TRX-RD-7353,2025-08-11,031-1919018-3,"Patricia Rodríguez Pérez","Santiago (Los Jardines)","Clases Guiadas","VIP",800.00,2539.00,11,Activo,8,10
TRX-RD-7362,2025-08-11,402-9497962-6,"Juan Sánchez Ventura","Santo Domingo Este (Zona Oriental)","Membresías","Premium",2690.00,1775.00,11,Activo,13,9
TRX-RD-7385,2025-08-11,402-6347891-5,"Ramón Martínez Morales","Punta Cana (Bávaro)","Personal Trainer","Básica",1639.00,1268.00,11,Activo,7,9
TRX-RD-7390,2025-08-11,002-1029560-6,"Manuel Gómez Cruz","Santiago (Los Jardines)","Personal Trainer","Premium",1488.00,1537.00,11,Activo,13,5
TRX-RD-7393,2025-08-11,001-9939436-2,"Pedro Rosario Sánchez","Santo Domingo Este (Zona Oriental)","Personal Trainer","Básica",1463.00,1328.00,12,Activo,10,9
TRX-RD-7435,2025-08-11,031-8069871-8,"Miguel Martínez Cruz","Santo Domingo Este (Zona Oriental)","Membresías","Básica",1690.00,1173.00,12,Activo,9,9
TRX-RD-7450,2025-08-11,097-4814056-4,"Alejandro Cruz Díaz","Punta Cana (Bávaro)","Membresías","VIP",4890.00,2397.00,15,Activo,12,10
TRX-RD-7464,2025-08-11,002-3031991-5,"Emmanuel Reyes Morales","Santo Domingo (Piantini)","Clases Guiadas","Premium",693.00,1671.00,7,Activo,12,7
TRX-RD-7466,2025-08-11,097-7300350-5,"Laura Sánchez Martínez","Santiago (Los Jardines)","Membresías","Premium",2690.00,1594.00,10,Activo,11,7
TRX-RD-7484,2025-08-11,001-0668806-2,"Genesis Gómez Ventura","Santo Domingo (Piantini)","Membresías","VIP",4890.00,2342.00,8,Activo,14,8
TRX-RD-7493,2025-08-11,037-7029147-8,"Carlos Marte Pérez","Santiago (Los Jardines)","Personal Trainer","Premium",1662.00,1534.00,8,Activo,10,8
TRX-RD-7512,2025-08-11,011-2927458-3,"María Martínez Gómez","Santiago (Los Jardines)","Tienda Deportiva","Básica",1647.00,1067.00,5,Cancelado,11,9
TRX-RD-7541,2025-08-11,097-3530510-5,"Alejandro Marte Reyes","Puerto Plata Club","Tienda Deportiva","VIP",1434.00,2566.00,8,Activo,11,9
TRX-RD-7546,2025-08-11,097-1835171-2,"Rafael Rodríguez Jiménez","Santo Domingo Este (Zona Oriental)","Membresías","Básica",1690.00,1218.00,7,Activo,15,8
TRX-RD-7588,2025-08-11,031-1608619-4,"Joan Díaz Rodríguez","Santo Domingo (Piantini)","Membresías","Básica",1690.00,1531.00,12,Activo,11,9
TRX-RD-7601,2025-08-11,402-6702324-6,"Alejandro Peña Cruz","Santo Domingo (Piantini)","Membresías","Premium",2690.00,1835.00,9,Activo,18,7
TRX-RD-7642,2025-08-11,097-9613201-8,"Johanny Marte Castillo","Santo Domingo Este (Zona Oriental)","Membresías","Básica",1690.00,954.00,14,Activo,10,6
TRX-RD-7675,2025-08-11,002-7964571-7,"Yamilka Ventura Peña","Punta Cana (Bávaro)","Membresías","Básica",1690.00,1430.00,11,Activo,9,8
TRX-RD-7689,2025-08-11,031-8488242-5,"Emmanuel Reyes Guzmán","Santo Domingo Este (Zona Oriental)","Membresías","Premium",2690.00,1538.00,7,Activo,11,7
TRX-RD-7716,2025-08-11,002-6259335-3,"Emmanuel Guzmán Rosario","Santo Domingo Este (Zona Oriental)","Membresías","Premium",2690.00,2156.00,16,Activo,8,7
TRX-RD-7732,2025-08-11,402-0403131-0,"Stephanie Sánchez Cruz","Santo Domingo Este (Zona Oriental)","Membresías","Básica",1690.00,1243.00,5,Activo,12,9
TRX-RD-7771,2025-08-11,402-6753909-2,"Rosa Gómez Ventura","Santo Domingo Este (Zona Oriental)","Membresías","Básica",1690.00,1429.00,8,Activo,16,10
TRX-RD-7781,2025-08-11,037-6396478-4,"Miguel Marte Rosario","Punta Cana (Bávaro)","Tienda Deportiva","Básica",1089.00,1489.00,7,Activo,14,8
TRX-RD-7808,2025-08-11,031-3458161-4,"Juan García Martínez","Santiago (Los Jardines)","Personal Trainer","Básica",1312.00,1407.00,7,Activo,15,9
TRX-RD-7825,2025-08-11,097-2512172-8,"Yamilka Santana Rosario","Santo Domingo (Piantini)","Clases Guiadas","Básica",927.00,1168.00,7,Activo,6,9
TRX-RD-7838,2025-08-11,402-5274340-2,"Altagracia Morales Sánchez","Santiago (Los Jardines)","Tienda Deportiva","Premium",1319.00,1875.00,9,Activo,14,7
TRX-RD-7879,2025-08-11,011-7533243-4,"Kelvin Ventura Sánchez","Santiago (Los Jardines)","Membresías","Premium",2690.00,1646.00,16,Activo,15,8
TRX-RD-7332,2025-08-12,402-4917674-0,"Yamilka García Morales","Punta Cana (Bávaro)","Membresías","VIP",4890.00,2476.00,10,Activo,14,8
TRX-RD-7333,2025-08-12,037-5983058-5,"María Díaz Pérez","Santo Domingo Este (Zona Oriental)","Membresías","VIP",4890.00,2320.00,11,Activo,8,9
TRX-RD-7357,2025-08-12,037-4397113-1,"Pedro Marte García","Santo Domingo (Piantini)","Clases Guiadas","VIP",1254.00,2512.00,13,Activo,14,7
TRX-RD-7391,2025-08-12,097-1176412-7,"Gabriel Jiménez Sánchez","Santo Domingo (Piantini)","Membresías","Premium",2690.00,1963.00,8,Activo,18,8
TRX-RD-7413,2025-08-12,402-2735504-3,"Ramón Marte Sánchez","Santiago (Los Jardines)","Membresías","Premium",2690.00,1446.00,12,Activo,6,8
TRX-RD-7452,2025-08-12,037-5645049-4,"José Gómez Jiménez","Santiago (Los Jardines)","Membresías","Premium",2690.00,2106.00,9,Activo,15,8
TRX-RD-7459,2025-08-12,001-9152930-4,"María Díaz Morales","Santo Domingo (Piantini)","Tienda Deportiva","Premium",1010.00,1749.00,14,Activo,13,7
TRX-RD-7497,2025-08-12,011-7856238-3,"Gabriel Marte Sánchez","Santo Domingo (Piantini)","Membresías","Básica",1690.00,1325.00,8,Activo,12,8
TRX-RD-7504,2025-08-12,037-3740762-1,"Pedro Morales Rosario","Santo Domingo Este (Zona Oriental)","Membresías","Básica",1690.00,1223.00,6,Activo,11,8
TRX-RD-7505,2025-08-12,037-3740762-1,"Pedro Morales Rosario","Santo Domingo Este (Zona Oriental)","Personal Trainer","Básica",1658.00,1223.00,6,Activo,11,8
TRX-RD-7517,2025-08-12,097-9949127-0,"Francisco Santana Peña","Santo Domingo (Piantini)","Membresías","VIP",4890.00,2523.00,15,Activo,10,8
TRX-RD-7518,2025-08-12,031-1824879-2,"Pedro Cruz Ventura","Santiago (Los Jardines)","Membresías","VIP",4890.00,2532.00,6,Activo,11,8
TRX-RD-7550,2025-08-12,002-5206211-2,"Kelvin Cruz Morales","Puerto Plata Club","Membresías","Premium",2690.00,2020.00,10,Activo,18,9
TRX-RD-7572,2025-08-12,402-7419040-0,"Manuel Morales Martínez","Santiago (Los Jardines)","Tienda Deportiva","VIP",1226.00,2232.00,14,Activo,11,7
TRX-RD-7576,2025-08-12,402-4161120-7,"Carlos Vásquez Peña","Santo Domingo (Piantini)","Membresías","Premium",2690.00,1665.00,10,Activo,3,9
TRX-RD-7586,2025-08-12,011-7420481-6,"Ramón Reyes García","Santo Domingo Este (Zona Oriental)","Membresías","Básica",1690.00,1608.00,11,Activo,12,7
TRX-RD-7609,2025-08-12,037-1474012-7,"Pedro Gómez Jiménez","Puerto Plata Club","Tienda Deportiva","Básica",2527.00,1647.00,7,Activo,14,7
TRX-RD-7614,2025-08-12,011-8180435-0,"Ramón García Peña","Santiago (Los Jardines)","Tienda Deportiva","Básica",1712.00,1183.00,6,Activo,16,8
TRX-RD-7646,2025-08-12,031-6441568-3,"Manuel Paulino Ventura","Puerto Plata Club","Membresías","VIP",4890.00,2333.00,12,Activo,13,8
TRX-RD-7647,2025-08-12,031-6441568-3,"Manuel Paulino Ventura","Puerto Plata Club","Clases Guiadas","VIP",867.00,2333.00,12,Activo,13,8
TRX-RD-7659,2025-08-12,031-5457306-1,"Carlos Paulino Marte","Punta Cana (Bávaro)","Membresías","Básica",1690.00,1200.00,15,Activo,12,7
TRX-RD-7704,2025-08-12,001-7084713-1,"María Vásquez Marte","Santo Domingo Este (Zona Oriental)","Membresías","Premium",2690.00,1471.00,9,Activo,10,8
TRX-RD-7739,2025-08-12,097-7697463-7,"Altagracia Díaz Rodríguez","Santiago (Los Jardines)","Membresías","Básica",1690.00,1064.00,11,Activo,10,9
TRX-RD-7761,2025-08-12,037-4771277-0,"Johanny Santana Santana","Santiago (Los Jardines)","Membresías","Básica",1690.00,1270.00,8,Activo,11,7
TRX-RD-7855,2025-08-12,002-8358439-9,"Alejandro Rosario Pérez","Santo Domingo (Piantini)","Clases Guiadas","VIP",905.00,2657.00,15,Activo,16,9
TRX-RD-7859,2025-08-12,402-3646088-3,"Kelvin Reyes Cruz","Punta Cana (Bávaro)","Clases Guiadas","VIP",932.00,2581.00,6,Cancelado,11,7
TRX-RD-7869,2025-08-12,031-2956002-9,"Manuel Pérez Guzmán","Santo Domingo Este (Zona Oriental)","Clases Guiadas","Premium",884.00,1777.00,12,Activo,14,7
TRX-RD-7875,2025-08-12,011-4532392-7,"Gabriel Marte Vásquez","Santo Domingo Este (Zona Oriental)","Clases Guiadas","Premium",918.00,1474.00,14,Activo,16,7
TRX-RD-7896,2025-08-12,031-2693777-4,"Emmanuel Santana Reyes","Santo Domingo Este (Zona Oriental)","Membresías","Básica",1690.00,1388.00,12,Activo,10,8
TRX-RD-7324,2025-08-13,001-1334706-6,"Gabriel Pérez Vásquez","Puerto Plata Club","Tienda Deportiva","Básica",2014.00,1361.00,5,Activo,8,9
TRX-RD-7340,2025-08-13,402-1899446-1,"Yamilka Castillo Pérez","Punta Cana (Bávaro)","Clases Guiadas","Básica",1046.00,1110.00,7,Activo,12,6
TRX-RD-7371,2025-08-13,402-0624088-5,"Carlos Sánchez Guzmán","Santo Domingo (Piantini)","Clases Guiadas","Básica",727.00,1359.00,14,Activo,12,7
TRX-RD-7374,2025-08-13,037-0679343-1,"Carlos Rodríguez Martínez","Santo Domingo Este (Zona Oriental)","Membresías","Básica",1690.00,1155.00,13,Activo,9,7
TRX-RD-7447,2025-08-13,011-2335632-9,"Luisa Rosario Jiménez","Santiago (Los Jardines)","Clases Guiadas","Básica",815.00,1055.00,13,Activo,13,8
TRX-RD-7575,2025-08-13,002-2155877-8,"Genesis Jiménez García","Santiago (Los Jardines)","Personal Trainer","Premium",1286.00,1357.00,13,Activo,9,8
TRX-RD-7592,2025-08-13,002-9790082-1,"Emmanuel García Marte","Santiago (Los Jardines)","Membresías","Premium",2690.00,1801.00,12,Activo,11,8
TRX-RD-7610,2025-08-13,031-8068577-2,"Francisco Ventura Martínez","Santo Domingo (Piantini)","Membresías","Premium",2690.00,1788.00,11,Activo,8,8
TRX-RD-7688,2025-08-13,002-4145283-8,"Stephanie Martínez Rodríguez","Punta Cana (Bávaro)","Membresías","Básica",1690.00,1446.00,10,Activo,12,7
TRX-RD-7690,2025-08-13,031-8488242-5,"Emmanuel Reyes Guzmán","Santo Domingo Este (Zona Oriental)","Personal Trainer","Premium",1489.00,1538.00,7,Activo,11,7
TRX-RD-7822,2025-08-13,037-1003202-4,"Gabriel Díaz Martínez","Santo Domingo Este (Zona Oriental)","Personal Trainer","Básica",1631.00,1256.00,8,Activo,12,9
TRX-RD-7829,2025-08-13,031-0627540-1,"María Morales Guzmán","Punta Cana (Bávaro)","Membresías","Básica",1690.00,1201.00,14,Activo,18,6
TRX-RD-7888,2025-08-13,031-1342744-1,"Patricia Pérez Díaz","Puerto Plata Club","Membresías","Básica",1690.00,1141.00,11,Activo,14,7
TRX-RD-7438,2025-08-14,011-3176432-4,"Manuel Gómez Castillo","Santo Domingo Este (Zona Oriental)","Membresías","Básica",1690.00,1311.00,14,Activo,11,7
TRX-RD-7456,2025-08-14,037-7016446-9,"Ana Cruz Peña","Santiago (Los Jardines)","Personal Trainer","Básica",1253.00,1191.00,11,Activo,12,7
TRX-RD-7474,2025-08-14,002-6232200-1,"Yamilka Pérez Gómez","Santo Domingo (Piantini)","Clases Guiadas","Premium",1174.00,1347.00,16,Activo,9,9
TRX-RD-7483,2025-08-14,001-7943153-1,"Laura Martínez Reyes","Santo Domingo (Piantini)","Membresías","Básica",1690.00,1213.00,15,Activo,13,7
TRX-RD-7571,2025-08-14,402-7419040-0,"Manuel Morales Martínez","Santiago (Los Jardines)","Membresías","VIP",4890.00,2232.00,14,Activo,11,7
TRX-RD-7598,2025-08-14,001-6928831-3,"Laura Guzmán Santana","Santo Domingo (Piantini)","Membresías","Premium",2690.00,1783.00,8,Activo,8,8
TRX-RD-7616,2025-08-14,402-3202685-2,"Genesis Jiménez Ventura","Santo Domingo (Piantini)","Membresías","Premium",2690.00,1779.00,8,Activo,11,8
TRX-RD-7645,2025-08-14,031-4831108-1,"José Paulino Guzmán","Puerto Plata Club","Membresías","VIP",4890.00,2245.00,10,Activo,13,8
TRX-RD-7691,2025-08-14,402-5491149-4,"Francisco Rodríguez Sánchez","Santo Domingo Este (Zona Oriental)","Membresías","Básica",1690.00,1206.00,16,Activo,10,7
TRX-RD-7711,2025-08-14,037-8606750-8,"Miguel Peña Vásquez","Punta Cana (Bávaro)","Membresías","Premium",2690.00,1553.00,9,Activo,11,8
TRX-RD-7734,2025-08-14,097-9758518-0,"Carmen Jiménez Jiménez","Santo Domingo (Piantini)","Membresías","Premium",2690.00,1735.00,6,Activo,14,10
TRX-RD-7750,2025-08-14,037-5296970-3,"Rosa Sánchez Reyes","Punta Cana (Bávaro)","Clases Guiadas","Premium",1011.00,1522.00,10,Activo,9,7
TRX-RD-7794,2025-08-14,402-0934530-1,"Johanny Ventura Santana","Santiago (Los Jardines)","Membresías","Básica",1690.00,1432.00,11,Activo,8,8
TRX-RD-7799,2025-08-14,402-0766543-7,"Gabriel Cruz Díaz","Santo Domingo (Piantini)","Clases Guiadas","Premium",757.00,1829.00,10,Activo,11,9
TRX-RD-7814,2025-08-14,402-1332067-0,"Carlos Díaz Martínez","Santo Domingo Este (Zona Oriental)","Membresías","Básica",1690.00,1485.00,10,Activo,14,7
TRX-RD-7842,2025-08-14,002-2682440-7,"María Marte Guzmán","Santo Domingo Este (Zona Oriental)","Membresías","Básica",1690.00,1248.00,13,Activo,16,9
TRX-RD-7847,2025-08-14,402-0142321-3,"Stephanie Morales Marte","Punta Cana (Bávaro)","Personal Trainer","VIP",1582.00,2376.00,10,Activo,12,9
TRX-RD-7899,2025-08-14,002-9208152-8,"Carlos Ventura Morales","Santiago (Los Jardines)","Membresías","Básica",1690.00,1289.00,6,Activo,11,8
TRX-RD-7903,2025-08-14,011-5398339-8,"Rafael Paulino Jiménez","Santo Domingo Este (Zona Oriental)","Membresías","Básica",1690.00,1136.00,10,Activo,11,8
TRX-RD-7314,2025-08-15,037-1550315-1,"Miguel Ventura Rodríguez","Punta Cana (Bávaro)","Membresías","Premium",2690.00,1579.00,8,Activo,10,6
TRX-RD-7388,2025-08-15,001-3041013-7,"Juan Ventura García","Punta Cana (Bávaro)","Membresías","Premium",2690.00,1565.00,6,Cancelado,13,9
TRX-RD-7410,2025-08-15,011-7673531-2,"Luis Jiménez Santana","Punta Cana (Bávaro)","Membresías","Premium",2690.00,1534.00,16,Activo,14,10
TRX-RD-7422,2025-08-15,031-5697088-5,"Altagracia Paulino Castillo","Santo Domingo (Piantini)","Membresías","VIP",4890.00,2503.00,11,Activo,12,10
TRX-RD-7427,2025-08-15,001-2647774-4,"Nicole Ventura Morales","Punta Cana (Bávaro)","Membresías","Básica",1690.00,1220.00,7,Cancelado,10,6
TRX-RD-7441,2025-08-15,402-8428539-8,"Francisco Rodríguez Cruz","Santo Domingo Este (Zona Oriental)","Membresías","Básica",1690.00,1144.00,9,Activo,9,7
TRX-RD-7458,2025-08-15,001-9152930-4,"María Díaz Morales","Santo Domingo (Piantini)","Clases Guiadas","Premium",984.00,1749.00,14,Activo,13,7
TRX-RD-7462,2025-08-15,031-0526398-6,"Miguel Gómez Vásquez","Santo Domingo (Piantini)","Personal Trainer","Básica",1399.00,1281.00,11,Activo,5,10
TRX-RD-7516,2025-08-15,031-5503655-5,"Laura Reyes Reyes","Santo Domingo (Piantini)","Membresías","Básica",1690.00,1104.00,13,Activo,13,9
TRX-RD-7552,2025-08-15,002-5206211-2,"Kelvin Cruz Morales","Puerto Plata Club","Clases Guiadas","Premium",686.00,2020.00,10,Activo,18,9
TRX-RD-7556,2025-08-15,097-6771051-1,"Nicole Cruz Morales","Santo Domingo (Piantini)","Membresías","Premium",2690.00,1626.00,11,Activo,10,7
TRX-RD-7558,2025-08-15,097-0213742-4,"Kelvin Castillo Díaz","Santiago (Los Jardines)","Membresías","Básica",1690.00,1434.00,14,Activo,11,7
TRX-RD-7559,2025-08-15,097-0213742-4,"Kelvin Castillo Díaz","Santiago (Los Jardines)","Personal Trainer","Básica",1763.00,1434.00,14,Activo,11,7
TRX-RD-7587,2025-08-15,011-7420481-6,"Ramón Reyes García","Santo Domingo Este (Zona Oriental)","Clases Guiadas","Básica",951.00,1608.00,11,Activo,12,7
TRX-RD-7753,2025-08-15,011-0238353-4,"José Jiménez Guzmán","Santo Domingo Este (Zona Oriental)","Membresías","Básica",1690.00,998.00,7,Activo,17,9
TRX-RD-7770,2025-08-15,402-0044725-4,"Nicole Rosario Castillo","Santo Domingo (Piantini)","Tienda Deportiva","VIP",1942.00,2318.00,9,Activo,12,7
TRX-RD-7795,2025-08-15,402-0934530-1,"Johanny Ventura Santana","Santiago (Los Jardines)","Clases Guiadas","Básica",1068.00,1432.00,11,Activo,8,8
TRX-RD-7800,2025-08-15,001-6303143-8,"Rosa Castillo Ventura","Santiago (Los Jardines)","Membresías","VIP",4890.00,2315.00,5,Activo,16,7
TRX-RD-7811,2025-08-15,097-8097227-0,"Miguel Ventura Martínez","Santiago (Los Jardines)","Membresías","VIP",4890.00,2387.00,10,Activo,9,7
TRX-RD-7819,2025-08-15,097-1092080-3,"Carolina Reyes Ventura","Punta Cana (Bávaro)","Membresías","Premium",2690.00,1673.00,12,Activo,13,9
TRX-RD-7824,2025-08-15,097-2512172-8,"Yamilka Santana Rosario","Santo Domingo (Piantini)","Membresías","Básica",1690.00,1168.00,7,Activo,6,9
TRX-RD-7832,2025-08-15,037-6341494-7,"Juan Guzmán García","Santiago (Los Jardines)","Membresías","Básica",1690.00,1478.00,8,Activo,17,8
TRX-RD-7839,2025-08-15,002-4726579-6,"Emmanuel Paulino Jiménez","Punta Cana (Bávaro)","Membresías","Básica",1690.00,1176.00,8,Activo,10,8
TRX-RD-7865,2025-08-15,002-6485922-4,"Carlos Sánchez García","Santiago (Los Jardines)","Membresías","Premium",2690.00,1669.00,8,Activo,6,7
TRX-RD-7876,2025-08-15,011-4532392-7,"Gabriel Marte Vásquez","Santo Domingo Este (Zona Oriental)","Tienda Deportiva","Premium",1724.00,1474.00,14,Activo,16,7
TRX-RD-7880,2025-08-15,011-7533243-4,"Kelvin Ventura Sánchez","Santiago (Los Jardines)","Tienda Deportiva","Premium",1390.00,1646.00,16,Activo,15,8
TRX-RD-7885,2025-08-15,402-2143151-9,"Rosa Sánchez Sánchez","Puerto Plata Club","Membresías","Básica",1690.00,1418.00,13,Activo,10,9
TRX-RD-7309,2025-08-16,402-9746499-8,"Rosa Paulino Gómez","Santiago (Los Jardines)","Clases Guiadas","Básica",874.00,1303.00,13,Activo,13,6
TRX-RD-7319,2025-08-16,037-9546737-6,"Stephanie Reyes Gómez","Punta Cana (Bávaro)","Membresías","Básica",1690.00,1340.00,7,Cancelado,11,8
TRX-RD-7337,2025-08-16,097-7028978-4,"Carlos Guzmán Gómez","Punta Cana (Bávaro)","Membresías","Básica",1690.00,855.00,6,Activo,10,8
TRX-RD-7342,2025-08-16,001-6183166-4,"Carlos Rosario Martínez","Santiago (Los Jardines)","Membresías","Básica",1690.00,1100.00,5,Cancelado,5,8
TRX-RD-7343,2025-08-16,001-6183166-4,"Carlos Rosario Martínez","Santiago (Los Jardines)","Clases Guiadas","Básica",885.00,1100.00,5,Cancelado,5,8
TRX-RD-7352,2025-08-16,031-1919018-3,"Patricia Rodríguez Pérez","Santiago (Los Jardines)","Membresías","VIP",4890.00,2539.00,11,Activo,8,10
TRX-RD-7359,2025-08-16,002-6149066-8,"Carolina Jiménez Jiménez","Santo Domingo (Piantini)","Membresías","Básica",1690.00,1195.00,10,Activo,14,8
TRX-RD-7424,2025-08-16,097-4883894-4,"Stephanie Vásquez Guzmán","Santiago (Los Jardines)","Tienda Deportiva","Básica",2179.00,1041.00,8,Activo,17,10
TRX-RD-7444,2025-08-16,001-7971463-9,"Luisa Peña Díaz","Punta Cana (Bávaro)","Membresías","VIP",4890.00,2491.00,11,Activo,12,7
TRX-RD-7451,2025-08-16,402-4369425-0,"Altagracia Cruz Martínez","Santiago (Los Jardines)","Membresías","Básica",1690.00,1427.00,13,Activo,10,9
TRX-RD-7492,2025-08-16,037-7029147-8,"Carlos Marte Pérez","Santiago (Los Jardines)","Membresías","Premium",2690.00,1534.00,8,Activo,10,8
TRX-RD-7527,2025-08-16,037-7391172-6,"Yudelka Paulino Castillo","Santo Domingo (Piantini)","Membresías","Premium",2690.00,1548.00,8,Activo,10,8
TRX-RD-7528,2025-08-16,037-7391172-6,"Yudelka Paulino Castillo","Santo Domingo (Piantini)","Clases Guiadas","Premium",1178.00,1548.00,8,Activo,10,8
TRX-RD-7569,2025-08-16,002-6118565-6,"Pedro Guzmán Paulino","Punta Cana (Bávaro)","Membresías","Básica",1690.00,1055.00,5,Activo,11,7
TRX-RD-7582,2025-08-16,011-4990913-5,"Luis Sánchez Díaz","Santo Domingo (Piantini)","Membresías","VIP",4890.00,2605.00,10,Activo,7,9
TRX-RD-7600,2025-08-16,097-3288495-3,"Luis Sánchez Peña","Santiago (Los Jardines)","Clases Guiadas","VIP",1072.00,2380.00,11,Activo,11,9
TRX-RD-7615,2025-08-16,001-2868275-4,"Ramón Peña García","Santo Domingo (Piantini)","Membresías","VIP",4890.00,2577.00,11,Activo,5,8
TRX-RD-7644,2025-08-16,011-9218691-2,"Ramón Santana Gómez","Santiago (Los Jardines)","Clases Guiadas","Premium",1207.00,1586.00,11,Activo,6,6
TRX-RD-7660,2025-08-16,011-6804141-4,"Carmen Díaz Rodríguez","Santiago (Los Jardines)","Membresías","Básica",1690.00,1081.00,10,Activo,9,7
TRX-RD-7678,2025-08-16,011-0095220-7,"Nicole Pérez Cruz","Santo Domingo (Piantini)","Membresías","Básica",1690.00,1178.00,6,Activo,14,9
TRX-RD-7730,2025-08-16,031-7164015-8,"Pedro Paulino Vásquez","Punta Cana (Bávaro)","Membresías","Básica",1690.00,1199.00,3,Activo,13,8
TRX-RD-7772,2025-08-16,402-6753909-2,"Rosa Gómez Ventura","Santo Domingo Este (Zona Oriental)","Clases Guiadas","Básica",978.00,1429.00,8,Activo,16,10
TRX-RD-7777,2025-08-16,031-3955124-0,"Luis Pérez Vásquez","Santo Domingo (Piantini)","Membresías","Básica",1690.00,1130.00,9,Activo,13,9
TRX-RD-7796,2025-08-16,097-3249981-0,"Manuel Reyes Rosario","Puerto Plata Club","Membresías","Básica",1690.00,1486.00,10,Activo,14,9
TRX-RD-7884,2025-08-16,402-8956547-1,"Luis Cruz Gómez","Punta Cana (Bávaro)","Membresías","VIP",4890.00,2558.00,11,Activo,10,7
TRX-RD-7891,2025-08-16,037-7816548-4,"Manuel Jiménez Martínez","Santiago (Los Jardines)","Membresías","Premium",2690.00,1719.00,11,Activo,12,8
TRX-RD-7354,2025-08-17,402-3548220-1,"Laura Díaz García","Santo Domingo Este (Zona Oriental)","Membresías","VIP",4890.00,2357.00,12,Activo,9,8
TRX-RD-7406,2025-08-17,011-6895563-9,"Kelvin Rodríguez Gómez","Santo Domingo Este (Zona Oriental)","Membresías","Básica",1690.00,1157.00,12,Activo,7,6
TRX-RD-7420,2025-08-17,402-3864375-9,"Kelvin Ventura Pérez","Santo Domingo (Piantini)","Membresías","VIP",4890.00,2450.00,9,Activo,13,7
TRX-RD-7442,2025-08-17,011-7655157-8,"Emmanuel Pérez Díaz","Santo Domingo (Piantini)","Membresías","Premium",2690.00,1568.00,11,Activo,8,7
TRX-RD-7448,2025-08-17,002-2068409-6,"Gabriel Díaz Guzmán","Puerto Plata Club","Membresías","Básica",1690.00,1264.00,10,Activo,7,9
TRX-RD-7503,2025-08-17,002-2421057-5,"Yamilka Pérez Vásquez","Santiago (Los Jardines)","Membresías","Básica",1690.00,1190.00,11,Activo,17,8
TRX-RD-7510,2025-08-17,011-8589574-3,"Carlos Guzmán Sánchez","Punta Cana (Bávaro)","Membresías","VIP",4890.00,2413.00,8,Activo,11,9
TRX-RD-7533,2025-08-17,031-2974266-8,"Johanny Jiménez Jiménez","Santo Domingo (Piantini)","Membresías","Premium",2690.00,1751.00,12,Activo,8,8
TRX-RD-7579,2025-08-17,011-9238115-8,"Pedro Rosario Sánchez","Santiago (Los Jardines)","Membresías","Básica",1690.00,1324.00,13,Activo,12,7
TRX-RD-7593,2025-08-17,002-9790082-1,"Emmanuel García Marte","Santiago (Los Jardines)","Tienda Deportiva","Premium",1673.00,1801.00,12,Activo,11,8
TRX-RD-7608,2025-08-17,037-1474012-7,"Pedro Gómez Jiménez","Puerto Plata Club","Clases Guiadas","Básica",954.00,1647.00,7,Activo,14,7
TRX-RD-7617,2025-08-17,402-3202685-2,"Genesis Jiménez Ventura","Santo Domingo (Piantini)","Tienda Deportiva","Premium",1458.00,1779.00,8,Activo,11,8
TRX-RD-7635,2025-08-17,002-8632191-4,"Yamilka Jiménez Jiménez","Santiago (Los Jardines)","Membresías","Básica",1690.00,1169.00,14,Activo,10,9
TRX-RD-7639,2025-08-17,002-2223394-2,"Johanny Martínez Reyes","Santo Domingo (Piantini)","Membresías","Premium",2690.00,1445.00,7,Activo,13,9
TRX-RD-7658,2025-08-17,002-3232256-0,"Patricia Santana Morales","Santo Domingo (Piantini)","Clases Guiadas","Básica",1000.00,1098.00,11,Activo,8,8
TRX-RD-7668,2025-08-17,011-0228573-9,"Laura Sánchez Peña","Santiago (Los Jardines)","Membresías","Premium",2690.00,1619.00,7,Activo,13,8
TRX-RD-7727,2025-08-17,402-5541175-9,"Yamilka Sánchez Díaz","Santiago (Los Jardines)","Membresías","VIP",4890.00,2404.00,11,Activo,11,8
TRX-RD-7731,2025-08-17,031-7164015-8,"Pedro Paulino Vásquez","Punta Cana (Bávaro)","Personal Trainer","Básica",1709.00,1199.00,3,Activo,13,8
TRX-RD-7733,2025-08-17,402-0403131-0,"Stephanie Sánchez Cruz","Santo Domingo Este (Zona Oriental)","Personal Trainer","Básica",1715.00,1243.00,5,Activo,12,9
TRX-RD-7747,2025-08-17,031-4566564-6,"Carolina Vásquez Jiménez","Santiago (Los Jardines)","Membresías","Básica",1690.00,1233.00,7,Activo,16,8
TRX-RD-7758,2025-08-17,001-7888720-4,"Pedro Peña Guzmán","Puerto Plata Club","Membresías","VIP",4890.00,2841.00,13,Activo,12,7
TRX-RD-7763,2025-08-17,097-8808961-4,"Nicole Vásquez Vásquez","Punta Cana (Bávaro)","Membresías","Básica",1690.00,1256.00,7,Activo,16,7
TRX-RD-7828,2025-08-17,097-3320064-7,"Gabriel Vásquez Reyes","Puerto Plata Club","Membresías","Básica",1690.00,1362.00,7,Activo,10,8
TRX-RD-7894,2025-08-17,002-8585690-2,"Gabriel Cruz Rosario","Punta Cana (Bávaro)","Membresías","Premium",2690.00,1358.00,9,Activo,13,9
TRX-RD-7326,2025-08-18,001-4336709-2,"Ana Paulino Jiménez","Santo Domingo Este (Zona Oriental)","Personal Trainer","Básica",1529.00,1162.00,10,Activo,12,8
TRX-RD-7330,2025-08-18,402-6826092-0,"Juan Rodríguez Reyes","Santo Domingo Este (Zona Oriental)","Membresías","Básica",1690.00,1398.00,7,Activo,14,9
TRX-RD-7360,2025-08-18,037-5764630-6,"Yamilka Sánchez Sánchez","Santiago (Los Jardines)","Membresías","VIP",4890.00,2364.00,17,Activo,11,7
TRX-RD-7429,2025-08-18,031-7139591-0,"Rafael Sánchez Paulino","Santo Domingo Este (Zona Oriental)","Membresías","Básica",1690.00,1135.00,11,Activo,14,9
TRX-RD-7508,2025-08-18,037-8163497-1,"Carolina Marte Reyes","Santo Domingo (Piantini)","Membresías","VIP",4890.00,2270.00,10,Activo,10,10
TRX-RD-7514,2025-08-18,037-0576050-6,"Patricia Guzmán Morales","Santiago (Los Jardines)","Personal Trainer","Básica",1797.00,1340.00,6,Activo,9,8
TRX-RD-7535,2025-08-18,097-5033409-7,"Rafael Santana Reyes","Santo Domingo (Piantini)","Membresías","Básica",1690.00,1108.00,7,Activo,14,8
TRX-RD-7547,2025-08-18,097-1835171-2,"Rafael Rodríguez Jiménez","Santo Domingo Este (Zona Oriental)","Clases Guiadas","Básica",810.00,1218.00,7,Activo,15,8
TRX-RD-7627,2025-08-18,037-7397599-4,"Luis Reyes Ventura","Santo Domingo (Piantini)","Clases Guiadas","Básica",1082.00,1334.00,12,Activo,11,8
TRX-RD-7634,2025-08-18,001-1313633-7,"Genesis García Rosario","Puerto Plata Club","Clases Guiadas","Básica",1257.00,1207.00,14,Activo,9,9
TRX-RD-7700,2025-08-18,002-6627199-8,"Gabriel Ventura Ventura","Santo Domingo (Piantini)","Clases Guiadas","Básica",981.00,1220.00,17,Activo,10,7
TRX-RD-7708,2025-08-18,037-9921219-0,"Stephanie Sánchez Martínez","Santo Domingo (Piantini)","Membresías","Básica",1690.00,1205.00,11,Activo,15,8
TRX-RD-7729,2025-08-18,037-5710505-5,"Manuel Reyes Paulino","Santo Domingo Este (Zona Oriental)","Membresías","Básica",1690.00,1187.00,13,Activo,9,8
TRX-RD-7806,2025-08-18,037-8345657-1,"Altagracia Guzmán Rodríguez","Santo Domingo (Piantini)","Membresías","VIP",4890.00,2412.00,9,Activo,10,10
TRX-RD-7830,2025-08-18,031-9570833-8,"Gabriel Ventura Gómez","Santiago (Los Jardines)","Membresías","Premium",2690.00,1675.00,5,Activo,9,7
TRX-RD-7835,2025-08-18,031-5780704-5,"Joan Guzmán Rodríguez","Punta Cana (Bávaro)","Clases Guiadas","VIP",985.00,2509.00,13,Activo,13,9
TRX-RD-7837,2025-08-18,402-5274340-2,"Altagracia Morales Sánchez","Santiago (Los Jardines)","Clases Guiadas","Premium",848.00,1875.00,9,Activo,14,7
TRX-RD-7851,2025-08-18,001-5706299-3,"Carmen Rosario Pérez","Santo Domingo Este (Zona Oriental)","Clases Guiadas","Básica",1068.00,1294.00,7,Activo,12,7
TRX-RD-7866,2025-08-18,031-6366255-8,"Patricia Cruz Marte","Santo Domingo (Piantini)","Membresías","Básica",1690.00,1166.00,12,Activo,7,6
TRX-RD-7867,2025-08-18,031-6366255-8,"Patricia Cruz Marte","Santo Domingo (Piantini)","Tienda Deportiva","Básica",1618.00,1166.00,12,Activo,7,6
TRX-RD-7336,2025-08-19,402-3725711-4,"Genesis Rodríguez Sánchez","Punta Cana (Bávaro)","Membresías","Básica",1690.00,1179.00,14,Activo,12,7
TRX-RD-7384,2025-08-19,402-6347891-5,"Ramón Martínez Morales","Punta Cana (Bávaro)","Membresías","Básica",1690.00,1268.00,11,Activo,7,9
TRX-RD-7409,2025-08-19,011-0658246-1,"Manuel Jiménez Rosario","Puerto Plata Club","Clases Guiadas","Premium",918.00,1298.00,12,Activo,4,8
TRX-RD-7414,2025-08-19,402-2735504-3,"Ramón Marte Sánchez","Santiago (Los Jardines)","Tienda Deportiva","Premium",1133.00,1446.00,12,Activo,6,8
TRX-RD-7439,2025-08-19,011-3176432-4,"Manuel Gómez Castillo","Santo Domingo Este (Zona Oriental)","Personal Trainer","Básica",1770.00,1311.00,14,Activo,11,7
TRX-RD-7455,2025-08-19,037-7016446-9,"Ana Cruz Peña","Santiago (Los Jardines)","Membresías","Básica",1690.00,1191.00,11,Activo,12,7
TRX-RD-7472,2025-08-19,001-3849562-7,"Joan Guzmán Santana","Santo Domingo (Piantini)","Personal Trainer","VIP",1368.00,2406.00,12,Activo,18,9
TRX-RD-7519,2025-08-19,031-1824879-2,"Pedro Cruz Ventura","Santiago (Los Jardines)","Tienda Deportiva","VIP",1287.00,2532.00,6,Activo,11,8
TRX-RD-7532,2025-08-19,402-7439845-8,"Nicole Sánchez Santana","Santiago (Los Jardines)","Clases Guiadas","VIP",786.00,2334.00,10,Activo,9,6
TRX-RD-7564,2025-08-19,002-7569082-4,"Altagracia Sánchez Morales","Santo Domingo (Piantini)","Membresías","VIP",4890.00,2428.00,12,Activo,11,9
TRX-RD-7607,2025-08-19,037-1474012-7,"Pedro Gómez Jiménez","Puerto Plata Club","Membresías","Básica",1690.00,1647.00,7,Activo,14,7
TRX-RD-7641,2025-08-19,402-2255694-2,"Johanny Rosario Pérez","Punta Cana (Bávaro)","Personal Trainer","Premium",1049.00,1944.00,7,Activo,13,10
TRX-RD-7651,2025-08-19,001-1398005-6,"José Morales Paulino","Punta Cana (Bávaro)","Membresías","Premium",2690.00,1722.00,9,Activo,14,7
TRX-RD-7702,2025-08-19,011-7170800-9,"Emmanuel Paulino Rosario","Santo Domingo Este (Zona Oriental)","Membresías","Básica",1690.00,1290.00,6,Activo,11,8
TRX-RD-7714,2025-08-19,037-4720712-8,"Alejandro Paulino Gómez","Santiago (Los Jardines)","Clases Guiadas","Básica",926.00,1054.00,13,Activo,10,10
TRX-RD-7744,2025-08-19,402-6167615-5,"María Gómez Marte","Puerto Plata Club","Clases Guiadas","Premium",955.00,1749.00,7,Cancelado,14,6
TRX-RD-7755,2025-08-19,011-0238353-4,"José Jiménez Guzmán","Santo Domingo Este (Zona Oriental)","Tienda Deportiva","Básica",1294.00,998.00,7,Activo,17,9
TRX-RD-7759,2025-08-19,037-6256257-1,"Ramón Díaz Jiménez","Santo Domingo Este (Zona Oriental)","Membresías","Básica",1690.00,1342.00,8,Activo,12,9
TRX-RD-7784,2025-08-19,031-4380637-4,"Patricia Gómez Díaz","Puerto Plata Club","Membresías","Premium",2690.00,1726.00,10,Activo,5,8
TRX-RD-7801,2025-08-19,031-6853975-1,"Francisco Ventura Rodríguez","Santo Domingo (Piantini)","Membresías","Premium",2690.00,1584.00,11,Activo,5,8
TRX-RD-7854,2025-08-19,002-8358439-9,"Alejandro Rosario Pérez","Santo Domingo (Piantini)","Membresías","VIP",4890.00,2657.00,15,Activo,16,9
TRX-RD-7858,2025-08-19,402-3646088-3,"Kelvin Reyes Cruz","Punta Cana (Bávaro)","Personal Trainer","VIP",1538.00,2581.00,6,Cancelado,11,7
TRX-RD-7910,2025-08-19,001-7706644-6,"Joan Marte Santana","Santo Domingo Este (Zona Oriental)","Personal Trainer","Básica",1405.00,1596.00,11,Activo,6,8
TRX-RD-7311,2025-08-20,031-4201189-3,"Alejandro Díaz Castillo","Santo Domingo (Piantini)","Tienda Deportiva","Básica",1574.00,949.00,11,Activo,17,8
TRX-RD-7350,2025-08-20,097-7920909-8,"Ana García Santana","Santo Domingo Este (Zona Oriental)","Membresías","Básica",1690.00,1411.00,10,Activo,18,8
TRX-RD-7431,2025-08-20,011-6483844-1,"Luis Cruz Jiménez","Punta Cana (Bávaro)","Membresías","Premium",2690.00,1584.00,14,Activo,17,8
TRX-RD-7433,2025-08-20,031-7249144-5,"Kelvin Marte Vásquez","Puerto Plata Club","Membresías","Básica",1690.00,1096.00,9,Activo,10,7
TRX-RD-7473,2025-08-20,002-6232200-1,"Yamilka Pérez Gómez","Santo Domingo (Piantini)","Membresías","Premium",2690.00,1347.00,16,Activo,9,9
TRX-RD-7478,2025-08-20,402-0381126-6,"María Castillo Díaz","Santiago (Los Jardines)","Membresías","Básica",1690.00,916.00,11,Activo,13,8
TRX-RD-7495,2025-08-20,001-0584045-8,"Johanny Paulino Sánchez","Santo Domingo (Piantini)","Membresías","Premium",2690.00,1818.00,12,Activo,14,7
TRX-RD-7521,2025-08-20,001-2220302-9,"Ana Martínez Santana","Punta Cana (Bávaro)","Personal Trainer","Básica",1421.00,1409.00,11,Activo,13,8
TRX-RD-7537,2025-08-20,001-6416894-0,"Gabriel Guzmán Castillo","Punta Cana (Bávaro)","Membresías","Básica",1690.00,1018.00,9,Activo,18,7
TRX-RD-7538,2025-08-20,002-3932879-2,"Juan Peña Ventura","Santo Domingo Este (Zona Oriental)","Membresías","Básica",1690.00,1100.00,8,Activo,15,9
TRX-RD-7549,2025-08-20,002-6000131-8,"María Jiménez Santana","Puerto Plata Club","Personal Trainer","Premium",1684.00,1598.00,10,Activo,12,9
TRX-RD-7553,2025-08-20,402-4204423-4,"Ramón Guzmán Paulino","Santiago (Los Jardines)","Membresías","Básica",1690.00,1178.00,9,Activo,10,7
TRX-RD-7573,2025-08-20,011-2805876-3,"Nicole Rosario Reyes","Santo Domingo Este (Zona Oriental)","Membresías","Básica",1690.00,1377.00,11,Activo,5,8
TRX-RD-7599,2025-08-20,097-3288495-3,"Luis Sánchez Peña","Santiago (Los Jardines)","Membresías","VIP",4890.00,2380.00,11,Activo,11,9
TRX-RD-7624,2025-08-20,002-5106576-9,"Kelvin Díaz Gómez","Santo Domingo (Piantini)","Membresías","VIP",4890.00,2557.00,10,Activo,15,9
TRX-RD-7626,2025-08-20,037-7397599-4,"Luis Reyes Ventura","Santo Domingo (Piantini)","Membresías","Básica",1690.00,1334.00,12,Activo,11,8
TRX-RD-7636,2025-08-20,002-8632191-4,"Yamilka Jiménez Jiménez","Santiago (Los Jardines)","Clases Guiadas","Básica",1160.00,1169.00,14,Activo,10,9
TRX-RD-7648,2025-08-20,002-0728408-4,"Juan Vásquez Castillo","Santo Domingo Este (Zona Oriental)","Membresías","Básica",1690.00,1460.00,12,Activo,9,9
TRX-RD-7657,2025-08-20,002-3232256-0,"Patricia Santana Morales","Santo Domingo (Piantini)","Personal Trainer","Básica",1569.00,1098.00,11,Activo,8,8
TRX-RD-7686,2025-08-20,031-7085259-8,"Carmen Díaz Rosario","Santiago (Los Jardines)","Tienda Deportiva","Premium",1939.00,1695.00,11,Activo,7,9
TRX-RD-7718,2025-08-20,037-7381306-2,"Carmen Gómez Martínez","Punta Cana (Bávaro)","Membresías","Premium",2690.00,1895.00,10,Activo,12,7
TRX-RD-7720,2025-08-20,037-4666965-8,"Genesis Sánchez Santana","Santiago (Los Jardines)","Membresías","Básica",1690.00,1234.00,8,Activo,14,8
TRX-RD-7721,2025-08-20,037-4666965-8,"Genesis Sánchez Santana","Santiago (Los Jardines)","Tienda Deportiva","Básica",1557.00,1234.00,8,Activo,14,8
TRX-RD-7788,2025-08-20,002-4563876-2,"Rosa Reyes Peña","Puerto Plata Club","Membresías","Básica",1690.00,1081.00,11,Activo,18,6
TRX-RD-7821,2025-08-20,037-1003202-4,"Gabriel Díaz Martínez","Santo Domingo Este (Zona Oriental)","Membresías","Básica",1690.00,1256.00,8,Activo,12,9
TRX-RD-7857,2025-08-20,402-3646088-3,"Kelvin Reyes Cruz","Punta Cana (Bávaro)","Membresías","VIP",4890.00,2581.00,6,Cancelado,11,7
TRX-RD-7904,2025-08-20,002-0860564-2,"Kelvin Santana Gómez","Punta Cana (Bávaro)","Membresías","Premium",2690.00,1422.00,8,Activo,12,8
TRX-RD-7906,2025-08-20,031-0084252-9,"Yamilka Morales Cruz","Santo Domingo Este (Zona Oriental)","Membresías","Básica",1690.00,1317.00,6,Activo,2,8
TRX-RD-7911,2025-08-20,011-8674698-6,"Ramón Reyes Paulino","Santo Domingo (Piantini)","Membresías","Premium",2690.00,1433.00,11,Activo,15,8
TRX-RD-7369,2025-08-21,402-0624088-5,"Carlos Sánchez Guzmán","Santo Domingo (Piantini)","Membresías","Básica",1690.00,1359.00,14,Activo,12,7
TRX-RD-7382,2025-08-21,001-5568775-9,"Emmanuel Jiménez Pérez","Santo Domingo Este (Zona Oriental)","Membresías","Premium",2690.00,1714.00,7,Activo,14,8
TRX-RD-7389,2025-08-21,002-1029560-6,"Manuel Gómez Cruz","Santiago (Los Jardines)","Membresías","Premium",2690.00,1537.00,11,Activo,13,5
TRX-RD-7415,2025-08-21,002-0039098-7,"Alejandro Rodríguez Castillo","Punta Cana (Bávaro)","Membresías","Premium",2690.00,1582.00,10,Activo,8,8
TRX-RD-7419,2025-08-21,001-4914206-9,"Gabriel Díaz Reyes","Santiago (Los Jardines)","Personal Trainer","Premium",1541.00,1504.00,15,Activo,7,7
TRX-RD-7425,2025-08-21,402-9335168-6,"Francisco Paulino Guzmán","Puerto Plata Club","Membresías","Básica",1690.00,1199.00,7,Activo,10,8
TRX-RD-7432,2025-08-21,011-6483844-1,"Luis Cruz Jiménez","Punta Cana (Bávaro)","Personal Trainer","Premium",1423.00,1584.00,14,Activo,17,8
TRX-RD-7440,2025-08-21,011-2564054-8,"Pedro García Reyes","Puerto Plata Club","Membresías","Premium",2690.00,1702.00,13,Activo,7,7
TRX-RD-7482,2025-08-21,402-9032230-0,"Pedro Morales García","Punta Cana (Bávaro)","Clases Guiadas","Básica",1061.00,1224.00,9,Activo,11,7
TRX-RD-7509,2025-08-21,001-6323693-8,"Manuel Vásquez Sánchez","Punta Cana (Bávaro)","Membresías","VIP",4890.00,2549.00,11,Activo,11,10
TRX-RD-7526,2025-08-21,402-8831087-9,"Manuel Ventura Rosario","Santiago (Los Jardines)","Clases Guiadas","Básica",988.00,1141.00,12,Activo,10,10
TRX-RD-7574,2025-08-21,002-2155877-8,"Genesis Jiménez García","Santiago (Los Jardines)","Membresías","Premium",2690.00,1357.00,13,Activo,9,8
TRX-RD-7603,2025-08-21,402-0772858-1,"Rosa Ventura Jiménez","Puerto Plata Club","Membresías","VIP",4890.00,2382.00,8,Activo,7,9
TRX-RD-7628,2025-08-21,011-4453841-8,"Manuel Morales Paulino","Puerto Plata Club","Membresías","Básica",1690.00,1143.00,10,Activo,12,7
TRX-RD-7638,2025-08-21,031-0389221-6,"Laura Reyes Marte","Santo Domingo (Piantini)","Tienda Deportiva","Premium",1409.00,1788.00,9,Activo,14,9
TRX-RD-7680,2025-08-21,031-8359069-8,"Alejandro Cruz Gómez","Santiago (Los Jardines)","Membresías","Básica",1690.00,1312.00,9,Activo,4,10
TRX-RD-7697,2025-08-21,011-1417102-6,"María Morales Morales","Santo Domingo Este (Zona Oriental)","Membresías","Básica",1690.00,1084.00,14,Activo,15,8
TRX-RD-7712,2025-08-21,031-6698507-1,"Carolina Castillo Guzmán","Santo Domingo Este (Zona Oriental)","Membresías","Básica",1690.00,1338.00,11,Activo,11,6
TRX-RD-7786,2025-08-21,402-9645729-0,"María Ventura García","Punta Cana (Bávaro)","Membresías","Básica",1690.00,1174.00,8,Activo,10,8
TRX-RD-7804,2025-08-21,097-2914681-2,"Ana Rosario Peña","Punta Cana (Bávaro)","Personal Trainer","Premium",1368.00,1545.00,14,Activo,9,6
TRX-RD-7810,2025-08-21,402-3799506-9,"Miguel Castillo Cruz","Santo Domingo Este (Zona Oriental)","Membresías","Básica",1690.00,1112.00,15,Activo,14,6
TRX-RD-7815,2025-08-21,402-1332067-0,"Carlos Díaz Martínez","Santo Domingo Este (Zona Oriental)","Clases Guiadas","Básica",865.00,1485.00,10,Activo,14,7
TRX-RD-7846,2025-08-21,402-0142321-3,"Stephanie Morales Marte","Punta Cana (Bávaro)","Membresías","VIP",4890.00,2376.00,10,Activo,12,9
TRX-RD-7872,2025-08-21,031-3353004-2,"Emmanuel Reyes Marte","Santiago (Los Jardines)","Membresías","Básica",1690.00,1007.00,7,Activo,9,9
TRX-RD-7883,2025-08-21,002-3241056-3,"Carolina Sánchez Paulino","Santo Domingo (Piantini)","Clases Guiadas","Básica",994.00,1438.00,4,Activo,14,7
TRX-RD-7310,2025-08-22,031-4201189-3,"Alejandro Díaz Castillo","Santo Domingo (Piantini)","Membresías","Básica",1690.00,949.00,11,Activo,17,8
TRX-RD-7368,2025-08-22,097-7202263-9,"Altagracia García Rodríguez","Santiago (Los Jardines)","Clases Guiadas","VIP",639.00,2445.00,7,Activo,14,7
TRX-RD-7379,2025-08-22,031-9385468-8,"Manuel Marte Vásquez","Santo Domingo Este (Zona Oriental)","Membresías","Básica",1690.00,1318.00,8,Activo,10,5
TRX-RD-7380,2025-08-22,011-8606403-4,"Rafael Paulino Gómez","Punta Cana (Bávaro)","Membresías","Básica",1690.00,1076.00,14,Activo,8,8
TRX-RD-7461,2025-08-22,031-0526398-6,"Miguel Gómez Vásquez","Santo Domingo (Piantini)","Membresías","Básica",1690.00,1281.00,11,Activo,5,10
TRX-RD-7479,2025-08-22,402-0381126-6,"María Castillo Díaz","Santiago (Los Jardines)","Clases Guiadas","Básica",1187.00,916.00,11,Activo,13,8
TRX-RD-7499,2025-08-22,031-3115349-0,"Gabriel Gómez Guzmán","Punta Cana (Bávaro)","Membresías","Premium",2690.00,1509.00,6,Activo,15,8
TRX-RD-7502,2025-08-22,031-6851654-4,"José Rosario Pérez","Santo Domingo Este (Zona Oriental)","Clases Guiadas","Básica",1000.00,1363.00,7,Activo,10,9
TRX-RD-7507,2025-08-22,037-2074875-9,"Ramón Pérez Marte","Puerto Plata Club","Membresías","Básica",1690.00,1114.00,14,Activo,11,9
TRX-RD-7534,2025-08-22,001-9905757-1,"Alejandro Marte Paulino","Punta Cana (Bávaro)","Membresías","Premium",2690.00,1944.00,13,Activo,6,8
TRX-RD-7542,2025-08-22,002-9235870-2,"Juan Castillo Cruz","Punta Cana (Bávaro)","Membresías","VIP",4890.00,2478.00,10,Activo,12,6
TRX-RD-7555,2025-08-22,402-4204423-4,"Ramón Guzmán Paulino","Santiago (Los Jardines)","Clases Guiadas","Básica",1078.00,1178.00,9,Activo,10,7
TRX-RD-7578,2025-08-22,037-8021183-9,"Miguel Pérez Rodríguez","Santiago (Los Jardines)","Personal Trainer","Premium",1622.00,1509.00,8,Activo,9,7
TRX-RD-7597,2025-08-22,031-1581612-0,"Ana Cruz Sánchez","Puerto Plata Club","Membresías","Básica",1690.00,1359.00,7,Activo,16,8
TRX-RD-7667,2025-08-22,097-7852937-1,"Rafael Rosario Guzmán","Punta Cana (Bávaro)","Membresías","Básica",1690.00,1344.00,8,Activo,11,9
TRX-RD-7674,2025-08-22,402-8278172-9,"Altagracia Marte Jiménez","Punta Cana (Bávaro)","Membresías","Básica",1690.00,1135.00,5,Cancelado,16,9
TRX-RD-7699,2025-08-22,002-6627199-8,"Gabriel Ventura Ventura","Santo Domingo (Piantini)","Personal Trainer","Básica",1559.00,1220.00,17,Activo,10,7
TRX-RD-7710,2025-08-22,002-9773654-8,"Ramón Guzmán García","Santo Domingo (Piantini)","Membresías","VIP",4890.00,2398.00,14,Activo,12,7
TRX-RD-7741,2025-08-22,001-4225018-2,"Rafael Gómez Díaz","Santiago (Los Jardines)","Membresías","Básica",1690.00,1301.00,13,Activo,12,8
TRX-RD-7776,2025-08-22,001-2826741-6,"Yamilka Santana Martínez","Santo Domingo Este (Zona Oriental)","Membresías","Básica",1690.00,1389.00,12,Activo,12,9
TRX-RD-7789,2025-08-22,031-7537326-9,"Johanny Guzmán Pérez","Santo Domingo (Piantini)","Membresías","Premium",2690.00,1736.00,9,Activo,13,7
TRX-RD-7817,2025-08-22,097-2808250-5,"Johanny Paulino Rodríguez","Puerto Plata Club","Membresías","VIP",4890.00,2070.00,6,Cancelado,14,8
TRX-RD-7823,2025-08-22,031-7353529-9,"Patricia Sánchez Santana","Santiago (Los Jardines)","Membresías","Básica",1690.00,1184.00,9,Activo,12,8
TRX-RD-7861,2025-08-22,002-5568091-0,"Gabriel Guzmán Martínez","Santo Domingo (Piantini)","Personal Trainer","Básica",1939.00,948.00,11,Activo,6,6
TRX-RD-7327,2025-08-23,037-7793362-7,"Pedro Díaz Cruz","Santiago (Los Jardines)","Membresías","Básica",1690.00,1318.00,11,Activo,8,8
TRX-RD-7345,2025-08-23,011-9439820-0,"Ramón Guzmán Reyes","Santo Domingo (Piantini)","Tienda Deportiva","Premium",1685.00,1665.00,9,Activo,15,9
TRX-RD-7418,2025-08-23,001-4914206-9,"Gabriel Díaz Reyes","Santiago (Los Jardines)","Membresías","Premium",2690.00,1504.00,15,Activo,7,7
TRX-RD-7428,2025-08-23,001-9801258-5,"Johanny Pérez Marte","Santiago (Los Jardines)","Membresías","Básica",1690.00,1140.00,4,Activo,4,8
TRX-RD-7471,2025-08-23,001-3849562-7,"Joan Guzmán Santana","Santo Domingo (Piantini)","Membresías","VIP",4890.00,2406.00,12,Activo,18,9
TRX-RD-7520,2025-08-23,001-2220302-9,"Ana Martínez Santana","Punta Cana (Bávaro)","Membresías","Básica",1690.00,1409.00,11,Activo,13,8
TRX-RD-7590,2025-08-23,002-0919408-3,"Laura Cruz Gómez","Santiago (Los Jardines)","Clases Guiadas","Básica",1095.00,1307.00,13,Activo,19,8
TRX-RD-7606,2025-08-23,097-2331703-9,"María Jiménez Martínez","Santiago (Los Jardines)","Membresías","Básica",1690.00,1256.00,9,Activo,15,7
TRX-RD-7611,2025-08-23,031-8068577-2,"Francisco Ventura Martínez","Santo Domingo (Piantini)","Tienda Deportiva","Premium",1417.00,1788.00,11,Activo,8,8
TRX-RD-7655,2025-08-23,002-1834056-0,"Rafael Sánchez Ventura","Santo Domingo (Piantini)","Membresías","Básica",1690.00,1305.00,12,Activo,16,9
TRX-RD-7661,2025-08-23,011-4788643-4,"Emmanuel Santana Martínez","Santo Domingo (Piantini)","Membresías","Básica",1690.00,1197.00,13,Activo,14,7
TRX-RD-7670,2025-08-23,001-1274666-4,"Kelvin Marte Guzmán","Santiago (Los Jardines)","Membresías","Premium",2690.00,1496.00,10,Activo,11,8
TRX-RD-7676,2025-08-23,002-7964571-7,"Yamilka Ventura Peña","Punta Cana (Bávaro)","Clases Guiadas","Básica",858.00,1430.00,11,Activo,9,8
TRX-RD-7696,2025-08-23,031-0979907-6,"Yamilka Peña Sánchez","Puerto Plata Club","Membresías","VIP",4890.00,2596.00,8,Activo,7,7
TRX-RD-7724,2025-08-23,097-2127106-3,"Manuel Sánchez Rodríguez","Punta Cana (Bávaro)","Membresías","Básica",1690.00,1396.00,11,Activo,12,8
TRX-RD-7751,2025-08-23,402-5462716-5,"Genesis García García","Punta Cana (Bávaro)","Membresías","Premium",2690.00,1764.00,13,Activo,11,7
TRX-RD-7754,2025-08-23,011-0238353-4,"José Jiménez Guzmán","Santo Domingo Este (Zona Oriental)","Personal Trainer","Básica",1887.00,998.00,7,Activo,17,9
TRX-RD-7766,2025-08-23,402-0309719-7,"Yudelka Rodríguez Guzmán","Santo Domingo (Piantini)","Membresías","VIP",4890.00,2215.00,16,Activo,10,7
TRX-RD-7805,2025-08-23,031-7376796-7,"Laura Martínez Marte","Santiago (Los Jardines)","Membresías","VIP",4890.00,2424.00,10,Activo,16,7
TRX-RD-7871,2025-08-23,001-9581794-5,"Carlos Sánchez Martínez","Puerto Plata Club","Clases Guiadas","VIP",1171.00,2196.00,12,Activo,10,9
TRX-RD-7873,2025-08-23,011-6743865-2,"María Rosario Cruz","Puerto Plata Club","Membresías","Premium",2690.00,1561.00,10,Activo,12,7
TRX-RD-7909,2025-08-23,001-7706644-6,"Joan Marte Santana","Santo Domingo Este (Zona Oriental)","Membresías","Básica",1690.00,1596.00,11,Activo,6,8
TRX-RD-7329,2025-08-24,402-5436022-1,"Stephanie Marte Paulino","Santiago (Los Jardines)","Membresías","Básica",1690.00,1136.00,14,Activo,12,9
TRX-RD-7355,2025-08-24,402-3548220-1,"Laura Díaz García","Santo Domingo Este (Zona Oriental)","Clases Guiadas","VIP",1015.00,2357.00,12,Activo,9,8
TRX-RD-7386,2025-08-24,402-6347891-5,"Ramón Martínez Morales","Punta Cana (Bávaro)","Clases Guiadas","Básica",741.00,1268.00,11,Activo,7,9
TRX-RD-7405,2025-08-24,402-0968845-2,"María Santana Sánchez","Santiago (Los Jardines)","Tienda Deportiva","Básica",1906.00,998.00,8,Activo,16,9
TRX-RD-7485,2025-08-24,011-1679631-7,"Laura Gómez Paulino","Santiago (Los Jardines)","Membresías","Premium",2690.00,1581.00,11,Activo,11,10
TRX-RD-7531,2025-08-24,402-7439845-8,"Nicole Sánchez Santana","Santiago (Los Jardines)","Membresías","VIP",4890.00,2334.00,10,Activo,9,6
TRX-RD-7536,2025-08-24,097-5033409-7,"Rafael Santana Reyes","Santo Domingo (Piantini)","Clases Guiadas","Básica",674.00,1108.00,7,Activo,14,8
TRX-RD-7540,2025-08-24,097-3530510-5,"Alejandro Marte Reyes","Puerto Plata Club","Membresías","VIP",4890.00,2566.00,8,Activo,11,9
TRX-RD-7649,2025-08-24,031-0415386-5,"Ana Vásquez García","Santo Domingo (Piantini)","Membresías","Premium",2690.00,1642.00,13,Activo,10,9
TRX-RD-7693,2025-08-24,031-8639038-5,"Manuel Cruz Santana","Santiago (Los Jardines)","Membresías","Premium",2690.00,1556.00,10,Activo,14,8
TRX-RD-7725,2025-08-24,097-2127106-3,"Manuel Sánchez Rodríguez","Punta Cana (Bávaro)","Clases Guiadas","Básica",751.00,1396.00,11,Activo,12,8
TRX-RD-7752,2025-08-24,001-0197774-2,"Stephanie Peña Ventura","Santo Domingo (Piantini)","Membresías","VIP",4890.00,2497.00,10,Activo,14,8
TRX-RD-7767,2025-08-24,402-0309719-7,"Yudelka Rodríguez Guzmán","Santo Domingo (Piantini)","Personal Trainer","VIP",1435.00,2215.00,16,Activo,10,7
TRX-RD-7791,2025-08-24,031-7537326-9,"Johanny Guzmán Pérez","Santo Domingo (Piantini)","Tienda Deportiva","Premium",1539.00,1736.00,9,Activo,13,7
TRX-RD-7803,2025-08-24,097-2914681-2,"Ana Rosario Peña","Punta Cana (Bávaro)","Membresías","Premium",2690.00,1545.00,14,Activo,9,6
TRX-RD-7901,2025-08-24,011-6281236-4,"Gabriel Sánchez Pérez","Santiago (Los Jardines)","Membresías","Premium",2690.00,1729.00,8,Activo,8,6
TRX-RD-7346,2025-08-25,097-6836691-7,"Kelvin Gómez García","Santo Domingo (Piantini)","Membresías","Básica",1690.00,1283.00,8,Activo,14,8
TRX-RD-7356,2025-08-25,037-4397113-1,"Pedro Marte García","Santo Domingo (Piantini)","Membresías","VIP",4890.00,2512.00,13,Activo,14,7
TRX-RD-7407,2025-08-25,011-6895563-9,"Kelvin Rodríguez Gómez","Santo Domingo Este (Zona Oriental)","Personal Trainer","Básica",1525.00,1157.00,12,Activo,7,6
TRX-RD-7457,2025-08-25,001-9152930-4,"María Díaz Morales","Santo Domingo (Piantini)","Membresías","Premium",2690.00,1749.00,14,Activo,13,7
TRX-RD-7491,2025-08-25,402-3519826-0,"José Peña Marte","Punta Cana (Bávaro)","Membresías","Básica",1690.00,1467.00,11,Activo,8,9
TRX-RD-7525,2025-08-25,402-8831087-9,"Manuel Ventura Rosario","Santiago (Los Jardines)","Personal Trainer","Básica",1716.00,1141.00,12,Activo,10,10
TRX-RD-7548,2025-08-25,002-6000131-8,"María Jiménez Santana","Puerto Plata Club","Membresías","Premium",2690.00,1598.00,10,Activo,12,9
TRX-RD-7605,2025-08-25,011-6197242-5,"Ramón Pérez Rosario","Santo Domingo (Piantini)","Personal Trainer","Básica",1330.00,1064.00,9,Activo,9,8
TRX-RD-7613,2025-08-25,011-8180435-0,"Ramón García Peña","Santiago (Los Jardines)","Membresías","Básica",1690.00,1183.00,6,Activo,16,8
TRX-RD-7673,2025-08-25,037-1499715-6,"Ana Castillo Cruz","Santo Domingo (Piantini)","Clases Guiadas","VIP",835.00,2452.00,14,Activo,9,8
TRX-RD-7682,2025-08-25,097-2566732-4,"Johanny Castillo Reyes","Santo Domingo Este (Zona Oriental)","Membresías","Básica",1690.00,1137.00,7,Activo,12,10
TRX-RD-7692,2025-08-25,402-5491149-4,"Francisco Rodríguez Sánchez","Santo Domingo Este (Zona Oriental)","Personal Trainer","Básica",1683.00,1206.00,16,Activo,10,7
TRX-RD-7719,2025-08-25,037-7381306-2,"Carmen Gómez Martínez","Punta Cana (Bávaro)","Personal Trainer","Premium",1567.00,1895.00,10,Activo,12,7
TRX-RD-7736,2025-08-25,037-4151451-1,"María Díaz Cruz","Punta Cana (Bávaro)","Clases Guiadas","Premium",621.00,1686.00,9,Activo,11,8
TRX-RD-7762,2025-08-25,037-4771277-0,"Johanny Santana Santana","Santiago (Los Jardines)","Tienda Deportiva","Básica",1818.00,1270.00,8,Activo,11,7
TRX-RD-7769,2025-08-25,402-0044725-4,"Nicole Rosario Castillo","Santo Domingo (Piantini)","Membresías","VIP",4890.00,2318.00,9,Activo,12,7
TRX-RD-7790,2025-08-25,031-7537326-9,"Johanny Guzmán Pérez","Santo Domingo (Piantini)","Personal Trainer","Premium",1951.00,1736.00,9,Activo,13,7
TRX-RD-7813,2025-08-25,031-0544898-3,"Miguel Martínez Jiménez","Santo Domingo Este (Zona Oriental)","Membresías","Premium",2690.00,1940.00,7,Activo,15,9
TRX-RD-7845,2025-08-25,011-9506570-9,"Pedro Pérez Sánchez","Santo Domingo (Piantini)","Clases Guiadas","Premium",788.00,1570.00,8,Activo,9,8
TRX-RD-7848,2025-08-25,002-8193156-8,"Altagracia Martínez Castillo","Punta Cana (Bávaro)","Membresías","Básica",1690.00,1073.00,9,Activo,14,9
TRX-RD-7850,2025-08-25,001-5706299-3,"Carmen Rosario Pérez","Santo Domingo Este (Zona Oriental)","Membresías","Básica",1690.00,1294.00,7,Activo,12,7
TRX-RD-7864,2025-08-25,097-8381334-9,"Carmen Rosario Ventura","Puerto Plata Club","Membresías","Premium",2690.00,1763.00,12,Activo,13,6
TRX-RD-7878,2025-08-25,011-9652373-0,"Rosa Gómez Rodríguez","Santo Domingo (Piantini)","Personal Trainer","Básica",1387.00,1353.00,11,Activo,6,9
TRX-RD-7305,2025-08-26,402-6032335-3,"Rosa Pérez Martínez","Santo Domingo (Piantini)","Clases Guiadas","VIP",1134.00,2308.00,11,Activo,13,7
TRX-RD-7318,2025-08-26,402-7362251-0,"Francisco Santana Reyes","Santiago (Los Jardines)","Tienda Deportiva","Básica",2425.00,1325.00,13,Activo,12,9
TRX-RD-7322,2025-08-26,002-1793907-3,"Genesis Jiménez Morales","Puerto Plata Club","Personal Trainer","VIP",1430.00,2188.00,8,Activo,12,6
TRX-RD-7331,2025-08-26,402-6826092-0,"Juan Rodríguez Reyes","Santo Domingo Este (Zona Oriental)","Tienda Deportiva","Básica",2140.00,1398.00,7,Activo,14,9
TRX-RD-7412,2025-08-26,001-3787669-4,"Ramón Díaz Rodríguez","Punta Cana (Bávaro)","Personal Trainer","Premium",1287.00,1538.00,11,Activo,12,9
TRX-RD-7437,2025-08-26,002-0153299-1,"Alejandro Sánchez Marte","Punta Cana (Bávaro)","Personal Trainer","Básica",1273.00,1148.00,7,Activo,10,8
TRX-RD-7465,2025-08-26,037-5690806-1,"Miguel Cruz Pérez","Santo Domingo (Piantini)","Membresías","VIP",4890.00,2289.00,10,Activo,11,8
TRX-RD-7470,2025-08-26,031-1102942-1,"Miguel Sánchez Sánchez","Santo Domingo (Piantini)","Membresías","Básica",1690.00,1329.00,19,Activo,10,9
TRX-RD-7481,2025-08-26,402-9032230-0,"Pedro Morales García","Punta Cana (Bávaro)","Personal Trainer","Básica",1433.00,1224.00,9,Activo,11,7
TRX-RD-7487,2025-08-26,097-5512692-8,"Juan Reyes Gómez","Santo Domingo Este (Zona Oriental)","Clases Guiadas","Básica",699.00,1195.00,7,Activo,11,8
TRX-RD-7515,2025-08-26,037-0576050-6,"Patricia Guzmán Morales","Santiago (Los Jardines)","Clases Guiadas","Básica",1187.00,1340.00,6,Activo,9,8
TRX-RD-7551,2025-08-26,002-5206211-2,"Kelvin Cruz Morales","Puerto Plata Club","Personal Trainer","Premium",1137.00,2020.00,10,Activo,18,9
TRX-RD-7561,2025-08-26,031-8796310-7,"Ana Marte Sánchez","Santo Domingo Este (Zona Oriental)","Personal Trainer","Básica",1813.00,1181.00,13,Activo,8,7
TRX-RD-7577,2025-08-26,037-8021183-9,"Miguel Pérez Rodríguez","Santiago (Los Jardines)","Membresías","Premium",2690.00,1509.00,8,Activo,9,7
TRX-RD-7621,2025-08-26,011-2788001-9,"Ramón Ventura Reyes","Santo Domingo (Piantini)","Personal Trainer","VIP",1329.00,2662.00,13,Activo,12,9
TRX-RD-7631,2025-08-26,002-5305764-0,"Patricia Castillo Santana","Punta Cana (Bávaro)","Membresías","Básica",1690.00,1329.00,9,Activo,11,9
TRX-RD-7701,2025-08-26,002-2227557-0,"Kelvin Díaz García","Santo Domingo (Piantini)","Membresías","VIP",4890.00,2334.00,17,Activo,12,8
TRX-RD-7735,2025-08-26,037-4151451-1,"María Díaz Cruz","Punta Cana (Bávaro)","Membresías","Premium",2690.00,1686.00,9,Activo,11,8
TRX-RD-7745,2025-08-26,037-0534406-1,"Yudelka Guzmán Martínez","Punta Cana (Bávaro)","Membresías","Premium",2690.00,1985.00,9,Activo,10,7
TRX-RD-7787,2025-08-26,037-8180441-8,"Juan Cruz Ventura","Santiago (Los Jardines)","Membresías","Premium",2690.00,1802.00,7,Activo,14,9
TRX-RD-7820,2025-08-26,097-1092080-3,"Carolina Reyes Ventura","Punta Cana (Bávaro)","Personal Trainer","Premium",1610.00,1673.00,12,Activo,13,9
TRX-RD-7834,2025-08-26,031-5780704-5,"Joan Guzmán Rodríguez","Punta Cana (Bávaro)","Membresías","VIP",4890.00,2509.00,13,Activo,13,9
TRX-RD-7882,2025-08-26,002-3241056-3,"Carolina Sánchez Paulino","Santo Domingo (Piantini)","Membresías","Básica",1690.00,1438.00,4,Activo,14,7
TRX-RD-7308,2025-08-27,402-9746499-8,"Rosa Paulino Gómez","Santiago (Los Jardines)","Membresías","Básica",1690.00,1303.00,13,Activo,13,6
TRX-RD-7339,2025-08-27,402-1899446-1,"Yamilka Castillo Pérez","Punta Cana (Bávaro)","Membresías","Básica",1690.00,1110.00,7,Activo,12,6
TRX-RD-7348,2025-08-27,002-9985685-6,"Ana Reyes Santana","Santiago (Los Jardines)","Tienda Deportiva","Básica",1063.00,1420.00,10,Activo,9,8
TRX-RD-7387,2025-08-27,402-6347891-5,"Ramón Martínez Morales","Punta Cana (Bávaro)","Tienda Deportiva","Básica",1409.00,1268.00,11,Activo,7,9
TRX-RD-7404,2025-08-27,402-0968845-2,"María Santana Sánchez","Santiago (Los Jardines)","Clases Guiadas","Básica",954.00,998.00,8,Activo,16,9
TRX-RD-7460,2025-08-27,037-6831363-1,"José Santana Díaz","Santiago (Los Jardines)","Membresías","Básica",1690.00,1317.00,9,Activo,7,9
TRX-RD-7469,2025-08-27,402-9933288-8,"Carmen Peña Díaz","Santiago (Los Jardines)","Tienda Deportiva","Premium",910.00,1344.00,9,Activo,16,6
TRX-RD-7486,2025-08-27,097-5512692-8,"Juan Reyes Gómez","Santo Domingo Este (Zona Oriental)","Membresías","Básica",1690.00,1195.00,7,Activo,11,8
TRX-RD-7490,2025-08-27,037-9815671-1,"Altagracia Jiménez Peña","Punta Cana (Bávaro)","Personal Trainer","Premium",1383.00,1605.00,15,Activo,10,9
TRX-RD-7511,2025-08-27,011-2927458-3,"María Martínez Gómez","Santiago (Los Jardines)","Membresías","Básica",1690.00,1067.00,5,Cancelado,11,9
TRX-RD-7513,2025-08-27,037-0576050-6,"Patricia Guzmán Morales","Santiago (Los Jardines)","Membresías","Básica",1690.00,1340.00,6,Activo,9,8
TRX-RD-7529,2025-08-27,037-0591246-1,"Luis Rodríguez Rosario","Santo Domingo Este (Zona Oriental)","Membresías","Básica",1690.00,1416.00,10,Activo,10,8
TRX-RD-7544,2025-08-27,031-8363385-2,"Nicole Reyes Vásquez","Santiago (Los Jardines)","Membresías","Básica",1690.00,1343.00,14,Activo,10,9
TRX-RD-7566,2025-08-27,031-7501314-7,"Gabriel Ventura Vásquez","Santo Domingo (Piantini)","Membresías","VIP",4890.00,2312.00,8,Activo,12,8
TRX-RD-7596,2025-08-27,011-9824525-8,"José Sánchez Marte","Santo Domingo (Piantini)","Membresías","Premium",2690.00,1765.00,11,Activo,7,7
TRX-RD-7618,2025-08-27,011-0803242-4,"Laura Gómez Ventura","Santiago (Los Jardines)","Membresías","VIP",4890.00,2719.00,12,Activo,9,9
TRX-RD-7630,2025-08-27,011-2999115-2,"Yamilka Jiménez Peña","Santo Domingo (Piantini)","Membresías","Básica",1690.00,1390.00,13,Activo,16,8
TRX-RD-7640,2025-08-27,402-2255694-2,"Johanny Rosario Pérez","Punta Cana (Bávaro)","Membresías","Premium",2690.00,1944.00,7,Activo,13,10
TRX-RD-7681,2025-08-27,031-8359069-8,"Alejandro Cruz Gómez","Santiago (Los Jardines)","Clases Guiadas","Básica",872.00,1312.00,9,Activo,4,10
TRX-RD-7705,2025-08-27,097-4631063-1,"Pedro Peña Vásquez","Santo Domingo (Piantini)","Membresías","Básica",1690.00,1244.00,9,Activo,10,9
TRX-RD-7706,2025-08-27,097-4631063-1,"Pedro Peña Vásquez","Santo Domingo (Piantini)","Tienda Deportiva","Básica",1993.00,1244.00,9,Activo,10,9
TRX-RD-7709,2025-08-27,402-2814003-0,"Miguel Paulino García","Punta Cana (Bávaro)","Membresías","Premium",2690.00,1773.00,6,Activo,14,8
TRX-RD-7778,2025-08-27,002-7118342-8,"Alejandro Paulino Ventura","Puerto Plata Club","Membresías","Básica",1690.00,1198.00,12,Activo,12,8
TRX-RD-7782,2025-08-27,011-3380860-8,"José Díaz Vásquez","Santo Domingo (Piantini)","Membresías","Básica",1690.00,1353.00,5,Activo,13,8
TRX-RD-7785,2025-08-27,031-4380637-4,"Patricia Gómez Díaz","Puerto Plata Club","Clases Guiadas","Premium",841.00,1726.00,10,Activo,5,8
TRX-RD-7802,2025-08-27,031-6853975-1,"Francisco Ventura Rodríguez","Santo Domingo (Piantini)","Tienda Deportiva","Premium",1608.00,1584.00,11,Activo,5,8
TRX-RD-7836,2025-08-27,402-5274340-2,"Altagracia Morales Sánchez","Santiago (Los Jardines)","Membresías","Premium",2690.00,1875.00,9,Activo,14,7
TRX-RD-7870,2025-08-27,001-9581794-5,"Carlos Sánchez Martínez","Puerto Plata Club","Membresías","VIP",4890.00,2196.00,12,Activo,10,9
TRX-RD-7881,2025-08-27,011-3817674-6,"Manuel Reyes Rodríguez","Santiago (Los Jardines)","Membresías","VIP",4890.00,2435.00,12,Activo,12,9
TRX-RD-7905,2025-08-27,002-0860564-2,"Kelvin Santana Gómez","Punta Cana (Bávaro)","Tienda Deportiva","Premium",1927.00,1422.00,8,Activo,12,8
TRX-RD-7307,2025-08-28,011-2000056-5,"Carmen Vásquez Rosario","Santo Domingo (Piantini)","Membresías","Básica",1690.00,999.00,9,Activo,9,10
TRX-RD-7317,2025-08-28,402-7362251-0,"Francisco Santana Reyes","Santiago (Los Jardines)","Clases Guiadas","Básica",924.00,1325.00,13,Activo,12,9
TRX-RD-7320,2025-08-28,002-2999348-0,"Carmen Vásquez Paulino","Punta Cana (Bávaro)","Membresías","Básica",1690.00,1561.00,11,Activo,13,9
TRX-RD-7358,2025-08-28,097-6356440-9,"Carlos Rodríguez Castillo","Punta Cana (Bávaro)","Membresías","Premium",2690.00,1472.00,13,Activo,4,9
TRX-RD-7375,2025-08-28,011-1339381-1,"Juan Castillo Morales","Santo Domingo (Piantini)","Membresías","Básica",1690.00,1261.00,8,Activo,7,9
TRX-RD-7436,2025-08-28,002-0153299-1,"Alejandro Sánchez Marte","Punta Cana (Bávaro)","Membresías","Básica",1690.00,1148.00,7,Activo,10,8
TRX-RD-7454,2025-08-28,031-3445475-4,"Luis Rodríguez Morales","Punta Cana (Bávaro)","Tienda Deportiva","Premium",2331.00,1471.00,14,Activo,9,9
TRX-RD-7463,2025-08-28,002-3031991-5,"Emmanuel Reyes Morales","Santo Domingo (Piantini)","Membresías","Premium",2690.00,1671.00,7,Activo,12,7
TRX-RD-7524,2025-08-28,402-8831087-9,"Manuel Ventura Rosario","Santiago (Los Jardines)","Membresías","Básica",1690.00,1141.00,12,Activo,10,10
TRX-RD-7568,2025-08-28,037-6310867-1,"Carlos Gómez Gómez","Santo Domingo Este (Zona Oriental)","Membresías","Básica",1690.00,1314.00,8,Activo,12,10
TRX-RD-7583,2025-08-28,002-6804390-8,"Alejandro Morales Ventura","Santiago (Los Jardines)","Membresías","Básica",1690.00,1291.00,11,Activo,16,6
TRX-RD-7585,2025-08-28,031-8253717-9,"Juan Castillo Pérez","Santo Domingo (Piantini)","Personal Trainer","Básica",1479.00,1057.00,14,Activo,9,8
TRX-RD-7591,2025-08-28,001-2305238-3,"Johanny Jiménez Marte","Santo Domingo (Piantini)","Membresías","VIP",4890.00,2486.00,10,Activo,8,7
TRX-RD-7595,2025-08-28,402-0475896-1,"Carolina Reyes Rosario","Santo Domingo (Piantini)","Membresías","Premium",2690.00,1762.00,12,Activo,7,8
TRX-RD-7629,2025-08-28,001-2207218-4,"Luisa Marte Vásquez","Santo Domingo Este (Zona Oriental)","Membresías","VIP",4890.00,2660.00,9,Activo,9,8
TRX-RD-7665,2025-08-28,031-3994908-9,"Genesis Martínez Pérez","Santo Domingo (Piantini)","Membresías","VIP",4890.00,2456.00,12,Activo,13,9
TRX-RD-7723,2025-08-28,037-0024297-1,"Pedro Guzmán Vásquez","Santo Domingo (Piantini)","Membresías","VIP",4890.00,2327.00,17,Activo,12,8
TRX-RD-7746,2025-08-28,402-2759002-9,"Carmen Gómez Castillo","Santo Domingo (Piantini)","Membresías","Premium",2690.00,1966.00,8,Activo,6,9
TRX-RD-7757,2025-08-28,001-1158293-8,"Manuel Sánchez García","Punta Cana (Bávaro)","Clases Guiadas","Premium",1243.00,1670.00,5,Activo,12,8
TRX-RD-7886,2025-08-28,011-3392304-3,"Pedro Gómez Díaz","Santiago (Los Jardines)","Membresías","Básica",1690.00,1229.00,16,Activo,12,8
TRX-RD-7893,2025-08-28,002-7588872-5,"Carlos Rosario Rodríguez","Santiago (Los Jardines)","Tienda Deportiva","Básica",1186.00,1200.00,10,Activo,9,9
TRX-RD-7946,2025-09-01,097-7028978-4,"Carlos Guzmán Gómez","Punta Cana (Bávaro)","Membresías","Básica",1690.00,855.00,6,Activo,11,8
TRX-RD-7994,2025-09-01,011-8606403-4,"Rafael Paulino Gómez","Punta Cana (Bávaro)","Membresías","Básica",1690.00,1076.00,14,Activo,14,7
TRX-RD-8033,2025-09-01,031-3850489-3,"Yamilka Guzmán Morales","Santo Domingo (Piantini)","Personal Trainer","VIP",1749.00,2638.00,13,Activo,10,7
TRX-RD-8116,2025-09-01,001-0742516-7,"Luis Ventura Reyes","Santo Domingo Este (Zona Oriental)","Membresías","Básica",1690.00,1136.00,15,Activo,14,10
TRX-RD-8142,2025-09-01,001-6323693-8,"Manuel Vásquez Sánchez","Punta Cana (Bávaro)","Personal Trainer","VIP",1643.00,2549.00,11,Activo,9,9
TRX-RD-8144,2025-09-01,037-0576050-6,"Patricia Guzmán Morales","Santiago (Los Jardines)","Membresías","Básica",1690.00,1340.00,6,Activo,17,8
TRX-RD-8164,2025-09-01,001-9905757-1,"Alejandro Marte Paulino","Punta Cana (Bávaro)","Membresías","Premium",2690.00,1944.00,13,Activo,10,9
TRX-RD-8211,2025-09-01,002-2155877-8,"Genesis Jiménez García","Santiago (Los Jardines)","Membresías","Premium",2690.00,1357.00,13,Activo,12,8
TRX-RD-8251,2025-09-01,097-2331703-9,"María Jiménez Martínez","Santiago (Los Jardines)","Membresías","Básica",1690.00,1256.00,9,Activo,8,7
TRX-RD-8257,2025-09-01,011-8180435-0,"Ramón García Peña","Santiago (Los Jardines)","Membresías","Básica",1690.00,1183.00,6,Activo,10,8
TRX-RD-8278,2025-09-01,002-5305764-0,"Patricia Castillo Santana","Punta Cana (Bávaro)","Clases Guiadas","Básica",1117.00,1329.00,9,Activo,9,8
TRX-RD-8301,2025-09-01,002-1834056-0,"Rafael Sánchez Ventura","Santo Domingo (Piantini)","Membresías","Básica",1690.00,1305.00,12,Activo,9,7
TRX-RD-8342,2025-09-01,011-1417102-6,"María Morales Morales","Santo Domingo Este (Zona Oriental)","Clases Guiadas","Básica",1195.00,1084.00,14,Activo,12,8
TRX-RD-8358,2025-09-01,002-9773654-8,"Ramón Guzmán García","Santo Domingo (Piantini)","Personal Trainer","VIP",1239.00,2398.00,14,Activo,11,7
TRX-RD-8368,2025-09-01,011-0266902-3,"Genesis Castillo Peña","Santo Domingo (Piantini)","Membresías","VIP",4890.00,2620.00,14,Activo,12,8
TRX-RD-8384,2025-09-01,097-9758518-0,"Carmen Jiménez Jiménez","Santo Domingo (Piantini)","Membresías","Premium",2690.00,1735.00,6,Cancelado,12,7
TRX-RD-8413,2025-09-01,001-7888720-4,"Pedro Peña Guzmán","Puerto Plata Club","Personal Trainer","VIP",1438.00,2841.00,13,Activo,11,8
TRX-RD-8432,2025-09-01,001-2826741-6,"Yamilka Santana Martínez","Santo Domingo Este (Zona Oriental)","Tienda Deportiva","Básica",1094.00,1389.00,12,Activo,8,8
TRX-RD-8449,2025-09-01,402-9075402-3,"Ana Pérez Ventura","Santiago (Los Jardines)","Membresías","Premium",2690.00,1899.00,6,Activo,7,7
TRX-RD-8483,2025-09-01,097-2512172-8,"Yamilka Santana Rosario","Santo Domingo (Piantini)","Membresías","Básica",1690.00,1168.00,7,Activo,12,8
TRX-RD-8488,2025-09-01,031-0627540-1,"María Morales Guzmán","Punta Cana (Bávaro)","Personal Trainer","Básica",1378.00,1201.00,14,Activo,14,7
TRX-RD-8492,2025-09-01,037-6341494-7,"Juan Guzmán García","Santiago (Los Jardines)","Membresías","Básica",1690.00,1478.00,8,Activo,15,6
TRX-RD-8498,2025-09-01,402-0146305-2,"Rafael García Morales","Santo Domingo (Piantini)","Membresías","Básica",1690.00,1466.00,8,Activo,12,8
TRX-RD-8555,2025-09-01,002-8585690-2,"Gabriel Cruz Rosario","Punta Cana (Bávaro)","Membresías","Premium",2690.00,1358.00,9,Activo,8,8
TRX-RD-8577,2025-09-01,011-8674698-6,"Ramón Reyes Paulino","Santo Domingo (Piantini)","Membresías","Premium",2690.00,1433.00,11,Activo,9,10
TRX-RD-7956,2025-09-02,002-9985685-6,"Ana Reyes Santana","Santiago (Los Jardines)","Clases Guiadas","Básica",1234.00,1420.00,10,Activo,12,7
TRX-RD-7963,2025-09-02,031-1919018-3,"Patricia Rodríguez Pérez","Santiago (Los Jardines)","Membresías","VIP",4890.00,2539.00,11,Activo,6,6
TRX-RD-7972,2025-09-02,002-6149066-8,"Carolina Jiménez Jiménez","Santo Domingo (Piantini)","Membresías","Básica",1690.00,1195.00,10,Activo,13,9
TRX-RD-7984,2025-09-02,097-7202263-9,"Altagracia García Rodríguez","Santiago (Los Jardines)","Membresías","VIP",4890.00,2445.00,7,Activo,6,8
TRX-RD-8015,2025-09-02,011-5108527-9,"Yudelka Morales Castillo","Santiago (Los Jardines)","Membresías","Premium",2690.00,1676.00,10,Activo,19,9
TRX-RD-8113,2025-09-02,011-1679631-7,"Laura Gómez Paulino","Santiago (Los Jardines)","Personal Trainer","Premium",1489.00,1581.00,11,Activo,12,8
TRX-RD-8124,2025-09-02,037-7029147-8,"Carlos Marte Pérez","Santiago (Los Jardines)","Membresías","Premium",2690.00,1534.00,8,Activo,16,8
TRX-RD-8178,2025-09-02,002-6000131-8,"María Jiménez Santana","Puerto Plata Club","Clases Guiadas","Premium",865.00,1598.00,10,Activo,7,10
TRX-RD-8226,2025-09-02,031-1608619-4,"Joan Díaz Rodríguez","Santo Domingo (Piantini)","Membresías","Básica",1690.00,1531.00,12,Activo,12,8
TRX-RD-8246,2025-09-02,402-0772858-1,"Rosa Ventura Jiménez","Puerto Plata Club","Membresías","VIP",4890.00,2382.00,8,Cancelado,9,6
TRX-RD-8292,2025-09-02,002-0728408-4,"Juan Vásquez Castillo","Santo Domingo Este (Zona Oriental)","Personal Trainer","Básica",1411.00,1460.00,12,Activo,9,7
TRX-RD-8334,2025-09-02,402-5491149-4,"Francisco Rodríguez Sánchez","Santo Domingo Este (Zona Oriental)","Clases Guiadas","Básica",740.00,1206.00,16,Activo,13,8
TRX-RD-8341,2025-09-02,011-1417102-6,"María Morales Morales","Santo Domingo Este (Zona Oriental)","Personal Trainer","Básica",1423.00,1084.00,14,Activo,12,8
TRX-RD-8388,2025-09-02,031-9583417-5,"Alejandro Cruz Vásquez","Santiago (Los Jardines)","Membresías","Premium",2690.00,1421.00,12,Activo,6,8
TRX-RD-8410,2025-09-02,402-0790624-5,"Stephanie Gómez Díaz","Santiago (Los Jardines)","Membresías","Básica",1690.00,1220.00,10,Activo,13,8
TRX-RD-8495,2025-09-02,031-5780704-5,"Joan Guzmán Rodríguez","Punta Cana (Bávaro)","Membresías","VIP",4890.00,2509.00,13,Activo,8,6
TRX-RD-8527,2025-09-02,011-6743865-2,"María Rosario Cruz","Puerto Plata Club","Membresías","Premium",2690.00,1561.00,10,Activo,13,7
TRX-RD-8534,2025-09-02,097-0573763-4,"Pedro Rosario Marte","Santiago (Los Jardines)","Membresías","Básica",1690.00,1277.00,13,Activo,11,8
TRX-RD-7922,2025-09-03,037-1550315-1,"Miguel Ventura Rodríguez","Punta Cana (Bávaro)","Membresías","Premium",2690.00,1579.00,8,Activo,10,7
TRX-RD-7962,2025-09-03,097-0737044-2,"Ana Rodríguez Paulino","Santo Domingo (Piantini)","Membresías","Premium",2690.00,1636.00,12,Activo,12,8
TRX-RD-8020,2025-09-03,097-9220691-5,"Patricia Pérez Jiménez","Santo Domingo Este (Zona Oriental)","Membresías","Básica",1690.00,1468.00,14,Activo,11,8
TRX-RD-8045,2025-09-03,001-5994466-9,"Kelvin Rosario Santana","Santo Domingo (Piantini)","Membresías","Premium",2690.00,1635.00,13,Activo,10,7
TRX-RD-8068,2025-09-03,011-3176432-4,"Manuel Gómez Castillo","Santo Domingo Este (Zona Oriental)","Membresías","Básica",1690.00,1311.00,14,Activo,16,7
TRX-RD-8090,2025-09-03,031-1874374-3,"Gabriel Martínez Pérez","Santo Domingo Este (Zona Oriental)","Membresías","Básica",1690.00,1181.00,8,Activo,12,6
TRX-RD-8101,2025-09-03,031-1102942-1,"Miguel Sánchez Sánchez","Santo Domingo (Piantini)","Membresías","Básica",1690.00,1329.00,19,Activo,14,10
TRX-RD-8106,2025-09-03,402-0381126-6,"María Castillo Díaz","Santiago (Los Jardines)","Membresías","Básica",1690.00,916.00,11,Activo,18,9
TRX-RD-8137,2025-09-03,037-3740762-1,"Pedro Morales Rosario","Santo Domingo Este (Zona Oriental)","Membresías","Básica",1690.00,1223.00,6,Activo,9,7
TRX-RD-8163,2025-09-03,031-2974266-8,"Johanny Jiménez Jiménez","Santo Domingo (Piantini)","Personal Trainer","Premium",1556.00,1751.00,12,Activo,10,7
TRX-RD-8169,2025-09-03,002-3932879-2,"Juan Peña Ventura","Santo Domingo Este (Zona Oriental)","Personal Trainer","Básica",1447.00,1100.00,8,Activo,11,9
TRX-RD-8337,2025-09-03,011-8699091-5,"Stephanie Sánchez Martínez","Santo Domingo (Piantini)","Membresías","Básica",1690.00,1133.00,14,Activo,14,7
TRX-RD-8375,2025-09-03,402-8094202-6,"Luisa Jiménez Pérez","Santo Domingo Este (Zona Oriental)","Membresías","Básica",1690.00,1085.00,3,Activo,6,8
TRX-RD-8386,2025-09-03,037-4151451-1,"María Díaz Cruz","Punta Cana (Bávaro)","Membresías","Premium",2690.00,1686.00,9,Activo,14,8
TRX-RD-8401,2025-09-03,402-6610369-2,"Stephanie Sánchez Vásquez","Punta Cana (Bávaro)","Membresías","Premium",2690.00,1434.00,16,Activo,12,9
TRX-RD-8457,2025-09-03,031-6853975-1,"Francisco Ventura Rodríguez","Santo Domingo (Piantini)","Clases Guiadas","Premium",776.00,1584.00,11,Activo,9,8
TRX-RD-8497,2025-09-03,402-5274340-2,"Altagracia Morales Sánchez","Santiago (Los Jardines)","Membresías","Premium",2690.00,1875.00,9,Activo,10,8
TRX-RD-8531,2025-09-03,011-7533243-4,"Kelvin Ventura Sánchez","Santiago (Los Jardines)","Membresías","Premium",2690.00,1646.00,16,Activo,13,8
TRX-RD-8558,2025-09-03,097-4974915-7,"Laura Santana Vásquez","Punta Cana (Bávaro)","Tienda Deportiva","Básica",1723.00,1537.00,11,Activo,14,7
TRX-RD-7925,2025-09-04,002-2999348-0,"Carmen Vásquez Paulino","Punta Cana (Bávaro)","Membresías","Básica",1690.00,1561.00,11,Activo,11,8
TRX-RD-7935,2025-09-04,037-8530130-4,"Miguel Marte Castillo","Santiago (Los Jardines)","Membresías","Básica",1690.00,1247.00,5,Activo,14,7
TRX-RD-7954,2025-09-04,002-9985685-6,"Ana Reyes Santana","Santiago (Los Jardines)","Membresías","Básica",1690.00,1420.00,10,Activo,12,7
TRX-RD-7970,2025-09-04,097-6356440-9,"Carlos Rodríguez Castillo","Punta Cana (Bávaro)","Membresías","Premium",2690.00,1472.00,13,Activo,14,7
TRX-RD-8004,2025-09-04,002-1029560-6,"Manuel Gómez Cruz","Santiago (Los Jardines)","Tienda Deportiva","Premium",1777.00,1537.00,11,Activo,10,8
TRX-RD-8122,2025-09-04,011-5213746-7,"Johanny Morales Santana","Santiago (Los Jardines)","Membresías","Premium",2690.00,1557.00,7,Activo,15,8
TRX-RD-8145,2025-09-04,031-5503655-5,"Laura Reyes Reyes","Santo Domingo (Piantini)","Membresías","Básica",1690.00,1104.00,13,Activo,10,8
TRX-RD-8171,2025-09-04,097-3530510-5,"Alejandro Marte Reyes","Puerto Plata Club","Membresías","VIP",4890.00,2566.00,8,Activo,7,8
TRX-RD-8188,2025-09-04,097-0213742-4,"Kelvin Castillo Díaz","Santiago (Los Jardines)","Membresías","Básica",1690.00,1434.00,14,Activo,13,8
TRX-RD-8231,2025-09-04,002-9790082-1,"Emmanuel García Marte","Santiago (Los Jardines)","Tienda Deportiva","Premium",1328.00,1801.00,12,Activo,12,7
TRX-RD-8252,2025-09-04,097-2331703-9,"María Jiménez Martínez","Santiago (Los Jardines)","Personal Trainer","Básica",1553.00,1256.00,9,Activo,8,7
TRX-RD-8266,2025-09-04,031-3415573-2,"Kelvin Rosario Díaz","Santo Domingo (Piantini)","Membresías","Premium",2690.00,1705.00,7,Activo,13,8
TRX-RD-8299,2025-09-04,031-0115665-5,"Altagracia Vásquez Castillo","Santiago (Los Jardines)","Personal Trainer","Básica",1373.00,1249.00,8,Activo,11,8
TRX-RD-8302,2025-09-04,002-3232256-0,"Patricia Santana Morales","Santo Domingo (Piantini)","Membresías","Básica",1690.00,1098.00,11,Activo,10,8
TRX-RD-8321,2025-09-04,011-0095220-7,"Nicole Pérez Cruz","Santo Domingo (Piantini)","Membresías","Básica",1690.00,1178.00,6,Cancelado,7,9
TRX-RD-8335,2025-09-04,402-5491149-4,"Francisco Rodríguez Sánchez","Santo Domingo Este (Zona Oriental)","Tienda Deportiva","Básica",1112.00,1206.00,16,Activo,13,8
TRX-RD-8348,2025-09-04,001-7084713-1,"María Vásquez Marte","Santo Domingo Este (Zona Oriental)","Membresías","Premium",2690.00,1471.00,9,Activo,10,9
TRX-RD-8373,2025-09-04,037-7443702-8,"José Martínez Díaz","Santo Domingo (Piantini)","Membresías","Premium",2690.00,1742.00,7,Activo,14,10
TRX-RD-8392,2025-09-04,097-7697463-7,"Altagracia Díaz Rodríguez","Santiago (Los Jardines)","Clases Guiadas","Básica",844.00,1064.00,11,Activo,5,9
TRX-RD-8417,2025-09-04,037-4771277-0,"Johanny Santana Santana","Santiago (Los Jardines)","Personal Trainer","Básica",1509.00,1270.00,8,Activo,5,7
TRX-RD-8423,2025-09-04,402-0309719-7,"Yudelka Rodríguez Guzmán","Santo Domingo (Piantini)","Membresías","VIP",4890.00,2215.00,16,Activo,8,7
TRX-RD-8456,2025-09-04,031-6853975-1,"Francisco Ventura Rodríguez","Santo Domingo (Piantini)","Membresías","Premium",2690.00,1584.00,11,Activo,9,8
TRX-RD-8530,2025-09-04,011-9652373-0,"Rosa Gómez Rodríguez","Santo Domingo (Piantini)","Membresías","Básica",1690.00,1353.00,11,Activo,11,9
TRX-RD-8544,2025-09-04,031-1859472-4,"Laura Martínez García","Puerto Plata Club","Membresías","VIP",4890.00,2690.00,10,Activo,15,7
TRX-RD-7961,2025-09-05,011-2413859-3,"Luisa Rosario Guzmán","Santiago (Los Jardines)","Personal Trainer","Básica",1568.00,1192.00,7,Activo,11,8
TRX-RD-7977,2025-09-05,011-4786136-1,"Altagracia Marte Jiménez","Santo Domingo Este (Zona Oriental)","Tienda Deportiva","Básica",1365.00,1326.00,10,Activo,13,8
TRX-RD-7988,2025-09-05,037-0679343-1,"Carlos Rodríguez Martínez","Santo Domingo Este (Zona Oriental)","Membresías","Básica",1690.00,1155.00,13,Activo,10,7
TRX-RD-7991,2025-09-05,002-2145915-9,"Juan Marte Paulino","Santo Domingo (Piantini)","Tienda Deportiva","Premium",867.00,1683.00,11,Activo,6,7
TRX-RD-7999,2025-09-05,402-6347891-5,"Ramón Martínez Morales","Punta Cana (Bávaro)","Membresías","Básica",1690.00,1268.00,11,Activo,9,7
TRX-RD-8023,2025-09-05,011-6895563-9,"Kelvin Rodríguez Gómez","Santo Domingo Este (Zona Oriental)","Membresías","Básica",1690.00,1157.00,12,Activo,11,7
TRX-RD-8027,2025-09-05,402-1269910-8,"Ramón Cruz Guzmán","Santiago (Los Jardines)","Membresías","Básica",1690.00,1246.00,9,Activo,15,8
TRX-RD-8039,2025-09-05,001-4914206-9,"Gabriel Díaz Reyes","Santiago (Los Jardines)","Membresías","Premium",2690.00,1504.00,15,Activo,10,7
TRX-RD-8065,2025-09-05,031-8069871-8,"Miguel Martínez Cruz","Santo Domingo Este (Zona Oriental)","Membresías","Básica",1690.00,1173.00,12,Activo,12,8
TRX-RD-8105,2025-09-05,031-1282880-5,"María Martínez Peña","Santiago (Los Jardines)","Membresías","Premium",2690.00,1493.00,7,Activo,9,7
TRX-RD-8148,2025-09-05,097-9949127-0,"Francisco Santana Peña","Santo Domingo (Piantini)","Personal Trainer","VIP",1769.00,2523.00,15,Activo,17,8
TRX-RD-8153,2025-09-05,031-8246707-0,"Alejandro Marte Morales","Puerto Plata Club","Membresías","VIP",4890.00,2388.00,11,Activo,13,10
TRX-RD-8191,2025-09-05,402-1618967-6,"Carlos Paulino Guzmán","Punta Cana (Bávaro)","Membresías","Básica",1690.00,1128.00,10,Activo,14,8
TRX-RD-8213,2025-09-05,402-4161120-7,"Carlos Vásquez Peña","Santo Domingo (Piantini)","Membresías","Premium",2690.00,1665.00,10,Activo,7,7
TRX-RD-8243,2025-09-05,402-6702324-6,"Alejandro Peña Cruz","Santo Domingo (Piantini)","Membresías","Premium",2690.00,1835.00,9,Activo,13,8
TRX-RD-8289,2025-09-05,031-4831108-1,"José Paulino Guzmán","Puerto Plata Club","Membresías","VIP",4890.00,2245.00,10,Activo,16,8
TRX-RD-8339,2025-09-05,031-0979907-6,"Yamilka Peña Sánchez","Puerto Plata Club","Personal Trainer","VIP",1360.00,2596.00,8,Activo,9,8
TRX-RD-8390,2025-09-05,097-7697463-7,"Altagracia Díaz Rodríguez","Santiago (Los Jardines)","Membresías","Básica",1690.00,1064.00,11,Activo,5,9
TRX-RD-8394,2025-09-05,001-4225018-2,"Rafael Gómez Díaz","Santiago (Los Jardines)","Membresías","Básica",1690.00,1301.00,13,Activo,15,7
TRX-RD-8425,2025-09-05,402-0044725-4,"Nicole Rosario Castillo","Santo Domingo (Piantini)","Membresías","VIP",4890.00,2318.00,9,Activo,10,9
TRX-RD-8429,2025-09-05,037-6416060-6,"Luisa Cruz Díaz","Punta Cana (Bávaro)","Clases Guiadas","Básica",1096.00,1171.00,4,Activo,8,8
TRX-RD-8434,2025-09-05,031-3955124-0,"Luis Pérez Vásquez","Santo Domingo (Piantini)","Personal Trainer","Básica",1145.00,1130.00,9,Activo,9,7
TRX-RD-8448,2025-09-05,037-9856364-3,"Pedro Rosario Rosario","Santo Domingo Este (Zona Oriental)","Membresías","Básica",1690.00,1322.00,13,Activo,16,8
TRX-RD-8455,2025-09-05,001-6303143-8,"Rosa Castillo Ventura","Santiago (Los Jardines)","Membresías","VIP",4890.00,2315.00,5,Activo,13,8
TRX-RD-8503,2025-09-05,011-9506570-9,"Pedro Pérez Sánchez","Santo Domingo (Piantini)","Membresías","Premium",2690.00,1570.00,8,Activo,9,9
TRX-RD-8529,2025-09-05,011-4532392-7,"Gabriel Marte Vásquez","Santo Domingo Este (Zona Oriental)","Personal Trainer","Premium",1707.00,1474.00,14,Activo,13,8
TRX-RD-8535,2025-09-05,002-0888852-9,"Kelvin Reyes García","Santo Domingo (Piantini)","Membresías","Básica",1690.00,1261.00,14,Activo,11,7
TRX-RD-8578,2025-09-05,011-8674698-6,"Ramón Reyes Paulino","Santo Domingo (Piantini)","Tienda Deportiva","Premium",1717.00,1433.00,11,Activo,9,10
TRX-RD-7952,2025-09-06,011-9439820-0,"Ramón Guzmán Reyes","Santo Domingo (Piantini)","Membresías","Premium",2690.00,1665.00,9,Activo,10,7
TRX-RD-7982,2025-09-06,002-5922083-8,"Laura Morales Rosario","Punta Cana (Bávaro)","Personal Trainer","Premium",1797.00,1704.00,9,Activo,8,7
TRX-RD-8060,2025-09-06,002-8779724-5,"Carmen Gómez Jiménez","Santiago (Los Jardines)","Membresías","Premium",2690.00,1637.00,11,Activo,10,8
TRX-RD-8062,2025-09-06,031-7249144-5,"Kelvin Marte Vásquez","Puerto Plata Club","Membresías","Básica",1690.00,1096.00,9,Activo,7,9
TRX-RD-8079,2025-09-06,011-9286017-7,"Miguel Reyes Santana","Punta Cana (Bávaro)","Membresías","Básica",1690.00,1359.00,6,Activo,13,7
TRX-RD-8085,2025-09-06,037-5645049-4,"José Gómez Jiménez","Santiago (Los Jardines)","Membresías","Premium",2690.00,2106.00,9,Activo,10,6
TRX-RD-8087,2025-09-06,037-7016446-9,"Ana Cruz Peña","Santiago (Los Jardines)","Membresías","Básica",1690.00,1191.00,11,Activo,17,9
TRX-RD-8130,2025-09-06,001-5524767-9,"Ramón Jiménez Vásquez","Santo Domingo Este (Zona Oriental)","Membresías","Básica",1690.00,1201.00,7,Activo,16,8
TRX-RD-8165,2025-09-06,097-5033409-7,"Rafael Santana Reyes","Santo Domingo (Piantini)","Membresías","Básica",1690.00,1108.00,7,Activo,13,8
TRX-RD-8244,2025-09-06,402-6702324-6,"Alejandro Peña Cruz","Santo Domingo (Piantini)","Personal Trainer","Premium",1255.00,1835.00,9,Activo,13,8
TRX-RD-8277,2025-09-06,002-5305764-0,"Patricia Castillo Santana","Punta Cana (Bávaro)","Personal Trainer","Básica",1595.00,1329.00,9,Activo,9,8
TRX-RD-8307,2025-09-06,001-6862823-8,"Kelvin Vásquez Pérez","Santo Domingo (Piantini)","Membresías","Básica",1690.00,1068.00,12,Activo,5,9
TRX-RD-8349,2025-09-06,001-7084713-1,"María Vásquez Marte","Santo Domingo Este (Zona Oriental)","Personal Trainer","Premium",1535.00,1471.00,9,Activo,10,9
TRX-RD-8444,2025-09-06,002-4563876-2,"Rosa Reyes Peña","Puerto Plata Club","Membresías","Básica",1690.00,1081.00,11,Activo,12,7
TRX-RD-8451,2025-09-06,097-8847478-2,"Patricia Paulino Jiménez","Santo Domingo (Piantini)","Membresías","VIP",4890.00,2568.00,10,Activo,9,8
TRX-RD-8477,2025-09-06,001-1139539-8,"Emmanuel Ventura Pérez","Puerto Plata Club","Tienda Deportiva","Básica",1563.00,1259.00,10,Activo,15,10
TRX-RD-8486,2025-09-06,097-3320064-7,"Gabriel Vásquez Reyes","Puerto Plata Club","Clases Guiadas","Básica",832.00,1362.00,7,Activo,16,8
TRX-RD-8506,2025-09-06,002-8193156-8,"Altagracia Martínez Castillo","Punta Cana (Bávaro)","Membresías","Básica",1690.00,1073.00,9,Activo,9,6
TRX-RD-8533,2025-09-06,037-4105850-1,"Rosa Paulino Gómez","Santiago (Los Jardines)","Membresías","Premium",2690.00,1652.00,7,Activo,14,7
TRX-RD-8550,2025-09-06,037-7816548-4,"Manuel Jiménez Martínez","Santiago (Los Jardines)","Membresías","Premium",2690.00,1719.00,11,Activo,9,6
TRX-RD-7917,2025-09-07,011-2000056-5,"Carmen Vásquez Rosario","Santo Domingo (Piantini)","Membresías","Básica",1690.00,999.00,9,Activo,8,8
TRX-RD-7926,2025-09-07,002-2999348-0,"Carmen Vásquez Paulino","Punta Cana (Bávaro)","Clases Guiadas","Básica",707.00,1561.00,11,Activo,11,8
TRX-RD-7942,2025-09-07,402-8041676-5,"Alejandro Vásquez García","Punta Cana (Bávaro)","Membresías","Premium",2690.00,1752.00,12,Activo,9,9
TRX-RD-7957,2025-09-07,097-5613607-4,"Miguel Díaz Cruz","Punta Cana (Bávaro)","Membresías","Básica",1690.00,1355.00,14,Activo,13,8
TRX-RD-7964,2025-09-07,031-1919018-3,"Patricia Rodríguez Pérez","Santiago (Los Jardines)","Personal Trainer","VIP",1345.00,2539.00,11,Activo,6,6
TRX-RD-8043,2025-09-07,002-6952256-1,"Nicole Santana Reyes","Santo Domingo (Piantini)","Membresías","VIP",4890.00,2640.00,13,Activo,11,7
TRX-RD-8141,2025-09-07,001-6323693-8,"Manuel Vásquez Sánchez","Punta Cana (Bávaro)","Membresías","VIP",4890.00,2549.00,11,Activo,9,9
TRX-RD-8167,2025-09-07,001-6416894-0,"Gabriel Guzmán Castillo","Punta Cana (Bávaro)","Membresías","Básica",1690.00,1018.00,9,Activo,16,10
TRX-RD-8187,2025-09-07,001-0419364-4,"Ramón Jiménez Santana","Santo Domingo (Piantini)","Membresías","Básica",1690.00,1238.00,12,Activo,12,8
TRX-RD-8199,2025-09-07,002-0478549-7,"Luis Guzmán Díaz","Santo Domingo Este (Zona Oriental)","Clases Guiadas","VIP",965.00,2524.00,10,Activo,10,9
TRX-RD-8286,2025-09-07,402-2255694-2,"Johanny Rosario Pérez","Punta Cana (Bávaro)","Clases Guiadas","Premium",1074.00,1944.00,7,Activo,12,8
TRX-RD-8316,2025-09-07,037-1499715-6,"Ana Castillo Cruz","Santo Domingo (Piantini)","Membresías","VIP",4890.00,2452.00,14,Activo,9,8
TRX-RD-8317,2025-09-07,037-1499715-6,"Ana Castillo Cruz","Santo Domingo (Piantini)","Clases Guiadas","VIP",910.00,2452.00,14,Activo,9,8
TRX-RD-8357,2025-09-07,002-9773654-8,"Ramón Guzmán García","Santo Domingo (Piantini)","Membresías","VIP",4890.00,2398.00,14,Activo,11,7
TRX-RD-8361,2025-09-07,037-4720712-8,"Alejandro Paulino Gómez","Santiago (Los Jardines)","Membresías","Básica",1690.00,1054.00,13,Activo,12,7
TRX-RD-8364,2025-09-07,002-6259335-3,"Emmanuel Guzmán Rosario","Santo Domingo Este (Zona Oriental)","Membresías","Premium",2690.00,2156.00,16,Activo,12,9
TRX-RD-8371,2025-09-07,097-2127106-3,"Manuel Sánchez Rodríguez","Punta Cana (Bávaro)","Membresías","Básica",1690.00,1396.00,11,Activo,12,7
TRX-RD-8381,2025-09-07,402-0403131-0,"Stephanie Sánchez Cruz","Santo Domingo Este (Zona Oriental)","Membresías","Básica",1690.00,1243.00,5,Activo,9,9
TRX-RD-8420,2025-09-07,097-8808961-4,"Nicole Vásquez Vásquez","Punta Cana (Bávaro)","Membresías","Básica",1690.00,1256.00,7,Activo,7,9
TRX-RD-8437,2025-09-07,011-3380860-8,"José Díaz Vásquez","Santo Domingo (Piantini)","Membresías","Básica",1690.00,1353.00,5,Activo,8,6
TRX-RD-8489,2025-09-07,031-0627540-1,"María Morales Guzmán","Punta Cana (Bávaro)","Clases Guiadas","Básica",1032.00,1201.00,14,Activo,14,7
TRX-RD-8491,2025-09-07,031-9570833-8,"Gabriel Ventura Gómez","Santiago (Los Jardines)","Personal Trainer","Premium",1620.00,1675.00,5,Activo,16,8
TRX-RD-8510,2025-09-07,002-8546073-9,"Altagracia García Ventura","Punta Cana (Bávaro)","Membresías","Básica",1690.00,1224.00,10,Activo,17,7
TRX-RD-8521,2025-09-07,402-6446294-2,"Carolina Morales Guzmán","Punta Cana (Bávaro)","Clases Guiadas","Básica",954.00,1314.00,9,Activo,15,7
TRX-RD-8540,2025-09-07,402-2143151-9,"Rosa Sánchez Sánchez","Puerto Plata Club","Membresías","Básica",1690.00,1418.00,13,Activo,11,6
TRX-RD-8564,2025-09-07,402-5039105-5,"María Díaz Santana","Puerto Plata Club","Membresías","Básica",1690.00,1209.00,10,Activo,9,9
TRX-RD-7915,2025-09-08,037-0076365-3,"Ana Jiménez Peña","Santo Domingo Este (Zona Oriental)","Membresías","Básica",1690.00,1070.00,15,Activo,13,6
TRX-RD-7932,2025-09-08,037-7793362-7,"Pedro Díaz Cruz","Santiago (Los Jardines)","Personal Trainer","Básica",1654.00,1318.00,11,Activo,5,6
TRX-RD-7966,2025-09-08,402-3548220-1,"Laura Díaz García","Santo Domingo Este (Zona Oriental)","Personal Trainer","VIP",1522.00,2357.00,12,Activo,6,10
TRX-RD-7989,2025-09-08,011-1339381-1,"Juan Castillo Morales","Santo Domingo (Piantini)","Membresías","Básica",1690.00,1261.00,8,Activo,10,8
TRX-RD-8007,2025-09-08,097-1176412-7,"Gabriel Jiménez Sánchez","Santo Domingo (Piantini)","Clases Guiadas","Premium",814.00,1963.00,8,Cancelado,12,10
TRX-RD-8030,2025-09-08,011-7673531-2,"Luis Jiménez Santana","Punta Cana (Bávaro)","Membresías","Premium",2690.00,1534.00,16,Activo,11,7
TRX-RD-8041,2025-09-08,402-3864375-9,"Kelvin Ventura Pérez","Santo Domingo (Piantini)","Clases Guiadas","VIP",876.00,2450.00,9,Activo,10,7
TRX-RD-8058,2025-09-08,031-7139591-0,"Rafael Sánchez Paulino","Santo Domingo Este (Zona Oriental)","Membresías","Básica",1690.00,1135.00,11,Activo,8,9
TRX-RD-8089,2025-09-08,037-6831363-1,"José Santana Díaz","Santiago (Los Jardines)","Membresías","Básica",1690.00,1317.00,9,Activo,15,9
TRX-RD-8099,2025-09-08,402-9933288-8,"Carmen Peña Díaz","Santiago (Los Jardines)","Membresías","Premium",2690.00,1344.00,9,Activo,8,10
TRX-RD-8173,2025-09-08,002-9235870-2,"Juan Castillo Cruz","Punta Cana (Bávaro)","Personal Trainer","VIP",1395.00,2478.00,10,Activo,11,7
TRX-RD-8176,2025-09-08,002-6000131-8,"María Jiménez Santana","Puerto Plata Club","Membresías","Premium",2690.00,1598.00,10,Activo,7,10
TRX-RD-8192,2025-09-08,402-1618967-6,"Carlos Paulino Guzmán","Punta Cana (Bávaro)","Clases Guiadas","Básica",966.00,1128.00,10,Activo,14,8
TRX-RD-8202,2025-09-08,011-7595168-8,"Juan Morales Reyes","Punta Cana (Bávaro)","Clases Guiadas","Básica",900.00,1108.00,7,Activo,6,8
TRX-RD-8208,2025-09-08,402-7419040-0,"Manuel Morales Martínez","Santiago (Los Jardines)","Membresías","VIP",4890.00,2232.00,14,Activo,16,8
TRX-RD-8256,2025-09-08,031-8068577-2,"Francisco Ventura Martínez","Santo Domingo (Piantini)","Tienda Deportiva","Premium",1719.00,1788.00,11,Activo,13,8
TRX-RD-8290,2025-09-08,031-6441568-3,"Manuel Paulino Ventura","Puerto Plata Club","Membresías","VIP",4890.00,2333.00,12,Activo,10,8
TRX-RD-8312,2025-09-08,031-3994908-9,"Genesis Martínez Pérez","Santo Domingo (Piantini)","Clases Guiadas","VIP",563.00,2456.00,12,Activo,11,9
TRX-RD-8360,2025-09-08,031-6698507-1,"Carolina Castillo Guzmán","Santo Domingo Este (Zona Oriental)","Membresías","Básica",1690.00,1338.00,11,Activo,17,8
TRX-RD-8367,2025-09-08,037-4666965-8,"Genesis Sánchez Santana","Santiago (Los Jardines)","Membresías","Básica",1690.00,1234.00,8,Cancelado,12,8
TRX-RD-8377,2025-09-08,031-7164015-8,"Pedro Paulino Vásquez","Punta Cana (Bávaro)","Membresías","Básica",1690.00,1199.00,3,Activo,16,7
TRX-RD-8385,2025-09-08,097-9758518-0,"Carmen Jiménez Jiménez","Santo Domingo (Piantini)","Personal Trainer","Premium",1425.00,1735.00,6,Cancelado,12,7
TRX-RD-8422,2025-09-08,097-5339295-1,"Juan Santana Díaz","Puerto Plata Club","Membresías","Básica",1690.00,1374.00,7,Activo,9,9
TRX-RD-8443,2025-09-08,037-8180441-8,"Juan Cruz Ventura","Santiago (Los Jardines)","Membresías","Premium",2690.00,1802.00,7,Activo,9,10
TRX-RD-8447,2025-09-08,031-7537326-9,"Johanny Guzmán Pérez","Santo Domingo (Piantini)","Personal Trainer","Premium",1160.00,1736.00,9,Activo,10,7
TRX-RD-8470,2025-09-08,031-0544898-3,"Miguel Martínez Jiménez","Santo Domingo Este (Zona Oriental)","Membresías","Premium",2690.00,1940.00,7,Activo,13,8
TRX-RD-8479,2025-09-08,097-1092080-3,"Carolina Reyes Ventura","Punta Cana (Bávaro)","Personal Trainer","Premium",1285.00,1673.00,12,Activo,2,10
TRX-RD-8484,2025-09-08,402-6097595-4,"Miguel Rosario Martínez","Santiago (Los Jardines)","Membresías","Premium",2690.00,1653.00,13,Activo,8,8
TRX-RD-8563,2025-09-08,002-9208152-8,"Carlos Ventura Morales","Santiago (Los Jardines)","Clases Guiadas","Básica",667.00,1289.00,6,Activo,13,8
TRX-RD-7918,2025-09-09,402-9746499-8,"Rosa Paulino Gómez","Santiago (Los Jardines)","Membresías","Básica",1690.00,1303.00,13,Activo,7,10
TRX-RD-8040,2025-09-09,402-3864375-9,"Kelvin Ventura Pérez","Santo Domingo (Piantini)","Membresías","VIP",4890.00,2450.00,9,Activo,10,7
TRX-RD-8049,2025-09-09,037-4959824-3,"Laura Morales Sánchez","Santo Domingo (Piantini)","Tienda Deportiva","Premium",1496.00,1713.00,5,Activo,9,9
TRX-RD-8072,2025-09-09,011-7655157-8,"Emmanuel Pérez Díaz","Santo Domingo (Piantini)","Membresías","Premium",2690.00,1568.00,11,Activo,14,9
TRX-RD-8080,2025-09-09,011-9286017-7,"Miguel Reyes Santana","Punta Cana (Bávaro)","Tienda Deportiva","Básica",1815.00,1359.00,6,Activo,13,7
TRX-RD-8094,2025-09-09,002-3031991-5,"Emmanuel Reyes Morales","Santo Domingo (Piantini)","Membresías","Premium",2690.00,1671.00,7,Activo,8,7
TRX-RD-8104,2025-09-09,002-6232200-1,"Yamilka Pérez Gómez","Santo Domingo (Piantini)","Clases Guiadas","Premium",865.00,1347.00,16,Activo,8,6
TRX-RD-8121,2025-09-09,402-3519826-0,"José Peña Marte","Punta Cana (Bávaro)","Clases Guiadas","Básica",909.00,1467.00,11,Activo,11,9
TRX-RD-8183,2025-09-09,001-5280253-4,"Carlos Rodríguez Cruz","Santiago (Los Jardines)","Tienda Deportiva","Básica",1428.00,1160.00,7,Activo,8,7
TRX-RD-8189,2025-09-09,097-0213742-4,"Kelvin Castillo Díaz","Santiago (Los Jardines)","Tienda Deportiva","Básica",2270.00,1434.00,14,Activo,13,8
TRX-RD-8215,2025-09-09,402-4161120-7,"Carlos Vásquez Peña","Santo Domingo (Piantini)","Clases Guiadas","Premium",960.00,1665.00,10,Activo,7,7
TRX-RD-8264,2025-09-09,011-2788001-9,"Ramón Ventura Reyes","Santo Domingo (Piantini)","Membresías","VIP",4890.00,2662.00,13,Activo,9,7
TRX-RD-8269,2025-09-09,037-6459188-3,"Joan Reyes Morales","Punta Cana (Bávaro)","Personal Trainer","Premium",1750.00,1588.00,9,Activo,13,10
TRX-RD-8279,2025-09-09,001-1313633-7,"Genesis García Rosario","Puerto Plata Club","Membresías","Básica",1690.00,1207.00,14,Activo,17,9
TRX-RD-8293,2025-09-09,002-0728408-4,"Juan Vásquez Castillo","Santo Domingo Este (Zona Oriental)","Tienda Deportiva","Básica",1580.00,1460.00,12,Activo,9,7
TRX-RD-8319,2025-09-09,037-1652013-9,"Francisco Peña Marte","Santiago (Los Jardines)","Membresías","Premium",2690.00,1585.00,8,Activo,10,6
TRX-RD-8326,2025-09-09,097-9542972-0,"Ramón Reyes Díaz","Santiago (Los Jardines)","Membresías","Básica",1690.00,1245.00,14,Activo,7,8
TRX-RD-8354,2025-09-09,037-9921219-0,"Stephanie Sánchez Martínez","Santo Domingo (Piantini)","Membresías","Básica",1690.00,1205.00,11,Activo,10,7
TRX-RD-8370,2025-09-09,037-0024297-1,"Pedro Guzmán Vásquez","Santo Domingo (Piantini)","Tienda Deportiva","VIP",1612.00,2327.00,17,Activo,5,7
TRX-RD-8404,2025-09-09,402-5462716-5,"Genesis García García","Punta Cana (Bávaro)","Membresías","Premium",2690.00,1764.00,13,Activo,14,8
TRX-RD-8433,2025-09-09,031-3955124-0,"Luis Pérez Vásquez","Santo Domingo (Piantini)","Membresías","Básica",1690.00,1130.00,9,Activo,9,7
TRX-RD-8450,2025-09-09,402-0934530-1,"Johanny Ventura Santana","Santiago (Los Jardines)","Membresías","Básica",1690.00,1432.00,11,Activo,14,8
TRX-RD-8482,2025-09-09,031-7353529-9,"Patricia Sánchez Santana","Santiago (Los Jardines)","Membresías","Básica",1690.00,1184.00,9,Activo,12,7
TRX-RD-8552,2025-09-09,002-7588872-5,"Carlos Rosario Rodríguez","Santiago (Los Jardines)","Clases Guiadas","Básica",571.00,1200.00,10,Activo,10,9
TRX-RD-8553,2025-09-09,002-6200903-8,"Carmen Sánchez Castillo","Santiago (Los Jardines)","Membresías","Básica",1690.00,1560.00,8,Activo,17,7
TRX-RD-8567,2025-09-09,011-5398339-8,"Rafael Paulino Jiménez","Santo Domingo Este (Zona Oriental)","Membresías","Básica",1690.00,1136.00,10,Activo,15,8
TRX-RD-7936,2025-09-10,037-8530130-4,"Miguel Marte Castillo","Santiago (Los Jardines)","Personal Trainer","Básica",1339.00,1247.00,5,Activo,14,7
TRX-RD-7943,2025-09-10,011-2093698-2,"Miguel Ventura Guzmán","Santo Domingo Este (Zona Oriental)","Membresías","Básica",1690.00,1283.00,12,Activo,17,6
TRX-RD-7958,2025-09-10,097-7920909-8,"Ana García Santana","Santo Domingo Este (Zona Oriental)","Membresías","Básica",1690.00,1411.00,10,Activo,13,8
TRX-RD-8034,2025-09-10,001-3787669-4,"Ramón Díaz Rodríguez","Punta Cana (Bávaro)","Membresías","Premium",2690.00,1538.00,11,Activo,14,7
TRX-RD-8134,2025-09-10,031-6851654-4,"José Rosario Pérez","Santo Domingo Este (Zona Oriental)","Membresías","Básica",1690.00,1363.00,7,Cancelado,9,9
TRX-RD-8136,2025-09-10,002-2421057-5,"Yamilka Pérez Vásquez","Santiago (Los Jardines)","Tienda Deportiva","Básica",1546.00,1190.00,11,Activo,7,7
TRX-RD-8138,2025-09-10,037-2074875-9,"Ramón Pérez Marte","Puerto Plata Club","Membresías","Básica",1690.00,1114.00,14,Activo,9,6
TRX-RD-8149,2025-09-10,097-9949127-0,"Francisco Santana Peña","Santo Domingo (Piantini)","Clases Guiadas","VIP",1055.00,2523.00,15,Activo,17,8
TRX-RD-8150,2025-09-10,031-1824879-2,"Pedro Cruz Ventura","Santiago (Los Jardines)","Membresías","VIP",4890.00,2532.00,6,Activo,6,7
TRX-RD-8177,2025-09-10,002-6000131-8,"María Jiménez Santana","Puerto Plata Club","Personal Trainer","Premium",1596.00,1598.00,10,Activo,7,10
TRX-RD-8204,2025-09-10,037-6310867-1,"Carlos Gómez Gómez","Santo Domingo Este (Zona Oriental)","Personal Trainer","Básica",1800.00,1314.00,8,Activo,10,8
TRX-RD-8210,2025-09-10,011-2805876-3,"Nicole Rosario Reyes","Santo Domingo Este (Zona Oriental)","Membresías","Básica",1690.00,1377.00,11,Activo,14,8
TRX-RD-8238,2025-09-10,037-7274299-9,"Juan Díaz Rodríguez","Santo Domingo Este (Zona Oriental)","Tienda Deportiva","Básica",2012.00,1358.00,8,Activo,11,8
TRX-RD-8300,2025-09-10,002-9847295-2,"Johanny Vásquez Sánchez","Punta Cana (Bávaro)","Membresías","Básica",1690.00,1315.00,8,Activo,12,6
TRX-RD-8303,2025-09-10,031-5457306-1,"Carlos Paulino Marte","Punta Cana (Bávaro)","Membresías","Básica",1690.00,1200.00,15,Activo,12,8
TRX-RD-8308,2025-09-10,001-6862823-8,"Kelvin Vásquez Pérez","Santo Domingo (Piantini)","Personal Trainer","Básica",1365.00,1068.00,12,Activo,5,9
TRX-RD-8389,2025-09-10,031-9583417-5,"Alejandro Cruz Vásquez","Santiago (Los Jardines)","Clases Guiadas","Premium",858.00,1421.00,12,Activo,6,8
TRX-RD-8395,2025-09-10,001-4225018-2,"Rafael Gómez Díaz","Santiago (Los Jardines)","Clases Guiadas","Básica",1005.00,1301.00,13,Activo,15,7
TRX-RD-8454,2025-09-10,402-0766543-7,"Gabriel Cruz Díaz","Santo Domingo (Piantini)","Tienda Deportiva","Premium",1778.00,1829.00,10,Activo,9,8
TRX-RD-8466,2025-09-10,031-2023540-7,"Nicole Peña Pérez","Santo Domingo (Piantini)","Membresías","VIP",4890.00,2393.00,8,Activo,10,9
TRX-RD-8473,2025-09-10,001-4573372-1,"Carolina Ventura Pérez","Santo Domingo Este (Zona Oriental)","Membresías","Básica",1690.00,1256.00,5,Activo,12,8
TRX-RD-8513,2025-09-10,001-4699582-4,"Emmanuel Pérez Martínez","Santo Domingo (Piantini)","Membresías","Premium",2690.00,1485.00,13,Activo,10,8
TRX-RD-8545,2025-09-10,037-0461767-3,"Luis Vásquez Díaz","Puerto Plata Club","Membresías","Premium",2690.00,1417.00,10,Activo,9,8
TRX-RD-8554,2025-09-10,002-6200903-8,"Carmen Sánchez Castillo","Santiago (Los Jardines)","Personal Trainer","Básica",1301.00,1560.00,8,Activo,17,7
TRX-RD-8556,2025-09-10,097-4974915-7,"Laura Santana Vásquez","Punta Cana (Bávaro)","Membresías","Básica",1690.00,1537.00,11,Activo,14,7
TRX-RD-8008,2025-09-11,097-1176412-7,"Gabriel Jiménez Sánchez","Santo Domingo (Piantini)","Tienda Deportiva","Premium",1304.00,1963.00,8,Cancelado,12,10
TRX-RD-8013,2025-09-11,001-9939436-2,"Pedro Rosario Sánchez","Santo Domingo Este (Zona Oriental)","Membresías","Básica",1690.00,1328.00,12,Activo,12,8
TRX-RD-8014,2025-09-11,031-6593414-6,"Joan Ventura Sánchez","Santo Domingo Este (Zona Oriental)","Membresías","Básica",1690.00,1251.00,13,Activo,13,9
TRX-RD-8025,2025-09-11,011-0658246-1,"Manuel Jiménez Rosario","Puerto Plata Club","Clases Guiadas","Premium",795.00,1298.00,12,Activo,13,7
TRX-RD-8035,2025-09-11,402-2735504-3,"Ramón Marte Sánchez","Santiago (Los Jardines)","Membresías","Premium",2690.00,1446.00,12,Activo,8,8
TRX-RD-8066,2025-09-11,002-0153299-1,"Alejandro Sánchez Marte","Punta Cana (Bávaro)","Membresías","Básica",1690.00,1148.00,7,Activo,15,8
TRX-RD-8107,2025-09-11,402-0381126-6,"María Castillo Díaz","Santiago (Los Jardines)","Tienda Deportiva","Básica",1525.00,916.00,11,Activo,18,9
TRX-RD-8115,2025-09-11,097-5512692-8,"Juan Reyes Gómez","Santo Domingo Este (Zona Oriental)","Clases Guiadas","Básica",983.00,1195.00,7,Activo,12,7
TRX-RD-8245,2025-09-11,402-7337520-0,"Yudelka Peña Jiménez","Santiago (Los Jardines)","Membresías","VIP",4890.00,2497.00,11,Activo,13,7
TRX-RD-8275,2025-09-11,011-2999115-2,"Yamilka Jiménez Peña","Santo Domingo (Piantini)","Membresías","Básica",1690.00,1390.00,13,Activo,12,8
TRX-RD-8281,2025-09-11,031-0389221-6,"Laura Reyes Marte","Santo Domingo (Piantini)","Membresías","Premium",2690.00,1788.00,9,Activo,10,8
TRX-RD-8305,2025-09-11,011-4788643-4,"Emmanuel Santana Martínez","Santo Domingo (Piantini)","Membresías","Básica",1690.00,1197.00,13,Activo,8,8
TRX-RD-8402,2025-09-11,037-5296970-3,"Rosa Sánchez Reyes","Punta Cana (Bávaro)","Membresías","Premium",2690.00,1522.00,10,Activo,11,8
TRX-RD-8431,2025-09-11,001-2826741-6,"Yamilka Santana Martínez","Santo Domingo Este (Zona Oriental)","Clases Guiadas","Básica",891.00,1389.00,12,Activo,8,8
TRX-RD-8446,2025-09-11,031-7537326-9,"Johanny Guzmán Pérez","Santo Domingo (Piantini)","Membresías","Premium",2690.00,1736.00,9,Activo,10,7
TRX-RD-8561,2025-09-11,011-4966584-4,"Emmanuel Vásquez Sánchez","Santo Domingo Este (Zona Oriental)","Tienda Deportiva","Premium",2135.00,1777.00,13,Activo,14,9
TRX-RD-7997,2025-09-12,002-4974312-1,"Patricia Guzmán Pérez","Santo Domingo (Piantini)","Membresías","Premium",2690.00,1678.00,10,Activo,11,9
TRX-RD-8016,2025-09-12,011-5108527-9,"Yudelka Morales Castillo","Santiago (Los Jardines)","Personal Trainer","Premium",1789.00,1676.00,10,Activo,19,9
TRX-RD-8069,2025-09-12,011-2564054-8,"Pedro García Reyes","Puerto Plata Club","Membresías","Premium",2690.00,1702.00,13,Activo,13,9
TRX-RD-8074,2025-09-12,001-7971463-9,"Luisa Peña Díaz","Punta Cana (Bávaro)","Membresías","VIP",4890.00,2491.00,11,Activo,8,8
TRX-RD-8093,2025-09-12,031-0526398-6,"Miguel Gómez Vásquez","Santo Domingo (Piantini)","Personal Trainer","Básica",1490.00,1281.00,11,Activo,11,7
TRX-RD-8119,2025-09-12,037-9815671-1,"Altagracia Jiménez Peña","Punta Cana (Bávaro)","Membresías","Premium",2690.00,1605.00,15,Activo,18,8
TRX-RD-8133,2025-09-12,402-7986613-7,"Luis Sánchez Vásquez","Punta Cana (Bávaro)","Membresías","Básica",1690.00,1244.00,9,Activo,6,8
TRX-RD-8172,2025-09-12,002-9235870-2,"Juan Castillo Cruz","Punta Cana (Bávaro)","Membresías","VIP",4890.00,2478.00,10,Activo,11,7
TRX-RD-8180,2025-09-12,002-5206211-2,"Kelvin Cruz Morales","Puerto Plata Club","Personal Trainer","Premium",1541.00,2020.00,10,Activo,14,8
TRX-RD-8239,2025-09-12,001-6928831-3,"Laura Guzmán Santana","Santo Domingo (Piantini)","Membresías","Premium",2690.00,1783.00,8,Activo,9,8
TRX-RD-8255,2025-09-12,031-8068577-2,"Francisco Ventura Martínez","Santo Domingo (Piantini)","Membresías","Premium",2690.00,1788.00,11,Activo,13,8
TRX-RD-8270,2025-09-12,002-5106576-9,"Kelvin Díaz Gómez","Santo Domingo (Piantini)","Membresías","VIP",4890.00,2557.00,10,Activo,13,7
TRX-RD-8285,2025-09-12,402-2255694-2,"Johanny Rosario Pérez","Punta Cana (Bávaro)","Membresías","Premium",2690.00,1944.00,7,Activo,12,8
TRX-RD-8318,2025-09-12,002-7964571-7,"Yamilka Ventura Peña","Punta Cana (Bávaro)","Membresías","Básica",1690.00,1430.00,11,Activo,10,8
TRX-RD-8330,2025-09-12,002-4145283-8,"Stephanie Martínez Rodríguez","Punta Cana (Bávaro)","Membresías","Básica",1690.00,1446.00,10,Activo,13,9
TRX-RD-8366,2025-09-12,011-5821589-5,"Carolina Rodríguez Vásquez","Santo Domingo Este (Zona Oriental)","Membresías","Básica",1690.00,1190.00,18,Activo,13,8
TRX-RD-8383,2025-09-12,402-0403131-0,"Stephanie Sánchez Cruz","Santo Domingo Este (Zona Oriental)","Clases Guiadas","Básica",677.00,1243.00,5,Activo,9,9
TRX-RD-8403,2025-09-12,031-7945376-0,"Kelvin Pérez Pérez","Santiago (Los Jardines)","Membresías","Básica",1690.00,1178.00,8,Activo,9,8
TRX-RD-8407,2025-09-12,001-0197774-2,"Stephanie Peña Ventura","Santo Domingo (Piantini)","Membresías","VIP",4890.00,2497.00,10,Activo,13,6
TRX-RD-8453,2025-09-12,402-0766543-7,"Gabriel Cruz Díaz","Santo Domingo (Piantini)","Membresías","Premium",2690.00,1829.00,10,Activo,9,8
TRX-RD-8472,2025-09-12,402-1332067-0,"Carlos Díaz Martínez","Santo Domingo Este (Zona Oriental)","Membresías","Básica",1690.00,1485.00,10,Activo,14,10
TRX-RD-8476,2025-09-12,001-1139539-8,"Emmanuel Ventura Pérez","Puerto Plata Club","Personal Trainer","Básica",1450.00,1259.00,10,Activo,15,10
TRX-RD-8490,2025-09-12,031-9570833-8,"Gabriel Ventura Gómez","Santiago (Los Jardines)","Membresías","Premium",2690.00,1675.00,5,Activo,16,8
TRX-RD-8504,2025-09-12,402-0142321-3,"Stephanie Morales Marte","Punta Cana (Bávaro)","Membresías","VIP",4890.00,2376.00,10,Activo,8,7
TRX-RD-8508,2025-09-12,001-5706299-3,"Carmen Rosario Pérez","Santo Domingo Este (Zona Oriental)","Personal Trainer","Básica",1584.00,1294.00,7,Activo,5,9
TRX-RD-8509,2025-09-12,001-5706299-3,"Carmen Rosario Pérez","Santo Domingo Este (Zona Oriental)","Clases Guiadas","Básica",1293.00,1294.00,7,Activo,5,9
TRX-RD-8546,2025-09-12,037-0461767-3,"Luis Vásquez Díaz","Puerto Plata Club","Tienda Deportiva","Premium",2153.00,1417.00,10,Activo,9,8
TRX-RD-7924,2025-09-13,402-7362251-0,"Francisco Santana Reyes","Santiago (Los Jardines)","Membresías","Básica",1690.00,1325.00,13,Activo,13,8
TRX-RD-7930,2025-09-13,097-5926792-6,"Nicole Paulino Gómez","Santo Domingo (Piantini)","Membresías","Premium",2690.00,1546.00,9,Activo,13,9
TRX-RD-7931,2025-09-13,037-7793362-7,"Pedro Díaz Cruz","Santiago (Los Jardines)","Membresías","Básica",1690.00,1318.00,11,Activo,5,6
TRX-RD-7950,2025-09-13,402-1899446-1,"Yamilka Castillo Pérez","Punta Cana (Bávaro)","Tienda Deportiva","Básica",1745.00,1110.00,7,Cancelado,10,9
TRX-RD-8000,2025-09-13,402-6347891-5,"Ramón Martínez Morales","Punta Cana (Bávaro)","Tienda Deportiva","Básica",1808.00,1268.00,11,Activo,9,7
TRX-RD-8086,2025-09-13,031-3445475-4,"Luis Rodríguez Morales","Punta Cana (Bávaro)","Membresías","Premium",2690.00,1471.00,14,Activo,12,7
TRX-RD-8127,2025-09-13,037-8528078-9,"Carmen Rodríguez Vásquez","Santo Domingo Este (Zona Oriental)","Membresías","Básica",1690.00,1505.00,8,Activo,6,8
TRX-RD-8147,2025-09-13,097-9949127-0,"Francisco Santana Peña","Santo Domingo (Piantini)","Membresías","VIP",4890.00,2523.00,15,Activo,17,8
TRX-RD-8218,2025-09-13,037-7869598-5,"Kelvin Ventura García","Punta Cana (Bávaro)","Membresías","Premium",2690.00,1596.00,13,Activo,11,8
TRX-RD-8236,2025-09-13,037-7274299-9,"Juan Díaz Rodríguez","Santo Domingo Este (Zona Oriental)","Membresías","Básica",1690.00,1358.00,8,Activo,11,8
TRX-RD-8260,2025-09-13,402-3202685-2,"Genesis Jiménez Ventura","Santo Domingo (Piantini)","Clases Guiadas","Premium",805.00,1779.00,8,Activo,14,9
TRX-RD-8274,2025-09-13,001-2207218-4,"Luisa Marte Vásquez","Santo Domingo Este (Zona Oriental)","Tienda Deportiva","VIP",1949.00,2660.00,9,Activo,10,7
TRX-RD-8393,2025-09-13,097-1755408-4,"Carolina Paulino Marte","Santo Domingo Este (Zona Oriental)","Membresías","Premium",2690.00,1360.00,5,Activo,11,9
TRX-RD-8400,2025-09-13,097-0440943-3,"Juan Ventura Sánchez","Punta Cana (Bávaro)","Membresías","VIP",4890.00,2444.00,8,Activo,7,9
TRX-RD-8405,2025-09-13,402-5462716-5,"Genesis García García","Punta Cana (Bávaro)","Clases Guiadas","Premium",986.00,1764.00,13,Activo,14,8
TRX-RD-8445,2025-09-13,002-4563876-2,"Rosa Reyes Peña","Puerto Plata Club","Tienda Deportiva","Básica",2218.00,1081.00,11,Activo,12,7
TRX-RD-8459,2025-09-13,031-7376796-7,"Laura Martínez Marte","Santiago (Los Jardines)","Membresías","VIP",4890.00,2424.00,10,Activo,9,7
TRX-RD-8487,2025-09-13,031-0627540-1,"María Morales Guzmán","Punta Cana (Bávaro)","Membresías","Básica",1690.00,1201.00,14,Activo,14,7
TRX-RD-8528,2025-09-13,011-4532392-7,"Gabriel Marte Vásquez","Santo Domingo Este (Zona Oriental)","Membresías","Premium",2690.00,1474.00,14,Activo,13,8
TRX-RD-8549,2025-09-13,011-2784457-7,"Kelvin Jiménez Gómez","Santiago (Los Jardines)","Personal Trainer","Básica",1421.00,1191.00,17,Activo,9,8
TRX-RD-8559,2025-09-13,031-2693777-4,"Emmanuel Santana Reyes","Santo Domingo Este (Zona Oriental)","Membresías","Básica",1690.00,1388.00,12,Activo,16,7
TRX-RD-8569,2025-09-13,002-0860564-2,"Kelvin Santana Gómez","Punta Cana (Bávaro)","Membresías","Premium",2690.00,1422.00,8,Activo,12,8
TRX-RD-7923,2025-09-14,037-1550315-1,"Miguel Ventura Rodríguez","Punta Cana (Bávaro)","Personal Trainer","Premium",2004.00,1579.00,8,Activo,10,7
TRX-RD-7960,2025-09-14,011-2413859-3,"Luisa Rosario Guzmán","Santiago (Los Jardines)","Membresías","Básica",1690.00,1192.00,7,Activo,11,8
TRX-RD-7968,2025-09-14,037-4397113-1,"Pedro Marte García","Santo Domingo (Piantini)","Clases Guiadas","VIP",1151.00,2512.00,13,Activo,13,7
TRX-RD-7980,2025-09-14,011-9793610-5,"Luisa García Morales","Santo Domingo (Piantini)","Clases Guiadas","VIP",868.00,2433.00,12,Activo,9,8
TRX-RD-8003,2025-09-14,002-1029560-6,"Manuel Gómez Cruz","Santiago (Los Jardines)","Membresías","Premium",2690.00,1537.00,11,Activo,10,8
TRX-RD-8059,2025-09-14,031-7139591-0,"Rafael Sánchez Paulino","Santo Domingo Este (Zona Oriental)","Personal Trainer","Básica",1254.00,1135.00,11,Activo,8,9
TRX-RD-8078,2025-09-14,002-2068409-6,"Gabriel Díaz Guzmán","Puerto Plata Club","Personal Trainer","Básica",1376.00,1264.00,10,Activo,13,10
TRX-RD-8103,2025-09-14,002-6232200-1,"Yamilka Pérez Gómez","Santo Domingo (Piantini)","Membresías","Premium",2690.00,1347.00,16,Activo,8,6
TRX-RD-8118,2025-09-14,001-0742516-7,"Luis Ventura Reyes","Santo Domingo Este (Zona Oriental)","Tienda Deportiva","Básica",1303.00,1136.00,15,Activo,14,10
TRX-RD-8125,2025-09-14,001-0584045-8,"Johanny Paulino Sánchez","Santo Domingo (Piantini)","Membresías","Premium",2690.00,1818.00,12,Activo,12,8
TRX-RD-8126,2025-09-14,001-0584045-8,"Johanny Paulino Sánchez","Santo Domingo (Piantini)","Tienda Deportiva","Premium",1810.00,1818.00,12,Activo,12,8
TRX-RD-8168,2025-09-14,002-3932879-2,"Juan Peña Ventura","Santo Domingo Este (Zona Oriental)","Membresías","Básica",1690.00,1100.00,8,Activo,11,9
TRX-RD-8206,2025-09-14,002-6118565-6,"Pedro Guzmán Paulino","Punta Cana (Bávaro)","Membresías","Básica",1690.00,1055.00,5,Activo,5,8
TRX-RD-8220,2025-09-14,011-4990913-5,"Luis Sánchez Díaz","Santo Domingo (Piantini)","Membresías","VIP",4890.00,2605.00,10,Activo,10,10
TRX-RD-8237,2025-09-14,037-7274299-9,"Juan Díaz Rodríguez","Santo Domingo Este (Zona Oriental)","Clases Guiadas","Básica",856.00,1358.00,8,Activo,11,8
TRX-RD-8294,2025-09-14,031-0415386-5,"Ana Vásquez García","Santo Domingo (Piantini)","Membresías","Premium",2690.00,1642.00,13,Activo,8,9
TRX-RD-8325,2025-09-14,097-2566732-4,"Johanny Castillo Reyes","Santo Domingo Este (Zona Oriental)","Personal Trainer","Básica",1681.00,1137.00,7,Activo,17,8
TRX-RD-8359,2025-09-14,037-8606750-8,"Miguel Peña Vásquez","Punta Cana (Bávaro)","Membresías","Premium",2690.00,1553.00,9,Activo,7,9
TRX-RD-8378,2025-09-14,037-6030232-7,"Rosa Vásquez Jiménez","Santiago (Los Jardines)","Membresías","VIP",4890.00,2326.00,10,Activo,7,9
TRX-RD-8382,2025-09-14,402-0403131-0,"Stephanie Sánchez Cruz","Santo Domingo Este (Zona Oriental)","Personal Trainer","Básica",1628.00,1243.00,5,Activo,9,9
TRX-RD-8415,2025-09-14,037-6256257-1,"Ramón Díaz Jiménez","Santo Domingo Este (Zona Oriental)","Personal Trainer","Básica",1497.00,1342.00,8,Activo,14,7
TRX-RD-8428,2025-09-14,037-6416060-6,"Luisa Cruz Díaz","Punta Cana (Bávaro)","Membresías","Básica",1690.00,1171.00,4,Activo,8,8
TRX-RD-8430,2025-09-14,001-2826741-6,"Yamilka Santana Martínez","Santo Domingo Este (Zona Oriental)","Membresías","Básica",1690.00,1389.00,12,Activo,8,8
TRX-RD-8442,2025-09-14,402-9645729-0,"María Ventura García","Punta Cana (Bávaro)","Membresías","Básica",1690.00,1174.00,8,Activo,8,10
TRX-RD-8478,2025-09-14,097-1092080-3,"Carolina Reyes Ventura","Punta Cana (Bávaro)","Membresías","Premium",2690.00,1673.00,12,Activo,2,10
TRX-RD-8499,2025-09-14,002-4726579-6,"Emmanuel Paulino Jiménez","Punta Cana (Bávaro)","Membresías","Básica",1690.00,1176.00,8,Activo,11,8
TRX-RD-8518,2025-09-14,002-6485922-4,"Carlos Sánchez García","Santiago (Los Jardines)","Membresías","Premium",2690.00,1669.00,8,Cancelado,12,8
TRX-RD-8539,2025-09-14,402-8956547-1,"Luis Cruz Gómez","Punta Cana (Bávaro)","Membresías","VIP",4890.00,2558.00,11,Activo,10,10
TRX-RD-8573,2025-09-14,037-3006683-8,"Carmen Peña Peña","Punta Cana (Bávaro)","Membresías","Básica",1690.00,1406.00,10,Activo,13,9
TRX-RD-7941,2025-09-15,037-5983058-5,"María Díaz Pérez","Santo Domingo Este (Zona Oriental)","Membresías","VIP",4890.00,2320.00,11,Activo,11,7
TRX-RD-7945,2025-09-15,402-3725711-4,"Genesis Rodríguez Sánchez","Punta Cana (Bávaro)","Membresías","Básica",1690.00,1179.00,14,Activo,7,8
TRX-RD-8002,2025-09-15,001-6658590-1,"Manuel Ventura Pérez","Punta Cana (Bávaro)","Clases Guiadas","VIP",1242.00,2573.00,10,Activo,9,10
TRX-RD-8005,2025-09-15,097-1176412-7,"Gabriel Jiménez Sánchez","Santo Domingo (Piantini)","Membresías","Premium",2690.00,1963.00,8,Cancelado,12,10
TRX-RD-8019,2025-09-15,037-9879283-8,"Carmen Morales Cruz","Santo Domingo (Piantini)","Membresías","Básica",1690.00,1237.00,10,Activo,13,9
TRX-RD-8028,2025-09-15,402-1269910-8,"Ramón Cruz Guzmán","Santiago (Los Jardines)","Personal Trainer","Básica",1486.00,1246.00,9,Activo,15,8
TRX-RD-8123,2025-09-15,011-5213746-7,"Johanny Morales Santana","Santiago (Los Jardines)","Personal Trainer","Premium",1766.00,1557.00,7,Activo,15,8
TRX-RD-8162,2025-09-15,031-2974266-8,"Johanny Jiménez Jiménez","Santo Domingo (Piantini)","Membresías","Premium",2690.00,1751.00,12,Activo,10,7
TRX-RD-8221,2025-09-15,011-4990913-5,"Luis Sánchez Díaz","Santo Domingo (Piantini)","Personal Trainer","VIP",1379.00,2605.00,10,Activo,10,10
TRX-RD-8230,2025-09-15,002-9790082-1,"Emmanuel García Marte","Santiago (Los Jardines)","Membresías","Premium",2690.00,1801.00,12,Activo,12,7
TRX-RD-8248,2025-09-15,011-6197242-5,"Ramón Pérez Rosario","Santo Domingo (Piantini)","Personal Trainer","Básica",2037.00,1064.00,9,Activo,17,7
TRX-RD-8284,2025-09-15,002-2223394-2,"Johanny Martínez Reyes","Santo Domingo (Piantini)","Clases Guiadas","Premium",965.00,1445.00,7,Cancelado,12,8
TRX-RD-8306,2025-09-15,011-3083034-0,"Kelvin Marte Santana","Santiago (Los Jardines)","Membresías","Básica",1690.00,1259.00,7,Activo,14,7
TRX-RD-8309,2025-09-15,001-6862823-8,"Kelvin Vásquez Pérez","Santo Domingo (Piantini)","Clases Guiadas","Básica",1056.00,1068.00,12,Activo,5,9
TRX-RD-8355,2025-09-15,402-2814003-0,"Miguel Paulino García","Punta Cana (Bávaro)","Membresías","Premium",2690.00,1773.00,6,Activo,12,7
TRX-RD-8398,2025-09-15,402-2759002-9,"Carmen Gómez Castillo","Santo Domingo (Piantini)","Membresías","Premium",2690.00,1966.00,8,Activo,16,8
TRX-RD-8416,2025-09-15,037-4771277-0,"Johanny Santana Santana","Santiago (Los Jardines)","Membresías","Básica",1690.00,1270.00,8,Activo,5,7
TRX-RD-8419,2025-09-15,097-4316545-9,"José Sánchez García","Punta Cana (Bávaro)","Membresías","Básica",1690.00,1229.00,9,Activo,10,8
TRX-RD-8427,2025-09-15,402-6753909-2,"Rosa Gómez Ventura","Santo Domingo Este (Zona Oriental)","Membresías","Básica",1690.00,1429.00,8,Activo,7,8
TRX-RD-8436,2025-09-15,037-6396478-4,"Miguel Marte Rosario","Punta Cana (Bávaro)","Membresías","Básica",1690.00,1489.00,7,Cancelado,13,8
TRX-RD-8501,2025-09-15,037-7679995-3,"Juan Gómez Rodríguez","Punta Cana (Bávaro)","Clases Guiadas","Básica",890.00,924.00,10,Activo,11,10
TRX-RD-8522,2025-09-15,031-6366255-8,"Patricia Cruz Marte","Santo Domingo (Piantini)","Membresías","Básica",1690.00,1166.00,12,Activo,11,9
TRX-RD-8532,2025-09-15,011-7533243-4,"Kelvin Ventura Sánchez","Santiago (Los Jardines)","Tienda Deportiva","Premium",1724.00,1646.00,16,Activo,13,8
TRX-RD-7944,2025-09-16,011-2093698-2,"Miguel Ventura Guzmán","Santo Domingo Este (Zona Oriental)","Clases Guiadas","Básica",881.00,1283.00,12,Activo,17,6
TRX-RD-7983,2025-09-16,037-5881311-1,"Luisa Santana Guzmán","Santo Domingo (Piantini)","Membresías","Premium",2690.00,1676.00,8,Activo,10,10
TRX-RD-8024,2025-09-16,011-0658246-1,"Manuel Jiménez Rosario","Puerto Plata Club","Membresías","Premium",2690.00,1298.00,12,Activo,13,7
TRX-RD-8029,2025-09-16,402-1269910-8,"Ramón Cruz Guzmán","Santiago (Los Jardines)","Clases Guiadas","Básica",730.00,1246.00,9,Activo,15,8
TRX-RD-8051,2025-09-16,031-5697088-5,"Altagracia Paulino Castillo","Santo Domingo (Piantini)","Clases Guiadas","VIP",1113.00,2503.00,11,Activo,7,6
TRX-RD-8075,2025-09-16,001-7971463-9,"Luisa Peña Díaz","Punta Cana (Bávaro)","Personal Trainer","VIP",1227.00,2491.00,11,Activo,8,8
TRX-RD-8102,2025-09-16,001-3849562-7,"Joan Guzmán Santana","Santo Domingo (Piantini)","Membresías","VIP",4890.00,2406.00,12,Activo,15,9
TRX-RD-8109,2025-09-16,001-7943153-1,"Laura Martínez Reyes","Santo Domingo (Piantini)","Membresías","Básica",1690.00,1213.00,15,Activo,12,7
TRX-RD-8135,2025-09-16,002-2421057-5,"Yamilka Pérez Vásquez","Santiago (Los Jardines)","Membresías","Básica",1690.00,1190.00,11,Activo,7,7
TRX-RD-8152,2025-09-16,097-7940625-6,"Carlos Reyes Rosario","Santo Domingo (Piantini)","Membresías","VIP",4890.00,2633.00,9,Activo,11,7
TRX-RD-8185,2025-09-16,402-4204423-4,"Ramón Guzmán Paulino","Santiago (Los Jardines)","Personal Trainer","Básica",1442.00,1178.00,9,Activo,10,7
TRX-RD-8201,2025-09-16,011-7595168-8,"Juan Morales Reyes","Punta Cana (Bávaro)","Personal Trainer","Básica",1834.00,1108.00,7,Activo,6,8
TRX-RD-8240,2025-09-16,001-6928831-3,"Laura Guzmán Santana","Santo Domingo (Piantini)","Personal Trainer","Premium",1267.00,1783.00,8,Activo,9,8
TRX-RD-8253,2025-09-16,037-1474012-7,"Pedro Gómez Jiménez","Puerto Plata Club","Membresías","Básica",1690.00,1647.00,7,Activo,5,7
TRX-RD-8336,2025-09-16,031-8639038-5,"Manuel Cruz Santana","Santiago (Los Jardines)","Membresías","Premium",2690.00,1556.00,10,Activo,7,9
TRX-RD-8399,2025-09-16,031-4566564-6,"Carolina Vásquez Jiménez","Santiago (Los Jardines)","Membresías","Básica",1690.00,1233.00,7,Cancelado,15,7
TRX-RD-8418,2025-09-16,037-4771277-0,"Johanny Santana Santana","Santiago (Los Jardines)","Tienda Deportiva","Básica",1406.00,1270.00,8,Activo,5,7
TRX-RD-8538,2025-09-16,002-3241056-3,"Carolina Sánchez Paulino","Santo Domingo (Piantini)","Tienda Deportiva","Básica",1370.00,1438.00,4,Activo,11,7
TRX-RD-8543,2025-09-16,011-3392304-3,"Pedro Gómez Díaz","Santiago (Los Jardines)","Membresías","Básica",1690.00,1229.00,16,Activo,10,9
TRX-RD-8570,2025-09-16,002-0860564-2,"Kelvin Santana Gómez","Punta Cana (Bávaro)","Personal Trainer","Premium",1662.00,1422.00,8,Activo,12,8
TRX-RD-8022,2025-09-17,402-0968845-2,"María Santana Sánchez","Santiago (Los Jardines)","Membresías","Básica",1690.00,998.00,8,Activo,9,7
TRX-RD-8057,2025-09-17,001-9801258-5,"Johanny Pérez Marte","Santiago (Los Jardines)","Membresías","Básica",1690.00,1140.00,4,Activo,10,10
TRX-RD-8067,2025-09-17,002-0153299-1,"Alejandro Sánchez Marte","Punta Cana (Bávaro)","Clases Guiadas","Básica",999.00,1148.00,7,Activo,15,8
TRX-RD-8091,2025-09-17,001-0472829-0,"Luisa Santana Díaz","Santo Domingo (Piantini)","Membresías","Premium",2690.00,1560.00,9,Activo,14,8
TRX-RD-8120,2025-09-17,402-3519826-0,"José Peña Marte","Punta Cana (Bávaro)","Membresías","Básica",1690.00,1467.00,11,Activo,11,9
TRX-RD-8170,2025-09-17,002-3932879-2,"Juan Peña Ventura","Santo Domingo Este (Zona Oriental)","Clases Guiadas","Básica",971.00,1100.00,8,Activo,11,9
TRX-RD-8190,2025-09-17,031-8796310-7,"Ana Marte Sánchez","Santo Domingo Este (Zona Oriental)","Membresías","Básica",1690.00,1181.00,13,Activo,14,7
TRX-RD-8207,2025-09-17,031-5240580-3,"Rafael Rosario Rosario","Santiago (Los Jardines)","Membresías","Premium",2690.00,1595.00,8,Activo,11,8
TRX-RD-8209,2025-09-17,402-7419040-0,"Manuel Morales Martínez","Santiago (Los Jardines)","Personal Trainer","VIP",1317.00,2232.00,14,Activo,16,8
TRX-RD-8222,2025-09-17,002-6804390-8,"Alejandro Morales Ventura","Santiago (Los Jardines)","Membresías","Básica",1690.00,1291.00,11,Activo,9,10
TRX-RD-8223,2025-09-17,031-8253717-9,"Juan Castillo Pérez","Santo Domingo (Piantini)","Membresías","Básica",1690.00,1057.00,14,Activo,11,9
TRX-RD-8229,2025-09-17,001-2305238-3,"Johanny Jiménez Marte","Santo Domingo (Piantini)","Membresías","VIP",4890.00,2486.00,10,Activo,11,8
TRX-RD-8234,2025-09-17,031-1581612-0,"Ana Cruz Sánchez","Puerto Plata Club","Membresías","Básica",1690.00,1359.00,7,Cancelado,11,9
TRX-RD-8258,2025-09-17,001-2868275-4,"Ramón Peña García","Santo Domingo (Piantini)","Membresías","VIP",4890.00,2577.00,11,Activo,15,7
TRX-RD-8288,2025-09-17,011-9218691-2,"Ramón Santana Gómez","Santiago (Los Jardines)","Membresías","Premium",2690.00,1586.00,11,Activo,16,7
TRX-RD-8291,2025-09-17,002-0728408-4,"Juan Vásquez Castillo","Santo Domingo Este (Zona Oriental)","Membresías","Básica",1690.00,1460.00,12,Activo,9,7
TRX-RD-8296,2025-09-17,001-1398005-6,"José Morales Paulino","Punta Cana (Bávaro)","Clases Guiadas","Premium",768.00,1722.00,9,Activo,12,7
TRX-RD-8322,2025-09-17,031-8359069-8,"Alejandro Cruz Gómez","Santiago (Los Jardines)","Membresías","Básica",1690.00,1312.00,9,Activo,12,8
TRX-RD-8329,2025-09-17,031-7085259-8,"Carmen Díaz Rosario","Santiago (Los Jardines)","Tienda Deportiva","Premium",2376.00,1695.00,11,Activo,12,8
TRX-RD-8350,2025-09-17,097-4631063-1,"Pedro Peña Vásquez","Santo Domingo (Piantini)","Membresías","Básica",1690.00,1244.00,9,Activo,9,7
TRX-RD-8362,2025-09-17,002-3335454-7,"Manuel Rodríguez Reyes","Santo Domingo Este (Zona Oriental)","Membresías","Básica",1690.00,1007.00,10,Activo,11,7
TRX-RD-8406,2025-09-17,402-5462716-5,"Genesis García García","Punta Cana (Bávaro)","Tienda Deportiva","Premium",1708.00,1764.00,13,Activo,14,8
TRX-RD-8438,2025-09-17,011-3380860-8,"José Díaz Vásquez","Santo Domingo (Piantini)","Tienda Deportiva","Básica",2140.00,1353.00,5,Activo,8,6
TRX-RD-8461,2025-09-17,031-3458161-4,"Juan García Martínez","Santiago (Los Jardines)","Membresías","Básica",1690.00,1407.00,7,Activo,11,9
TRX-RD-8480,2025-09-17,037-1003202-4,"Gabriel Díaz Martínez","Santo Domingo Este (Zona Oriental)","Membresías","Básica",1690.00,1256.00,8,Activo,15,9
TRX-RD-8496,2025-09-17,031-5780704-5,"Joan Guzmán Rodríguez","Punta Cana (Bávaro)","Tienda Deportiva","VIP",1790.00,2509.00,13,Activo,8,6
TRX-RD-8502,2025-09-17,002-2682440-7,"María Marte Guzmán","Santo Domingo Este (Zona Oriental)","Membresías","Básica",1690.00,1248.00,13,Activo,14,8
TRX-RD-8515,2025-09-17,001-1182612-9,"Rafael Rodríguez Guzmán","Santiago (Los Jardines)","Membresías","Básica",1690.00,1193.00,11,Activo,9,10
TRX-RD-8525,2025-09-17,001-9581794-5,"Carlos Sánchez Martínez","Puerto Plata Club","Membresías","VIP",4890.00,2196.00,12,Activo,9,7
TRX-RD-8537,2025-09-17,002-3241056-3,"Carolina Sánchez Paulino","Santo Domingo (Piantini)","Membresías","Básica",1690.00,1438.00,4,Activo,11,7
TRX-RD-7913,2025-09-18,402-6032335-3,"Rosa Pérez Martínez","Santo Domingo (Piantini)","Membresías","VIP",4890.00,2308.00,11,Activo,11,7
TRX-RD-7933,2025-09-18,037-7793362-7,"Pedro Díaz Cruz","Santiago (Los Jardines)","Tienda Deportiva","Básica",1770.00,1318.00,11,Activo,5,6
TRX-RD-7948,2025-09-18,402-1899446-1,"Yamilka Castillo Pérez","Punta Cana (Bávaro)","Membresías","Básica",1690.00,1110.00,7,Cancelado,10,9
TRX-RD-7993,2025-09-18,031-9385468-8,"Manuel Marte Vásquez","Santo Domingo Este (Zona Oriental)","Membresías","Básica",1690.00,1318.00,8,Activo,13,8
TRX-RD-8055,2025-09-18,037-4087860-2,"José Vásquez Gómez","Puerto Plata Club","Membresías","Premium",2690.00,1700.00,12,Activo,10,7
TRX-RD-8076,2025-09-18,011-2335632-9,"Luisa Rosario Jiménez","Santiago (Los Jardines)","Membresías","Básica",1690.00,1055.00,13,Activo,17,10
TRX-RD-8128,2025-09-18,011-7856238-3,"Gabriel Marte Sánchez","Santo Domingo (Piantini)","Membresías","Básica",1690.00,1325.00,8,Cancelado,13,9
TRX-RD-8140,2025-09-18,037-8163497-1,"Carolina Marte Reyes","Santo Domingo (Piantini)","Membresías","VIP",4890.00,2270.00,10,Activo,10,8
TRX-RD-8219,2025-09-18,037-7869598-5,"Kelvin Ventura García","Punta Cana (Bávaro)","Tienda Deportiva","Premium",1183.00,1596.00,13,Activo,11,8
TRX-RD-8247,2025-09-18,011-6197242-5,"Ramón Pérez Rosario","Santo Domingo (Piantini)","Membresías","Básica",1690.00,1064.00,9,Activo,17,7
TRX-RD-8343,2025-09-18,002-6627199-8,"Gabriel Ventura Ventura","Santo Domingo (Piantini)","Membresías","Básica",1690.00,1220.00,17,Activo,13,7
TRX-RD-8414,2025-09-18,037-6256257-1,"Ramón Díaz Jiménez","Santo Domingo Este (Zona Oriental)","Membresías","Básica",1690.00,1342.00,8,Activo,14,7
TRX-RD-8440,2025-09-18,031-4380637-4,"Patricia Gómez Díaz","Puerto Plata Club","Membresías","Premium",2690.00,1726.00,10,Activo,12,9
TRX-RD-8465,2025-09-18,097-8097227-0,"Miguel Ventura Martínez","Santiago (Los Jardines)","Membresías","VIP",4890.00,2387.00,10,Activo,11,10
TRX-RD-8467,2025-09-18,031-2023540-7,"Nicole Peña Pérez","Santo Domingo (Piantini)","Personal Trainer","VIP",1537.00,2393.00,8,Activo,10,9
TRX-RD-8514,2025-09-18,002-5568091-0,"Gabriel Guzmán Martínez","Santo Domingo (Piantini)","Membresías","Básica",1690.00,948.00,11,Activo,11,9
TRX-RD-8571,2025-09-18,002-0860564-2,"Kelvin Santana Gómez","Punta Cana (Bávaro)","Tienda Deportiva","Premium",1786.00,1422.00,8,Activo,12,8
TRX-RD-7929,2025-09-19,001-4336709-2,"Ana Paulino Jiménez","Santo Domingo Este (Zona Oriental)","Membresías","Básica",1690.00,1162.00,10,Activo,15,8
TRX-RD-7975,2025-09-19,011-4786136-1,"Altagracia Marte Jiménez","Santo Domingo Este (Zona Oriental)","Membresías","Básica",1690.00,1326.00,10,Activo,13,8
TRX-RD-7976,2025-09-19,011-4786136-1,"Altagracia Marte Jiménez","Santo Domingo Este (Zona Oriental)","Clases Guiadas","Básica",960.00,1326.00,10,Activo,13,8
TRX-RD-7978,2025-09-19,402-9497962-6,"Juan Sánchez Ventura","Santo Domingo Este (Zona Oriental)","Membresías","Premium",2690.00,1775.00,11,Activo,11,8
TRX-RD-7992,2025-09-19,402-9604871-9,"Rafael Guzmán Pérez","Punta Cana (Bávaro)","Membresías","Premium",2690.00,1714.00,9,Activo,10,7
TRX-RD-8038,2025-09-19,402-7470758-3,"Johanny Pérez Reyes","Santo Domingo (Piantini)","Personal Trainer","VIP",1218.00,2407.00,9,Activo,13,7
TRX-RD-8046,2025-09-19,097-4067578-1,"Stephanie Ventura Pérez","Santo Domingo (Piantini)","Membresías","Premium",2690.00,1813.00,11,Activo,12,9
TRX-RD-8063,2025-09-19,031-7249144-5,"Kelvin Marte Vásquez","Puerto Plata Club","Clases Guiadas","Básica",952.00,1096.00,9,Activo,7,9
TRX-RD-8132,2025-09-19,031-3115349-0,"Gabriel Gómez Guzmán","Punta Cana (Bávaro)","Membresías","Premium",2690.00,1509.00,6,Cancelado,10,7
TRX-RD-8196,2025-09-19,031-7501314-7,"Gabriel Ventura Vásquez","Santo Domingo (Piantini)","Membresías","VIP",4890.00,2312.00,8,Activo,9,8
TRX-RD-8200,2025-09-19,011-7595168-8,"Juan Morales Reyes","Punta Cana (Bávaro)","Membresías","Básica",1690.00,1108.00,7,Activo,6,8
TRX-RD-8203,2025-09-19,037-6310867-1,"Carlos Gómez Gómez","Santo Domingo Este (Zona Oriental)","Membresías","Básica",1690.00,1314.00,8,Activo,10,8
TRX-RD-8249,2025-09-19,011-6197242-5,"Ramón Pérez Rosario","Santo Domingo (Piantini)","Tienda Deportiva","Básica",1824.00,1064.00,9,Activo,17,7
TRX-RD-8280,2025-09-19,002-8632191-4,"Yamilka Jiménez Jiménez","Santiago (Los Jardines)","Membresías","Básica",1690.00,1169.00,14,Activo,15,8
TRX-RD-8298,2025-09-19,031-0115665-5,"Altagracia Vásquez Castillo","Santiago (Los Jardines)","Membresías","Básica",1690.00,1249.00,8,Activo,11,8
TRX-RD-8353,2025-09-19,037-7827589-5,"Rafael Pérez Rosario","Santo Domingo (Piantini)","Membresías","Premium",2690.00,1487.00,9,Activo,11,8
TRX-RD-8380,2025-09-19,402-1090617-4,"Ramón Peña Rodríguez","Puerto Plata Club","Personal Trainer","VIP",1262.00,2434.00,8,Activo,7,8
TRX-RD-8469,2025-09-19,002-6362877-8,"Gabriel Jiménez Rosario","Puerto Plata Club","Clases Guiadas","Premium",1116.00,1692.00,7,Activo,12,9
TRX-RD-8474,2025-09-19,001-4573372-1,"Carolina Ventura Pérez","Santo Domingo Este (Zona Oriental)","Clases Guiadas","Básica",791.00,1256.00,5,Activo,12,8
TRX-RD-8485,2025-09-19,097-3320064-7,"Gabriel Vásquez Reyes","Puerto Plata Club","Membresías","Básica",1690.00,1362.00,7,Activo,16,8
TRX-RD-8512,2025-09-19,002-8358439-9,"Alejandro Rosario Pérez","Santo Domingo (Piantini)","Personal Trainer","VIP",1193.00,2657.00,15,Activo,9,9
TRX-RD-8557,2025-09-19,097-4974915-7,"Laura Santana Vásquez","Punta Cana (Bávaro)","Clases Guiadas","Básica",765.00,1537.00,11,Activo,14,7
TRX-RD-8560,2025-09-19,011-4966584-4,"Emmanuel Vásquez Sánchez","Santo Domingo Este (Zona Oriental)","Membresías","Premium",2690.00,1777.00,13,Activo,14,9
TRX-RD-8572,2025-09-19,031-0084252-9,"Yamilka Morales Cruz","Santo Domingo Este (Zona Oriental)","Membresías","Básica",1690.00,1317.00,6,Activo,10,6
TRX-RD-7916,2025-09-20,037-0076365-3,"Ana Jiménez Peña","Santo Domingo Este (Zona Oriental)","Tienda Deportiva","Básica",1959.00,1070.00,15,Activo,13,6
TRX-RD-7920,2025-09-20,031-4201189-3,"Alejandro Díaz Castillo","Santo Domingo (Piantini)","Membresías","Básica",1690.00,949.00,11,Activo,9,8
TRX-RD-8018,2025-09-20,011-3620797-2,"Francisco Marte Morales","Santo Domingo (Piantini)","Membresías","VIP",4890.00,2664.00,11,Activo,10,9
TRX-RD-8056,2025-09-20,037-4087860-2,"José Vásquez Gómez","Puerto Plata Club","Personal Trainer","Premium",1604.00,1700.00,12,Activo,10,7
TRX-RD-8095,2025-09-20,002-3031991-5,"Emmanuel Reyes Morales","Santo Domingo (Piantini)","Personal Trainer","Premium",1223.00,1671.00,7,Activo,8,7
TRX-RD-8146,2025-09-20,031-5503655-5,"Laura Reyes Reyes","Santo Domingo (Piantini)","Personal Trainer","Básica",1556.00,1104.00,13,Activo,10,8
TRX-RD-8154,2025-09-20,402-8831087-9,"Manuel Ventura Rosario","Santiago (Los Jardines)","Membresías","Básica",1690.00,1141.00,12,Activo,9,6
TRX-RD-8158,2025-09-20,037-0591246-1,"Luis Rodríguez Rosario","Santo Domingo Este (Zona Oriental)","Membresías","Básica",1690.00,1416.00,10,Activo,8,7
TRX-RD-8198,2025-09-20,002-0478549-7,"Luis Guzmán Díaz","Santo Domingo Este (Zona Oriental)","Personal Trainer","VIP",1549.00,2524.00,10,Activo,10,9
TRX-RD-8217,2025-09-20,011-9238115-8,"Pedro Rosario Sánchez","Santiago (Los Jardines)","Membresías","Básica",1690.00,1324.00,13,Activo,10,7
TRX-RD-8232,2025-09-20,402-0475896-1,"Carolina Reyes Rosario","Santo Domingo (Piantini)","Membresías","Premium",2690.00,1762.00,12,Activo,13,9
TRX-RD-8262,2025-09-20,011-0803242-4,"Laura Gómez Ventura","Santiago (Los Jardines)","Membresías","VIP",4890.00,2719.00,12,Activo,10,7
TRX-RD-8263,2025-09-20,011-0803242-4,"Laura Gómez Ventura","Santiago (Los Jardines)","Tienda Deportiva","VIP",1587.00,2719.00,12,Activo,10,7
TRX-RD-8268,2025-09-20,037-6459188-3,"Joan Reyes Morales","Punta Cana (Bávaro)","Membresías","Premium",2690.00,1588.00,9,Activo,13,10
TRX-RD-8295,2025-09-20,001-1398005-6,"José Morales Paulino","Punta Cana (Bávaro)","Membresías","Premium",2690.00,1722.00,9,Activo,12,7
TRX-RD-8338,2025-09-20,031-0979907-6,"Yamilka Peña Sánchez","Puerto Plata Club","Membresías","VIP",4890.00,2596.00,8,Activo,9,8
TRX-RD-8363,2025-09-20,002-3335454-7,"Manuel Rodríguez Reyes","Santo Domingo Este (Zona Oriental)","Tienda Deportiva","Básica",1368.00,1007.00,10,Activo,11,7
TRX-RD-8379,2025-09-20,402-1090617-4,"Ramón Peña Rodríguez","Puerto Plata Club","Membresías","VIP",4890.00,2434.00,8,Activo,7,8
TRX-RD-8505,2025-09-20,402-0142321-3,"Stephanie Morales Marte","Punta Cana (Bávaro)","Tienda Deportiva","VIP",2271.00,2376.00,10,Activo,8,7
TRX-RD-8511,2025-09-20,002-8358439-9,"Alejandro Rosario Pérez","Santo Domingo (Piantini)","Membresías","VIP",4890.00,2657.00,15,Activo,9,9
TRX-RD-7927,2025-09-21,002-1793907-3,"Genesis Jiménez Morales","Puerto Plata Club","Membresías","VIP",4890.00,2188.00,8,Cancelado,9,7
TRX-RD-7951,2025-09-21,037-1324151-5,"Carlos Reyes Martínez","Puerto Plata Club","Membresías","Premium",2690.00,1887.00,14,Activo,5,8
TRX-RD-7959,2025-09-21,097-7920909-8,"Ana García Santana","Santo Domingo Este (Zona Oriental)","Clases Guiadas","Básica",852.00,1411.00,10,Activo,13,8
TRX-RD-7969,2025-09-21,011-7722143-7,"Nicole Cruz Pérez","Punta Cana (Bávaro)","Membresías","Básica",1690.00,1290.00,13,Activo,16,8
TRX-RD-7986,2025-09-21,037-2758457-9,"José Cruz Vásquez","Santo Domingo Este (Zona Oriental)","Membresías","Premium",2690.00,1678.00,12,Activo,10,10
TRX-RD-7995,2025-09-21,011-8606403-4,"Rafael Paulino Gómez","Punta Cana (Bávaro)","Clases Guiadas","Básica",856.00,1076.00,14,Activo,14,7
TRX-RD-8010,2025-09-21,402-4689026-9,"Gabriel Santana García","Santiago (Los Jardines)","Personal Trainer","Premium",1738.00,1701.00,9,Activo,9,9
TRX-RD-8026,2025-09-21,011-0658246-1,"Manuel Jiménez Rosario","Puerto Plata Club","Tienda Deportiva","Premium",763.00,1298.00,12,Activo,13,7
TRX-RD-8042,2025-09-21,402-3864375-9,"Kelvin Ventura Pérez","Santo Domingo (Piantini)","Tienda Deportiva","VIP",1519.00,2450.00,9,Activo,10,7
TRX-RD-8052,2025-09-21,097-4883894-4,"Stephanie Vásquez Guzmán","Santiago (Los Jardines)","Membresías","Básica",1690.00,1041.00,8,Activo,9,7
TRX-RD-8092,2025-09-21,031-0526398-6,"Miguel Gómez Vásquez","Santo Domingo (Piantini)","Membresías","Básica",1690.00,1281.00,11,Activo,11,7
TRX-RD-8157,2025-09-21,037-7391172-6,"Yudelka Paulino Castillo","Santo Domingo (Piantini)","Tienda Deportiva","Premium",1911.00,1548.00,8,Activo,15,7
TRX-RD-8228,2025-09-21,002-0919408-3,"Laura Cruz Gómez","Santiago (Los Jardines)","Tienda Deportiva","Básica",1603.00,1307.00,13,Activo,12,8
TRX-RD-8241,2025-09-21,097-3288495-3,"Luis Sánchez Peña","Santiago (Los Jardines)","Membresías","VIP",4890.00,2380.00,11,Activo,12,8
TRX-RD-8265,2025-09-21,011-2788001-9,"Ramón Ventura Reyes","Santo Domingo (Piantini)","Personal Trainer","VIP",1597.00,2662.00,13,Activo,9,7
TRX-RD-8283,2025-09-21,002-2223394-2,"Johanny Martínez Reyes","Santo Domingo (Piantini)","Membresías","Premium",2690.00,1445.00,7,Cancelado,12,8
TRX-RD-8287,2025-09-21,097-9613201-8,"Johanny Marte Castillo","Santo Domingo Este (Zona Oriental)","Membresías","Básica",1690.00,954.00,14,Activo,15,8
TRX-RD-8311,2025-09-21,031-3994908-9,"Genesis Martínez Pérez","Santo Domingo (Piantini)","Personal Trainer","VIP",1253.00,2456.00,12,Activo,11,9
TRX-RD-8313,2025-09-21,097-7852937-1,"Rafael Rosario Guzmán","Punta Cana (Bávaro)","Membresías","Básica",1690.00,1344.00,8,Activo,12,8
TRX-RD-8323,2025-09-21,031-8359069-8,"Alejandro Cruz Gómez","Santiago (Los Jardines)","Clases Guiadas","Básica",965.00,1312.00,9,Activo,12,8
TRX-RD-8397,2025-09-21,037-0534406-1,"Yudelka Guzmán Martínez","Punta Cana (Bávaro)","Clases Guiadas","Premium",1153.00,1985.00,9,Activo,11,8
TRX-RD-8426,2025-09-21,402-0044725-4,"Nicole Rosario Castillo","Santo Domingo (Piantini)","Clases Guiadas","VIP",1029.00,2318.00,9,Activo,10,9
TRX-RD-8463,2025-09-21,402-3799506-9,"Miguel Castillo Cruz","Santo Domingo Este (Zona Oriental)","Personal Trainer","Básica",1491.00,1112.00,15,Activo,11,9
TRX-RD-8475,2025-09-21,001-1139539-8,"Emmanuel Ventura Pérez","Puerto Plata Club","Membresías","Básica",1690.00,1259.00,10,Activo,15,10
TRX-RD-8565,2025-09-21,011-6281236-4,"Gabriel Sánchez Pérez","Santiago (Los Jardines)","Membresías","Premium",2690.00,1729.00,8,Activo,13,8
TRX-RD-7967,2025-09-22,037-4397113-1,"Pedro Marte García","Santo Domingo (Piantini)","Membresías","VIP",4890.00,2512.00,13,Activo,13,7
TRX-RD-7973,2025-09-22,037-5764630-6,"Yamilka Sánchez Sánchez","Santiago (Los Jardines)","Membresías","VIP",4890.00,2364.00,17,Activo,11,8
TRX-RD-7979,2025-09-22,011-9793610-5,"Luisa García Morales","Santo Domingo (Piantini)","Membresías","VIP",4890.00,2433.00,12,Activo,9,8
TRX-RD-8001,2025-09-22,001-6658590-1,"Manuel Ventura Pérez","Punta Cana (Bávaro)","Membresías","VIP",4890.00,2573.00,10,Activo,9,10
TRX-RD-8006,2025-09-22,097-1176412-7,"Gabriel Jiménez Sánchez","Santo Domingo (Piantini)","Personal Trainer","Premium",1447.00,1963.00,8,Cancelado,12,10
TRX-RD-8064,2025-09-22,402-4830579-5,"Laura Marte Guzmán","Santiago (Los Jardines)","Membresías","Básica",1690.00,999.00,12,Activo,5,8
TRX-RD-8098,2025-09-22,097-7300350-5,"Laura Sánchez Martínez","Santiago (Los Jardines)","Membresías","Premium",2690.00,1594.00,10,Activo,10,9
TRX-RD-8129,2025-09-22,011-7856238-3,"Gabriel Marte Sánchez","Santo Domingo (Piantini)","Personal Trainer","Básica",1652.00,1325.00,8,Cancelado,13,9
TRX-RD-8181,2025-09-22,001-5280253-4,"Carlos Rodríguez Cruz","Santiago (Los Jardines)","Membresías","Básica",1690.00,1160.00,7,Activo,8,7
TRX-RD-8214,2025-09-22,402-4161120-7,"Carlos Vásquez Peña","Santo Domingo (Piantini)","Personal Trainer","Premium",1376.00,1665.00,10,Activo,7,7
TRX-RD-8216,2025-09-22,037-8021183-9,"Miguel Pérez Rodríguez","Santiago (Los Jardines)","Membresías","Premium",2690.00,1509.00,8,Activo,12,9
TRX-RD-8233,2025-09-22,011-9824525-8,"José Sánchez Marte","Santo Domingo (Piantini)","Membresías","Premium",2690.00,1765.00,11,Activo,6,6
TRX-RD-8242,2025-09-22,097-3288495-3,"Luis Sánchez Peña","Santiago (Los Jardines)","Clases Guiadas","VIP",970.00,2380.00,11,Activo,12,8
TRX-RD-8327,2025-09-22,097-9542972-0,"Ramón Reyes Díaz","Santiago (Los Jardines)","Tienda Deportiva","Básica",1856.00,1245.00,14,Activo,7,8
TRX-RD-8346,2025-09-22,002-2227557-0,"Kelvin Díaz García","Santo Domingo (Piantini)","Personal Trainer","VIP",1744.00,2334.00,17,Activo,12,8
TRX-RD-8351,2025-09-22,097-4631063-1,"Pedro Peña Vásquez","Santo Domingo (Piantini)","Clases Guiadas","Básica",1093.00,1244.00,9,Activo,9,7
TRX-RD-8391,2025-09-22,097-7697463-7,"Altagracia Díaz Rodríguez","Santiago (Los Jardines)","Personal Trainer","Básica",1301.00,1064.00,11,Activo,5,9
TRX-RD-8396,2025-09-22,037-0534406-1,"Yudelka Guzmán Martínez","Punta Cana (Bávaro)","Membresías","Premium",2690.00,1985.00,9,Activo,11,8
TRX-RD-8408,2025-09-22,011-0238353-4,"José Jiménez Guzmán","Santo Domingo Este (Zona Oriental)","Membresías","Básica",1690.00,998.00,7,Activo,14,8
TRX-RD-8458,2025-09-22,097-2914681-2,"Ana Rosario Peña","Punta Cana (Bávaro)","Membresías","Premium",2690.00,1545.00,14,Activo,11,7
TRX-RD-8462,2025-09-22,402-3799506-9,"Miguel Castillo Cruz","Santo Domingo Este (Zona Oriental)","Membresías","Básica",1690.00,1112.00,15,Activo,11,9
TRX-RD-8464,2025-09-22,402-3799506-9,"Miguel Castillo Cruz","Santo Domingo Este (Zona Oriental)","Tienda Deportiva","Básica",1438.00,1112.00,15,Activo,11,9
TRX-RD-8547,2025-09-22,031-1342744-1,"Patricia Pérez Díaz","Puerto Plata Club","Membresías","Básica",1690.00,1141.00,11,Activo,12,8
TRX-RD-8568,2025-09-22,011-5398339-8,"Rafael Paulino Jiménez","Santo Domingo Este (Zona Oriental)","Clases Guiadas","Básica",1158.00,1136.00,10,Activo,15,8
TRX-RD-7934,2025-09-23,402-5436022-1,"Stephanie Marte Paulino","Santiago (Los Jardines)","Membresías","Básica",1690.00,1136.00,14,Activo,11,8
TRX-RD-7990,2025-09-23,002-2145915-9,"Juan Marte Paulino","Santo Domingo (Piantini)","Membresías","Premium",2690.00,1683.00,11,Activo,6,7
TRX-RD-8009,2025-09-23,402-4689026-9,"Gabriel Santana García","Santiago (Los Jardines)","Membresías","Premium",2690.00,1701.00,9,Activo,9,9
TRX-RD-8071,2025-09-23,402-8428539-8,"Francisco Rodríguez Cruz","Santo Domingo Este (Zona Oriental)","Membresías","Básica",1690.00,1144.00,9,Activo,12,7
TRX-RD-8073,2025-09-23,011-7655157-8,"Emmanuel Pérez Díaz","Santo Domingo (Piantini)","Tienda Deportiva","Premium",1681.00,1568.00,11,Activo,14,9
TRX-RD-8088,2025-09-23,001-9152930-4,"María Díaz Morales","Santo Domingo (Piantini)","Membresías","Premium",2690.00,1749.00,14,Activo,7,8
TRX-RD-8097,2025-09-23,037-5690806-1,"Miguel Cruz Pérez","Santo Domingo (Piantini)","Tienda Deportiva","VIP",1790.00,2289.00,10,Activo,9,8
TRX-RD-8112,2025-09-23,011-1679631-7,"Laura Gómez Paulino","Santiago (Los Jardines)","Membresías","Premium",2690.00,1581.00,11,Activo,12,8
TRX-RD-8117,2025-09-23,001-0742516-7,"Luis Ventura Reyes","Santo Domingo Este (Zona Oriental)","Personal Trainer","Básica",1433.00,1136.00,15,Activo,14,10
TRX-RD-8160,2025-09-23,097-8090752-4,"Juan Martínez Castillo","Santo Domingo (Piantini)","Membresías","Premium",2690.00,1545.00,7,Activo,13,8
TRX-RD-8182,2025-09-23,001-5280253-4,"Carlos Rodríguez Cruz","Santiago (Los Jardines)","Personal Trainer","Básica",1891.00,1160.00,7,Activo,8,7
TRX-RD-8186,2025-09-23,097-6771051-1,"Nicole Cruz Morales","Santo Domingo (Piantini)","Membresías","Premium",2690.00,1626.00,11,Activo,9,9
TRX-RD-8227,2025-09-23,002-0919408-3,"Laura Cruz Gómez","Santiago (Los Jardines)","Membresías","Básica",1690.00,1307.00,13,Activo,12,8
TRX-RD-8250,2025-09-23,402-2867257-8,"Pedro Castillo Rodríguez","Santo Domingo (Piantini)","Membresías","VIP",4890.00,2687.00,11,Activo,12,10
TRX-RD-8254,2025-09-23,037-1474012-7,"Pedro Gómez Jiménez","Puerto Plata Club","Personal Trainer","Básica",1533.00,1647.00,7,Activo,5,7
TRX-RD-8267,2025-09-23,002-2795339-5,"Ramón Martínez Vásquez","Santo Domingo (Piantini)","Membresías","Básica",1690.00,1134.00,12,Activo,14,9
TRX-RD-8297,2025-09-23,001-1398005-6,"José Morales Paulino","Punta Cana (Bávaro)","Tienda Deportiva","Premium",1949.00,1722.00,9,Activo,12,7
TRX-RD-8310,2025-09-23,031-3994908-9,"Genesis Martínez Pérez","Santo Domingo (Piantini)","Membresías","VIP",4890.00,2456.00,12,Activo,11,9
TRX-RD-8324,2025-09-23,097-2566732-4,"Johanny Castillo Reyes","Santo Domingo Este (Zona Oriental)","Membresías","Básica",1690.00,1137.00,7,Activo,17,8
TRX-RD-8460,2025-09-23,037-8345657-1,"Altagracia Guzmán Rodríguez","Santo Domingo (Piantini)","Membresías","VIP",4890.00,2412.00,9,Activo,11,9
TRX-RD-8468,2025-09-23,002-6362877-8,"Gabriel Jiménez Rosario","Puerto Plata Club","Membresías","Premium",2690.00,1692.00,7,Activo,12,9
TRX-RD-8471,2025-09-23,031-0544898-3,"Miguel Martínez Jiménez","Santo Domingo Este (Zona Oriental)","Personal Trainer","Premium",1703.00,1940.00,7,Activo,13,8
TRX-RD-8493,2025-09-23,037-6341494-7,"Juan Guzmán García","Santiago (Los Jardines)","Personal Trainer","Básica",1270.00,1478.00,8,Activo,15,6
TRX-RD-8507,2025-09-23,001-5706299-3,"Carmen Rosario Pérez","Santo Domingo Este (Zona Oriental)","Membresías","Básica",1690.00,1294.00,7,Activo,5,9
TRX-RD-8519,2025-09-23,402-6446294-2,"Carolina Morales Guzmán","Punta Cana (Bávaro)","Membresías","Básica",1690.00,1314.00,9,Activo,15,7
TRX-RD-8526,2025-09-23,031-3353004-2,"Emmanuel Reyes Marte","Santiago (Los Jardines)","Membresías","Básica",1690.00,1007.00,7,Activo,12,7
TRX-RD-8548,2025-09-23,011-2784457-7,"Kelvin Jiménez Gómez","Santiago (Los Jardines)","Membresías","Básica",1690.00,1191.00,17,Activo,9,8
TRX-RD-7937,2025-09-24,402-6826092-0,"Juan Rodríguez Reyes","Santo Domingo Este (Zona Oriental)","Membresías","Básica",1690.00,1398.00,7,Activo,11,7
TRX-RD-7938,2025-09-24,402-6826092-0,"Juan Rodríguez Reyes","Santo Domingo Este (Zona Oriental)","Personal Trainer","Básica",1199.00,1398.00,7,Activo,11,7
TRX-RD-7955,2025-09-24,002-9985685-6,"Ana Reyes Santana","Santiago (Los Jardines)","Personal Trainer","Básica",974.00,1420.00,10,Activo,12,7
TRX-RD-7971,2025-09-24,097-6356440-9,"Carlos Rodríguez Castillo","Punta Cana (Bávaro)","Personal Trainer","Premium",1613.00,1472.00,13,Activo,14,7
TRX-RD-8011,2025-09-24,402-4689026-9,"Gabriel Santana García","Santiago (Los Jardines)","Clases Guiadas","Premium",1100.00,1701.00,9,Activo,9,9
TRX-RD-8017,2025-09-24,011-5108527-9,"Yudelka Morales Castillo","Santiago (Los Jardines)","Tienda Deportiva","Premium",1902.00,1676.00,10,Activo,19,9
TRX-RD-8037,2025-09-24,402-7470758-3,"Johanny Pérez Reyes","Santo Domingo (Piantini)","Membresías","VIP",4890.00,2407.00,9,Activo,13,7
TRX-RD-8054,2025-09-24,402-9335168-6,"Francisco Paulino Guzmán","Puerto Plata Club","Membresías","Básica",1690.00,1199.00,7,Activo,10,7
TRX-RD-8083,2025-09-24,011-6392860-7,"Ana Guzmán Sánchez","Santo Domingo (Piantini)","Membresías","Premium",2690.00,1611.00,15,Activo,10,8
TRX-RD-8131,2025-09-24,001-5524767-9,"Ramón Jiménez Vásquez","Santo Domingo Este (Zona Oriental)","Personal Trainer","Básica",1764.00,1201.00,7,Activo,16,8
TRX-RD-8175,2025-09-24,097-1835171-2,"Rafael Rodríguez Jiménez","Santo Domingo Este (Zona Oriental)","Membresías","Básica",1690.00,1218.00,7,Activo,13,6
TRX-RD-8193,2025-09-24,402-1618967-6,"Carlos Paulino Guzmán","Punta Cana (Bávaro)","Tienda Deportiva","Básica",1198.00,1128.00,10,Activo,14,8
TRX-RD-8235,2025-09-24,031-1581612-0,"Ana Cruz Sánchez","Puerto Plata Club","Tienda Deportiva","Básica",2118.00,1359.00,7,Cancelado,11,9
TRX-RD-8259,2025-09-24,402-3202685-2,"Genesis Jiménez Ventura","Santo Domingo (Piantini)","Membresías","Premium",2690.00,1779.00,8,Activo,14,9
TRX-RD-8272,2025-09-24,011-4453841-8,"Manuel Morales Paulino","Puerto Plata Club","Membresías","Básica",1690.00,1143.00,10,Activo,14,7
TRX-RD-8332,2025-09-24,031-8488242-5,"Emmanuel Reyes Guzmán","Santo Domingo Este (Zona Oriental)","Membresías","Premium",2690.00,1538.00,7,Activo,8,9
TRX-RD-8333,2025-09-24,402-5491149-4,"Francisco Rodríguez Sánchez","Santo Domingo Este (Zona Oriental)","Membresías","Básica",1690.00,1206.00,16,Activo,13,8
TRX-RD-8435,2025-09-24,002-7118342-8,"Alejandro Paulino Ventura","Puerto Plata Club","Membresías","Básica",1690.00,1198.00,12,Activo,17,9
TRX-RD-8452,2025-09-24,097-3249981-0,"Manuel Reyes Rosario","Puerto Plata Club","Membresías","Básica",1690.00,1486.00,10,Activo,11,7
TRX-RD-8494,2025-09-24,097-0712831-1,"Miguel Rodríguez Paulino","Santo Domingo (Piantini)","Membresías","Premium",2690.00,1658.00,13,Activo,8,6
TRX-RD-8536,2025-09-24,011-3817674-6,"Manuel Reyes Rodríguez","Santiago (Los Jardines)","Membresías","VIP",4890.00,2435.00,12,Activo,10,9
TRX-RD-8575,2025-09-24,037-3006683-8,"Carmen Peña Peña","Punta Cana (Bávaro)","Tienda Deportiva","Básica",1944.00,1406.00,10,Activo,13,9
TRX-RD-8576,2025-09-24,001-7706644-6,"Joan Marte Santana","Santo Domingo Este (Zona Oriental)","Membresías","Básica",1690.00,1596.00,11,Activo,6,8
TRX-RD-7919,2025-09-25,402-9746499-8,"Rosa Paulino Gómez","Santiago (Los Jardines)","Personal Trainer","Básica",1211.00,1303.00,13,Activo,7,10
TRX-RD-7949,2025-09-25,402-1899446-1,"Yamilka Castillo Pérez","Punta Cana (Bávaro)","Clases Guiadas","Básica",991.00,1110.00,7,Cancelado,10,9
TRX-RD-7996,2025-09-25,011-8606403-4,"Rafael Paulino Gómez","Punta Cana (Bávaro)","Tienda Deportiva","Básica",1564.00,1076.00,14,Activo,14,7
TRX-RD-8012,2025-09-25,001-8113511-2,"Altagracia Santana Pérez","Santo Domingo (Piantini)","Membresías","Premium",2690.00,1587.00,6,Activo,17,8
TRX-RD-8021,2025-09-25,002-0939135-8,"Stephanie Guzmán Morales","Santiago (Los Jardines)","Membresías","Básica",1690.00,1115.00,11,Activo,13,6
TRX-RD-8031,2025-09-25,011-7673531-2,"Luis Jiménez Santana","Punta Cana (Bávaro)","Tienda Deportiva","Premium",1269.00,1534.00,16,Activo,11,7
TRX-RD-8047,2025-09-25,037-4959824-3,"Laura Morales Sánchez","Santo Domingo (Piantini)","Membresías","Premium",2690.00,1713.00,5,Activo,9,9
TRX-RD-8050,2025-09-25,031-5697088-5,"Altagracia Paulino Castillo","Santo Domingo (Piantini)","Membresías","VIP",4890.00,2503.00,11,Activo,7,6
TRX-RD-8053,2025-09-25,002-4743620-7,"Stephanie Pérez Pérez","Santo Domingo (Piantini)","Membresías","Básica",1690.00,1141.00,14,Activo,9,9
TRX-RD-8061,2025-09-25,011-6483844-1,"Luis Cruz Jiménez","Punta Cana (Bávaro)","Membresías","Premium",2690.00,1584.00,14,Activo,10,7
TRX-RD-8070,2025-09-25,011-2564054-8,"Pedro García Reyes","Puerto Plata Club","Tienda Deportiva","Premium",1191.00,1702.00,13,Activo,13,9
TRX-RD-8081,2025-09-25,097-4814056-4,"Alejandro Cruz Díaz","Punta Cana (Bávaro)","Membresías","VIP",4890.00,2397.00,15,Activo,13,10
TRX-RD-8100,2025-09-25,402-9933288-8,"Carmen Peña Díaz","Santiago (Los Jardines)","Clases Guiadas","Premium",850.00,1344.00,9,Activo,8,10
TRX-RD-8139,2025-09-25,011-9577059-7,"Laura Paulino Jiménez","Santo Domingo Este (Zona Oriental)","Membresías","Básica",1690.00,1208.00,10,Activo,9,8
TRX-RD-8159,2025-09-25,037-0591246-1,"Luis Rodríguez Rosario","Santo Domingo Este (Zona Oriental)","Personal Trainer","Básica",1508.00,1416.00,10,Activo,8,7
TRX-RD-8161,2025-09-25,402-7439845-8,"Nicole Sánchez Santana","Santiago (Los Jardines)","Membresías","VIP",4890.00,2334.00,10,Activo,10,8
TRX-RD-8174,2025-09-25,031-8363385-2,"Nicole Reyes Vásquez","Santiago (Los Jardines)","Membresías","Básica",1690.00,1343.00,14,Activo,16,10
TRX-RD-8194,2025-09-25,002-7569082-4,"Altagracia Sánchez Morales","Santo Domingo (Piantini)","Membresías","VIP",4890.00,2428.00,12,Activo,13,9
TRX-RD-8195,2025-09-25,037-1267098-7,"Joan Morales Reyes","Santiago (Los Jardines)","Membresías","Básica",1690.00,1254.00,8,Activo,7,8
TRX-RD-8273,2025-09-25,001-2207218-4,"Luisa Marte Vásquez","Santo Domingo Este (Zona Oriental)","Membresías","VIP",4890.00,2660.00,9,Activo,10,7
TRX-RD-8320,2025-09-25,037-1652013-9,"Francisco Peña Marte","Santiago (Los Jardines)","Tienda Deportiva","Premium",1644.00,1585.00,8,Activo,10,6
TRX-RD-8347,2025-09-25,011-7170800-9,"Emmanuel Paulino Rosario","Santo Domingo Este (Zona Oriental)","Membresías","Básica",1690.00,1290.00,6,Activo,9,7
TRX-RD-8365,2025-09-25,037-7381306-2,"Carmen Gómez Martínez","Punta Cana (Bávaro)","Membresías","Premium",2690.00,1895.00,10,Activo,7,8
TRX-RD-8409,2025-09-25,001-1158293-8,"Manuel Sánchez García","Punta Cana (Bávaro)","Membresías","Premium",2690.00,1670.00,5,Activo,13,7
TRX-RD-8411,2025-09-25,402-0790624-5,"Stephanie Gómez Díaz","Santiago (Los Jardines)","Personal Trainer","Básica",2048.00,1220.00,10,Activo,13,8
TRX-RD-8424,2025-09-25,097-7382184-9,"Ana Díaz Reyes","Santo Domingo (Piantini)","Membresías","Premium",2690.00,1649.00,10,Activo,13,9
TRX-RD-8520,2025-09-25,402-6446294-2,"Carolina Morales Guzmán","Punta Cana (Bávaro)","Personal Trainer","Básica",1632.00,1314.00,9,Activo,15,7
TRX-RD-8523,2025-09-25,031-6366255-8,"Patricia Cruz Marte","Santo Domingo (Piantini)","Tienda Deportiva","Básica",1730.00,1166.00,12,Activo,11,9
TRX-RD-8541,2025-09-25,402-2143151-9,"Rosa Sánchez Sánchez","Puerto Plata Club","Personal Trainer","Básica",1262.00,1418.00,13,Activo,11,6
TRX-RD-7914,2025-09-26,402-6032335-3,"Rosa Pérez Martínez","Santo Domingo (Piantini)","Personal Trainer","VIP",1535.00,2308.00,11,Activo,11,7
TRX-RD-7939,2025-09-26,402-4917674-0,"Yamilka García Morales","Punta Cana (Bávaro)","Membresías","VIP",4890.00,2476.00,10,Activo,12,10
TRX-RD-7974,2025-09-26,037-5764630-6,"Yamilka Sánchez Sánchez","Santiago (Los Jardines)","Clases Guiadas","VIP",1162.00,2364.00,17,Activo,11,8
TRX-RD-7998,2025-09-26,001-5568775-9,"Emmanuel Jiménez Pérez","Santo Domingo Este (Zona Oriental)","Membresías","Premium",2690.00,1714.00,7,Activo,8,7
TRX-RD-8032,2025-09-26,031-3850489-3,"Yamilka Guzmán Morales","Santo Domingo (Piantini)","Membresías","VIP",4890.00,2638.00,13,Activo,10,7
TRX-RD-8082,2025-09-26,402-4369425-0,"Altagracia Cruz Martínez","Santiago (Los Jardines)","Membresías","Básica",1690.00,1427.00,13,Activo,17,9
TRX-RD-8108,2025-09-26,402-9032230-0,"Pedro Morales García","Punta Cana (Bávaro)","Membresías","Básica",1690.00,1224.00,9,Activo,8,8
TRX-RD-8110,2025-09-26,001-7943153-1,"Laura Martínez Reyes","Santo Domingo (Piantini)","Personal Trainer","Básica",1401.00,1213.00,15,Activo,12,7
TRX-RD-8155,2025-09-26,402-8831087-9,"Manuel Ventura Rosario","Santiago (Los Jardines)","Tienda Deportiva","Básica",1340.00,1141.00,12,Activo,9,6
TRX-RD-8156,2025-09-26,037-7391172-6,"Yudelka Paulino Castillo","Santo Domingo (Piantini)","Membresías","Premium",2690.00,1548.00,8,Activo,15,7
TRX-RD-8205,2025-09-26,037-6310867-1,"Carlos Gómez Gómez","Santo Domingo Este (Zona Oriental)","Clases Guiadas","Básica",886.00,1314.00,8,Activo,10,8
TRX-RD-8212,2025-09-26,002-2155877-8,"Genesis Jiménez García","Santiago (Los Jardines)","Tienda Deportiva","Premium",2182.00,1357.00,13,Activo,12,8
TRX-RD-8369,2025-09-26,037-0024297-1,"Pedro Guzmán Vásquez","Santo Domingo (Piantini)","Membresías","VIP",4890.00,2327.00,17,Activo,5,7
TRX-RD-8376,2025-09-26,037-5710505-5,"Manuel Reyes Paulino","Santo Domingo Este (Zona Oriental)","Membresías","Básica",1690.00,1187.00,13,Activo,14,7
TRX-RD-8441,2025-09-26,402-7075109-8,"Carolina Peña Santana","Punta Cana (Bávaro)","Membresías","Premium",2690.00,1597.00,10,Activo,17,8
TRX-RD-8500,2025-09-26,037-7679995-3,"Juan Gómez Rodríguez","Punta Cana (Bávaro)","Membresías","Básica",1690.00,924.00,10,Activo,11,10
TRX-RD-8516,2025-09-26,097-8381334-9,"Carmen Rosario Ventura","Puerto Plata Club","Membresías","Premium",2690.00,1763.00,12,Activo,14,9
TRX-RD-8524,2025-09-26,031-2956002-9,"Manuel Pérez Guzmán","Santo Domingo Este (Zona Oriental)","Membresías","Premium",2690.00,1777.00,12,Activo,8,9
TRX-RD-8542,2025-09-26,402-2143151-9,"Rosa Sánchez Sánchez","Puerto Plata Club","Clases Guiadas","Básica",1138.00,1418.00,13,Activo,11,6
TRX-RD-8551,2025-09-26,002-7588872-5,"Carlos Rosario Rodríguez","Santiago (Los Jardines)","Membresías","Básica",1690.00,1200.00,10,Activo,10,9
TRX-RD-7921,2025-09-27,031-4625065-3,"Rosa Paulino Cruz","Santiago (Los Jardines)","Membresías","Básica",1690.00,1280.00,7,Activo,12,7
TRX-RD-7928,2025-09-27,001-1334706-6,"Gabriel Pérez Vásquez","Puerto Plata Club","Membresías","Básica",1690.00,1361.00,5,Cancelado,11,7
TRX-RD-7940,2025-09-27,402-4917674-0,"Yamilka García Morales","Punta Cana (Bávaro)","Tienda Deportiva","VIP",2054.00,2476.00,10,Activo,12,10
TRX-RD-7947,2025-09-27,002-7517997-6,"Yamilka Guzmán Santana","Santiago (Los Jardines)","Membresías","VIP",4890.00,2635.00,9,Activo,6,7
TRX-RD-7953,2025-09-27,097-6836691-7,"Kelvin Gómez García","Santo Domingo (Piantini)","Membresías","Básica",1690.00,1283.00,8,Activo,9,9
TRX-RD-7981,2025-09-27,002-5922083-8,"Laura Morales Rosario","Punta Cana (Bávaro)","Membresías","Premium",2690.00,1704.00,9,Activo,8,7
TRX-RD-8036,2025-09-27,002-0039098-7,"Alejandro Rodríguez Castillo","Punta Cana (Bávaro)","Membresías","Premium",2690.00,1582.00,10,Activo,13,7
TRX-RD-8048,2025-09-27,037-4959824-3,"Laura Morales Sánchez","Santo Domingo (Piantini)","Clases Guiadas","Premium",802.00,1713.00,5,Activo,9,9
TRX-RD-8084,2025-09-27,011-6392860-7,"Ana Guzmán Sánchez","Santo Domingo (Piantini)","Clases Guiadas","Premium",1100.00,1611.00,15,Activo,10,8
TRX-RD-8096,2025-09-27,037-5690806-1,"Miguel Cruz Pérez","Santo Domingo (Piantini)","Membresías","VIP",4890.00,2289.00,10,Activo,9,8
TRX-RD-8111,2025-09-27,001-0668806-2,"Genesis Gómez Ventura","Santo Domingo (Piantini)","Membresías","VIP",4890.00,2342.00,8,Activo,12,7
TRX-RD-8114,2025-09-27,097-5512692-8,"Juan Reyes Gómez","Santo Domingo Este (Zona Oriental)","Membresías","Básica",1690.00,1195.00,7,Activo,12,7
TRX-RD-8151,2025-09-27,001-2220302-9,"Ana Martínez Santana","Punta Cana (Bávaro)","Membresías","Básica",1690.00,1409.00,11,Activo,9,7
TRX-RD-8179,2025-09-27,002-5206211-2,"Kelvin Cruz Morales","Puerto Plata Club","Membresías","Premium",2690.00,2020.00,10,Activo,14,8
TRX-RD-8184,2025-09-27,402-4204423-4,"Ramón Guzmán Paulino","Santiago (Los Jardines)","Membresías","Básica",1690.00,1178.00,9,Activo,10,7
TRX-RD-8197,2025-09-27,002-0478549-7,"Luis Guzmán Díaz","Santo Domingo Este (Zona Oriental)","Membresías","VIP",4890.00,2524.00,10,Activo,10,9
TRX-RD-8225,2025-09-27,011-7420481-6,"Ramón Reyes García","Santo Domingo Este (Zona Oriental)","Membresías","Básica",1690.00,1608.00,11,Activo,13,8
TRX-RD-8271,2025-09-27,037-7397599-4,"Luis Reyes Ventura","Santo Domingo (Piantini)","Membresías","Básica",1690.00,1334.00,12,Activo,7,7
TRX-RD-8276,2025-09-27,002-5305764-0,"Patricia Castillo Santana","Punta Cana (Bávaro)","Membresías","Básica",1690.00,1329.00,9,Activo,9,8
TRX-RD-8304,2025-09-27,011-6804141-4,"Carmen Díaz Rodríguez","Santiago (Los Jardines)","Membresías","Básica",1690.00,1081.00,10,Activo,15,6
TRX-RD-8315,2025-09-27,001-1274666-4,"Kelvin Marte Guzmán","Santiago (Los Jardines)","Membresías","Premium",2690.00,1496.00,10,Activo,10,10
TRX-RD-8328,2025-09-27,031-7085259-8,"Carmen Díaz Rosario","Santiago (Los Jardines)","Membresías","Premium",2690.00,1695.00,11,Activo,12,8
TRX-RD-8331,2025-09-27,002-4145283-8,"Stephanie Martínez Rodríguez","Punta Cana (Bávaro)","Personal Trainer","Básica",1629.00,1446.00,10,Activo,13,9
TRX-RD-8372,2025-09-27,097-2127106-3,"Manuel Sánchez Rodríguez","Punta Cana (Bávaro)","Personal Trainer","Básica",1319.00,1396.00,11,Activo,12,7
TRX-RD-8374,2025-09-27,402-5541175-9,"Yamilka Sánchez Díaz","Santiago (Los Jardines)","Membresías","VIP",4890.00,2404.00,11,Activo,15,7
TRX-RD-8412,2025-09-27,001-7888720-4,"Pedro Peña Guzmán","Puerto Plata Club","Membresías","VIP",4890.00,2841.00,13,Activo,11,8
TRX-RD-8481,2025-09-27,037-1003202-4,"Gabriel Díaz Martínez","Santo Domingo Este (Zona Oriental)","Clases Guiadas","Básica",957.00,1256.00,8,Activo,15,9
TRX-RD-8517,2025-09-27,097-8381334-9,"Carmen Rosario Ventura","Puerto Plata Club","Personal Trainer","Premium",1530.00,1763.00,12,Activo,14,9
TRX-RD-7965,2025-09-28,402-3548220-1,"Laura Díaz García","Santo Domingo Este (Zona Oriental)","Membresías","VIP",4890.00,2357.00,12,Activo,6,10
TRX-RD-7985,2025-09-28,402-0624088-5,"Carlos Sánchez Guzmán","Santo Domingo (Piantini)","Membresías","Básica",1690.00,1359.00,14,Activo,11,8
TRX-RD-7987,2025-09-28,037-2758457-9,"José Cruz Vásquez","Santo Domingo Este (Zona Oriental)","Personal Trainer","Premium",1954.00,1678.00,12,Activo,10,10
TRX-RD-8044,2025-09-28,002-6952256-1,"Nicole Santana Reyes","Santo Domingo (Piantini)","Personal Trainer","VIP",1354.00,2640.00,13,Activo,11,7
TRX-RD-8077,2025-09-28,002-2068409-6,"Gabriel Díaz Guzmán","Puerto Plata Club","Membresías","Básica",1690.00,1264.00,10,Activo,13,10
TRX-RD-8143,2025-09-28,011-8589574-3,"Carlos Guzmán Sánchez","Punta Cana (Bávaro)","Membresías","VIP",4890.00,2413.00,8,Activo,11,8
TRX-RD-8166,2025-09-28,097-5033409-7,"Rafael Santana Reyes","Santo Domingo (Piantini)","Clases Guiadas","Básica",711.00,1108.00,7,Activo,13,8
TRX-RD-8224,2025-09-28,031-8253717-9,"Juan Castillo Pérez","Santo Domingo (Piantini)","Clases Guiadas","Básica",1208.00,1057.00,14,Activo,11,9
TRX-RD-8261,2025-09-28,402-3202685-2,"Genesis Jiménez Ventura","Santo Domingo (Piantini)","Tienda Deportiva","Premium",1774.00,1779.00,8,Activo,14,9
TRX-RD-8282,2025-09-28,031-0389221-6,"Laura Reyes Marte","Santo Domingo (Piantini)","Personal Trainer","Premium",1609.00,1788.00,9,Activo,10,8
TRX-RD-8314,2025-09-28,011-0228573-9,"Laura Sánchez Peña","Santiago (Los Jardines)","Membresías","Premium",2690.00,1619.00,7,Activo,9,8
TRX-RD-8340,2025-09-28,011-1417102-6,"María Morales Morales","Santo Domingo Este (Zona Oriental)","Membresías","Básica",1690.00,1084.00,14,Activo,12,8
TRX-RD-8344,2025-09-28,002-6627199-8,"Gabriel Ventura Ventura","Santo Domingo (Piantini)","Clases Guiadas","Básica",938.00,1220.00,17,Activo,13,7
TRX-RD-8345,2025-09-28,002-2227557-0,"Kelvin Díaz García","Santo Domingo (Piantini)","Membresías","VIP",4890.00,2334.00,17,Activo,12,8
TRX-RD-8352,2025-09-28,097-4631063-1,"Pedro Peña Vásquez","Santo Domingo (Piantini)","Tienda Deportiva","Básica",975.00,1244.00,9,Activo,9,7
TRX-RD-8356,2025-09-28,402-2814003-0,"Miguel Paulino García","Punta Cana (Bávaro)","Tienda Deportiva","Premium",1864.00,1773.00,6,Activo,12,7
TRX-RD-8387,2025-09-28,011-1481876-6,"Yudelka Marte Santana","Punta Cana (Bávaro)","Membresías","Premium",2690.00,1662.00,10,Activo,10,9
TRX-RD-8421,2025-09-28,031-3993669-8,"Carolina Vásquez Pérez","Punta Cana (Bávaro)","Membresías","Premium",2690.00,1428.00,8,Activo,12,9
TRX-RD-8439,2025-09-28,037-2632060-3,"Nicole Castillo Rodríguez","Santo Domingo (Piantini)","Membresías","VIP",4890.00,2417.00,12,Activo,10,9
TRX-RD-8562,2025-09-28,002-9208152-8,"Carlos Ventura Morales","Santiago (Los Jardines)","Membresías","Básica",1690.00,1289.00,6,Activo,13,8
TRX-RD-8566,2025-09-28,011-6281236-4,"Gabriel Sánchez Pérez","Santiago (Los Jardines)","Tienda Deportiva","Premium",2005.00,1729.00,8,Activo,13,8
TRX-RD-8574,2025-09-28,037-3006683-8,"Carmen Peña Peña","Punta Cana (Bávaro)","Personal Trainer","Básica",1365.00,1406.00,10,Activo,13,9
TRX-RD-8583,2025-10-01,011-2000056-5,"Carmen Vásquez Rosario","Santo Domingo (Piantini)","Membresías","Básica",1690.00,999.00,9,Activo,11,8
TRX-RD-8588,2025-10-01,031-4625065-3,"Rosa Paulino Cruz","Santiago (Los Jardines)","Clases Guiadas","Básica",1087.00,1280.00,7,Activo,12,7
TRX-RD-8615,2025-10-01,011-2093698-2,"Miguel Ventura Guzmán","Santo Domingo Este (Zona Oriental)","Tienda Deportiva","Básica",1948.00,1283.00,12,Activo,14,7
TRX-RD-8633,2025-10-01,011-2413859-3,"Luisa Rosario Guzmán","Santiago (Los Jardines)","Membresías","Básica",1690.00,1192.00,7,Activo,15,8
TRX-RD-8635,2025-10-01,402-7493032-6,"Emmanuel Paulino Reyes","Puerto Plata Club","Membresías","VIP",4890.00,2353.00,9,Activo,14,9
TRX-RD-8663,2025-10-01,097-7202263-9,"Altagracia García Rodríguez","Santiago (Los Jardines)","Clases Guiadas","VIP",1157.00,2445.00,7,Cancelado,11,8
TRX-RD-8696,2025-10-01,002-0939135-8,"Stephanie Guzmán Morales","Santiago (Los Jardines)","Membresías","Básica",1690.00,1115.00,11,Activo,12,9
TRX-RD-8701,2025-10-01,011-6895563-9,"Kelvin Rodríguez Gómez","Santo Domingo Este (Zona Oriental)","Membresías","Básica",1690.00,1157.00,12,Activo,10,9
TRX-RD-8707,2025-10-01,402-1269910-8,"Ramón Cruz Guzmán","Santiago (Los Jardines)","Clases Guiadas","Básica",906.00,1246.00,9,Activo,7,8
TRX-RD-8766,2025-10-01,011-6392860-7,"Ana Guzmán Sánchez","Santo Domingo (Piantini)","Membresías","Premium",2690.00,1611.00,15,Activo,15,6
TRX-RD-8770,2025-10-01,037-7016446-9,"Ana Cruz Peña","Santiago (Los Jardines)","Membresías","Básica",1690.00,1191.00,11,Activo,11,9
TRX-RD-8799,2025-10-01,001-7943153-1,"Laura Martínez Reyes","Santo Domingo (Piantini)","Membresías","Básica",1690.00,1213.00,15,Activo,7,9
TRX-RD-8818,2025-10-01,001-5524767-9,"Ramón Jiménez Vásquez","Santo Domingo Este (Zona Oriental)","Membresías","Básica",1690.00,1201.00,7,Cancelado,4,7
TRX-RD-8850,2025-10-01,097-8090752-4,"Juan Martínez Castillo","Santo Domingo (Piantini)","Membresías","Premium",2690.00,1545.00,7,Activo,10,7
TRX-RD-8851,2025-10-01,097-8090752-4,"Juan Martínez Castillo","Santo Domingo (Piantini)","Clases Guiadas","Premium",866.00,1545.00,7,Activo,10,7
TRX-RD-8887,2025-10-01,402-1618967-6,"Carlos Paulino Guzmán","Punta Cana (Bávaro)","Membresías","Básica",1690.00,1128.00,10,Activo,14,8
TRX-RD-8895,2025-10-01,037-6310867-1,"Carlos Gómez Gómez","Santo Domingo Este (Zona Oriental)","Membresías","Básica",1690.00,1314.00,8,Activo,14,9
TRX-RD-8956,2025-10-01,037-7397599-4,"Luis Reyes Ventura","Santo Domingo (Piantini)","Membresías","Básica",1690.00,1334.00,12,Activo,9,7
TRX-RD-8995,2025-10-01,011-3083034-0,"Kelvin Marte Santana","Santiago (Los Jardines)","Membresías","Básica",1690.00,1259.00,7,Activo,12,10
TRX-RD-9017,2025-10-01,097-9542972-0,"Ramón Reyes Díaz","Santiago (Los Jardines)","Membresías","Básica",1690.00,1245.00,14,Activo,11,9
TRX-RD-9021,2025-10-01,002-4145283-8,"Stephanie Martínez Rodríguez","Punta Cana (Bávaro)","Clases Guiadas","Básica",922.00,1446.00,10,Activo,8,10
TRX-RD-9026,2025-10-01,037-7192562-9,"Genesis Ventura Paulino","Punta Cana (Bávaro)","Membresías","Básica",1690.00,1030.00,13,Activo,10,8
TRX-RD-9027,2025-10-01,031-8639038-5,"Manuel Cruz Santana","Santiago (Los Jardines)","Membresías","Premium",2690.00,1556.00,10,Activo,15,9
TRX-RD-9087,2025-10-01,402-0403131-0,"Stephanie Sánchez Cruz","Santo Domingo Este (Zona Oriental)","Membresías","Básica",1690.00,1243.00,5,Cancelado,11,9
TRX-RD-9092,2025-10-01,011-1481876-6,"Yudelka Marte Santana","Punta Cana (Bávaro)","Tienda Deportiva","Premium",1227.00,1662.00,10,Activo,11,8
TRX-RD-9104,2025-10-01,001-4225018-2,"Rafael Gómez Díaz","Santiago (Los Jardines)","Membresías","Básica",1690.00,1301.00,13,Activo,9,10
TRX-RD-9107,2025-10-01,402-2759002-9,"Carmen Gómez Castillo","Santo Domingo (Piantini)","Membresías","Premium",2690.00,1966.00,8,Activo,7,8
TRX-RD-9175,2025-10-01,402-0934530-1,"Johanny Ventura Santana","Santiago (Los Jardines)","Clases Guiadas","Básica",989.00,1432.00,11,Activo,7,8
TRX-RD-9177,2025-10-01,097-3249981-0,"Manuel Reyes Rosario","Puerto Plata Club","Membresías","Básica",1690.00,1486.00,10,Activo,15,8
TRX-RD-9181,2025-10-01,031-6853975-1,"Francisco Ventura Rodríguez","Santo Domingo (Piantini)","Membresías","Premium",2690.00,1584.00,11,Activo,8,9
TRX-RD-9258,2025-10-01,011-4532392-7,"Gabriel Marte Vásquez","Santo Domingo Este (Zona Oriental)","Membresías","Premium",2690.00,1474.00,14,Activo,12,7
TRX-RD-8589,2025-10-02,031-4625065-3,"Rosa Paulino Cruz","Santiago (Los Jardines)","Tienda Deportiva","Básica",1450.00,1280.00,7,Activo,12,7
TRX-RD-8604,2025-10-02,037-8530130-4,"Miguel Marte Castillo","Santiago (Los Jardines)","Personal Trainer","Básica",1490.00,1247.00,5,Activo,13,9
TRX-RD-8619,2025-10-02,097-7028978-4,"Carlos Guzmán Gómez","Punta Cana (Bávaro)","Clases Guiadas","Básica",722.00,855.00,6,Activo,9,9
TRX-RD-8648,2025-10-02,097-6356440-9,"Carlos Rodríguez Castillo","Punta Cana (Bávaro)","Membresías","Premium",2690.00,1472.00,13,Activo,10,8
TRX-RD-8667,2025-10-02,037-0679343-1,"Carlos Rodríguez Martínez","Santo Domingo Este (Zona Oriental)","Personal Trainer","Básica",1601.00,1155.00,13,Activo,11,8
TRX-RD-8688,2025-10-02,001-9939436-2,"Pedro Rosario Sánchez","Santo Domingo Este (Zona Oriental)","Membresías","Básica",1690.00,1328.00,12,Activo,10,9
TRX-RD-8692,2025-10-02,011-3620797-2,"Francisco Marte Morales","Santo Domingo (Piantini)","Tienda Deportiva","VIP",1699.00,2664.00,11,Activo,12,8
TRX-RD-8804,2025-10-02,097-5512692-8,"Juan Reyes Gómez","Santo Domingo Este (Zona Oriental)","Membresías","Básica",1690.00,1195.00,7,Cancelado,7,9
TRX-RD-8852,2025-10-02,402-7439845-8,"Nicole Sánchez Santana","Santiago (Los Jardines)","Membresías","VIP",4890.00,2334.00,10,Activo,9,7
TRX-RD-8874,2025-10-02,097-6767830-4,"Francisco Díaz García","Puerto Plata Club","Membresías","Premium",2690.00,1732.00,4,Activo,14,8
TRX-RD-8890,2025-10-02,037-1267098-7,"Joan Morales Reyes","Santiago (Los Jardines)","Membresías","Básica",1690.00,1254.00,8,Activo,11,8
TRX-RD-8917,2025-10-02,002-0919408-3,"Laura Cruz Gómez","Santiago (Los Jardines)","Membresías","Básica",1690.00,1307.00,13,Activo,6,9
TRX-RD-8942,2025-10-02,037-1474012-7,"Pedro Gómez Jiménez","Puerto Plata Club","Tienda Deportiva","Básica",1759.00,1647.00,7,Cancelado,13,6
TRX-RD-8993,2025-10-02,011-4788643-4,"Emmanuel Santana Martínez","Santo Domingo (Piantini)","Membresías","Básica",1690.00,1197.00,13,Activo,14,8
TRX-RD-9005,2025-10-02,001-1274666-4,"Kelvin Marte Guzmán","Santiago (Los Jardines)","Personal Trainer","Premium",1306.00,1496.00,10,Activo,11,8
TRX-RD-9014,2025-10-02,031-8359069-8,"Alejandro Cruz Gómez","Santiago (Los Jardines)","Tienda Deportiva","Básica",2122.00,1312.00,9,Activo,8,8
TRX-RD-9023,2025-10-02,031-8488242-5,"Emmanuel Reyes Guzmán","Santo Domingo Este (Zona Oriental)","Personal Trainer","Premium",1358.00,1538.00,7,Cancelado,11,9
TRX-RD-9047,2025-10-02,037-9921219-0,"Stephanie Sánchez Martínez","Santo Domingo (Piantini)","Clases Guiadas","Básica",1098.00,1205.00,11,Activo,10,6
TRX-RD-9068,2025-10-02,037-0024297-1,"Pedro Guzmán Vásquez","Santo Domingo (Piantini)","Membresías","VIP",4890.00,2327.00,17,Activo,10,8
TRX-RD-9086,2025-10-02,402-1090617-4,"Ramón Peña Rodríguez","Puerto Plata Club","Tienda Deportiva","VIP",1520.00,2434.00,8,Activo,18,8
TRX-RD-9122,2025-10-02,402-0790624-5,"Stephanie Gómez Díaz","Santiago (Los Jardines)","Membresías","Básica",1690.00,1220.00,10,Activo,8,8
TRX-RD-9130,2025-10-02,002-4930097-1,"Alejandro Paulino Jiménez","Santo Domingo (Piantini)","Clases Guiadas","Básica",902.00,1333.00,7,Activo,13,9
TRX-RD-9148,2025-10-02,031-3955124-0,"Luis Pérez Vásquez","Santo Domingo (Piantini)","Membresías","Básica",1690.00,1130.00,9,Cancelado,7,8
TRX-RD-9248,2025-10-02,001-1182612-9,"Rafael Rodríguez Guzmán","Santiago (Los Jardines)","Membresías","Básica",1690.00,1193.00,11,Activo,10,8
TRX-RD-9289,2025-10-02,011-4966584-4,"Emmanuel Vásquez Sánchez","Santo Domingo Este (Zona Oriental)","Membresías","Premium",2690.00,1777.00,13,Activo,9,8
TRX-RD-9303,2025-10-02,001-7706644-6,"Joan Marte Santana","Santo Domingo Este (Zona Oriental)","Membresías","Básica",1690.00,1596.00,11,Activo,7,8
TRX-RD-8625,2025-10-03,011-9439820-0,"Ramón Guzmán Reyes","Santo Domingo (Piantini)","Personal Trainer","Premium",1524.00,1665.00,9,Cancelado,8,9
TRX-RD-8632,2025-10-03,097-7920909-8,"Ana García Santana","Santo Domingo Este (Zona Oriental)","Personal Trainer","Básica",1769.00,1411.00,10,Activo,14,7
TRX-RD-8673,2025-10-03,031-9385468-8,"Manuel Marte Vásquez","Santo Domingo Este (Zona Oriental)","Tienda Deportiva","Básica",1922.00,1318.00,8,Cancelado,7,9
TRX-RD-8702,2025-10-03,011-6895563-9,"Kelvin Rodríguez Gómez","Santo Domingo Este (Zona Oriental)","Personal Trainer","Básica",1552.00,1157.00,12,Activo,10,9
TRX-RD-8711,2025-10-03,001-3787669-4,"Ramón Díaz Rodríguez","Punta Cana (Bávaro)","Membresías","Premium",2690.00,1538.00,11,Activo,6,8
TRX-RD-8714,2025-10-03,002-0039098-7,"Alejandro Rodríguez Castillo","Punta Cana (Bávaro)","Membresías","Premium",2690.00,1582.00,10,Activo,15,9
TRX-RD-8715,2025-10-03,402-7470758-3,"Johanny Pérez Reyes","Santo Domingo (Piantini)","Membresías","VIP",4890.00,2407.00,9,Cancelado,15,9
TRX-RD-8762,2025-10-03,011-9286017-7,"Miguel Reyes Santana","Punta Cana (Bávaro)","Personal Trainer","Básica",1543.00,1359.00,6,Activo,7,9
TRX-RD-8808,2025-10-03,037-9815671-1,"Altagracia Jiménez Peña","Punta Cana (Bávaro)","Membresías","Premium",2690.00,1605.00,15,Activo,15,8
TRX-RD-8834,2025-10-03,037-0576050-6,"Patricia Guzmán Morales","Santiago (Los Jardines)","Membresías","Básica",1690.00,1340.00,6,Activo,11,7
TRX-RD-8836,2025-10-03,031-5503655-5,"Laura Reyes Reyes","Santo Domingo (Piantini)","Clases Guiadas","Básica",783.00,1104.00,13,Activo,12,9
TRX-RD-8871,2025-10-03,002-6000131-8,"María Jiménez Santana","Puerto Plata Club","Personal Trainer","Premium",1412.00,1598.00,10,Activo,14,8
TRX-RD-8886,2025-10-03,031-8796310-7,"Ana Marte Sánchez","Santo Domingo Este (Zona Oriental)","Clases Guiadas","Básica",1164.00,1181.00,13,Activo,6,6
TRX-RD-8898,2025-10-03,031-5240580-3,"Rafael Rosario Rosario","Santiago (Los Jardines)","Membresías","Premium",2690.00,1595.00,8,Activo,12,6
TRX-RD-8934,2025-10-03,011-6197242-5,"Ramón Pérez Rosario","Santo Domingo (Piantini)","Membresías","Básica",1690.00,1064.00,9,Activo,13,9
TRX-RD-8954,2025-10-03,037-6459188-3,"Joan Reyes Morales","Punta Cana (Bávaro)","Membresías","Premium",2690.00,1588.00,9,Activo,12,9
TRX-RD-8989,2025-10-03,002-3232256-0,"Patricia Santana Morales","Santo Domingo (Piantini)","Clases Guiadas","Básica",1063.00,1098.00,11,Activo,14,9
TRX-RD-9015,2025-10-03,097-2566732-4,"Johanny Castillo Reyes","Santo Domingo Este (Zona Oriental)","Membresías","Básica",1690.00,1137.00,7,Activo,14,9
TRX-RD-9060,2025-10-03,002-6259335-3,"Emmanuel Guzmán Rosario","Santo Domingo Este (Zona Oriental)","Membresías","Premium",2690.00,2156.00,16,Activo,11,8
TRX-RD-9062,2025-10-03,037-7381306-2,"Carmen Gómez Martínez","Punta Cana (Bávaro)","Clases Guiadas","Premium",699.00,1895.00,10,Activo,11,7
TRX-RD-9079,2025-10-03,037-5710505-5,"Manuel Reyes Paulino","Santo Domingo Este (Zona Oriental)","Membresías","Básica",1690.00,1187.00,13,Activo,13,7
TRX-RD-9113,2025-10-03,001-7434335-0,"Ramón Morales Santana","Santo Domingo (Piantini)","Tienda Deportiva","Premium",1681.00,1388.00,11,Activo,14,8
TRX-RD-9118,2025-10-03,011-0238353-4,"José Jiménez Guzmán","Santo Domingo Este (Zona Oriental)","Membresías","Básica",1690.00,998.00,7,Activo,9,9
TRX-RD-9153,2025-10-03,037-2632060-3,"Nicole Castillo Rodríguez","Santo Domingo (Piantini)","Personal Trainer","VIP",1315.00,2417.00,12,Activo,17,10
TRX-RD-9171,2025-10-03,037-9856364-3,"Pedro Rosario Rosario","Santo Domingo Este (Zona Oriental)","Membresías","Básica",1690.00,1322.00,13,Activo,10,8
TRX-RD-9184,2025-10-03,097-2914681-2,"Ana Rosario Peña","Punta Cana (Bávaro)","Membresías","Premium",2690.00,1545.00,14,Activo,15,10
TRX-RD-9202,2025-10-03,037-1003202-4,"Gabriel Díaz Martínez","Santo Domingo Este (Zona Oriental)","Personal Trainer","Básica",1526.00,1256.00,8,Activo,11,6
TRX-RD-9206,2025-10-03,001-4994562-8,"Pedro Marte Marte","Santo Domingo Este (Zona Oriental)","Tienda Deportiva","Básica",1499.00,1370.00,11,Activo,10,8
TRX-RD-9257,2025-10-03,011-6743865-2,"María Rosario Cruz","Puerto Plata Club","Membresías","Premium",2690.00,1561.00,10,Activo,9,9
TRX-RD-9261,2025-10-03,001-2331035-1,"Rosa Vásquez Peña","Santiago (Los Jardines)","Membresías","Premium",2690.00,1609.00,14,Activo,12,8
TRX-RD-9291,2025-10-03,002-9208152-8,"Carlos Ventura Morales","Santiago (Los Jardines)","Membresías","Básica",1690.00,1289.00,6,Activo,9,9
TRX-RD-8622,2025-10-04,402-9451155-1,"Juan Marte Peña","Puerto Plata Club","Membresías","Básica",1690.00,1221.00,10,Activo,14,8
TRX-RD-8628,2025-10-04,031-4152428-4,"Yudelka Morales Morales","Punta Cana (Bávaro)","Tienda Deportiva","Básica",1661.00,1253.00,11,Activo,13,8
TRX-RD-8759,2025-10-04,002-2068409-6,"Gabriel Díaz Guzmán","Puerto Plata Club","Membresías","Básica",1690.00,1264.00,10,Activo,7,9
TRX-RD-8847,2025-10-04,402-8831087-9,"Manuel Ventura Rosario","Santiago (Los Jardines)","Tienda Deportiva","Básica",1783.00,1141.00,12,Activo,9,7
TRX-RD-8863,2025-10-04,097-3530510-5,"Alejandro Marte Reyes","Puerto Plata Club","Clases Guiadas","VIP",878.00,2566.00,8,Activo,11,7
TRX-RD-8868,2025-10-04,097-1835171-2,"Rafael Rodríguez Jiménez","Santo Domingo Este (Zona Oriental)","Membresías","Básica",1690.00,1218.00,7,Cancelado,6,8
TRX-RD-8869,2025-10-04,097-1835171-2,"Rafael Rodríguez Jiménez","Santo Domingo Este (Zona Oriental)","Tienda Deportiva","Básica",1259.00,1218.00,7,Cancelado,6,8
TRX-RD-8876,2025-10-04,001-5280253-4,"Carlos Rodríguez Cruz","Santiago (Los Jardines)","Personal Trainer","Básica",1575.00,1160.00,7,Activo,12,9
TRX-RD-8884,2025-10-04,031-8796310-7,"Ana Marte Sánchez","Santo Domingo Este (Zona Oriental)","Membresías","Básica",1690.00,1181.00,13,Activo,6,6
TRX-RD-8892,2025-10-04,002-0478549-7,"Luis Guzmán Díaz","Santo Domingo Este (Zona Oriental)","Membresías","VIP",4890.00,2524.00,10,Activo,14,8
TRX-RD-8910,2025-10-04,011-9238115-8,"Pedro Rosario Sánchez","Santiago (Los Jardines)","Membresías","Básica",1690.00,1324.00,13,Activo,16,8
TRX-RD-9016,2025-10-04,097-2566732-4,"Johanny Castillo Reyes","Santo Domingo Este (Zona Oriental)","Personal Trainer","Básica",1501.00,1137.00,7,Activo,14,9
TRX-RD-9018,2025-10-04,031-7085259-8,"Carmen Díaz Rosario","Santiago (Los Jardines)","Membresías","Premium",2690.00,1695.00,11,Activo,9,8
TRX-RD-9025,2025-10-04,402-5491149-4,"Francisco Rodríguez Sánchez","Santo Domingo Este (Zona Oriental)","Membresías","Básica",1690.00,1206.00,16,Activo,12,10
TRX-RD-9051,2025-10-04,002-9773654-8,"Ramón Guzmán García","Santo Domingo (Piantini)","Membresías","VIP",4890.00,2398.00,14,Activo,19,6
TRX-RD-9135,2025-10-04,097-8808961-4,"Nicole Vásquez Vásquez","Punta Cana (Bávaro)","Tienda Deportiva","Básica",1350.00,1256.00,7,Activo,13,7
TRX-RD-9156,2025-10-04,002-1719264-0,"Francisco Martínez Morales","Santiago (Los Jardines)","Personal Trainer","Básica",1372.00,1168.00,12,Activo,12,7
TRX-RD-9166,2025-10-04,002-4563876-2,"Rosa Reyes Peña","Puerto Plata Club","Membresías","Básica",1690.00,1081.00,11,Activo,11,8
TRX-RD-9179,2025-10-04,402-0766543-7,"Gabriel Cruz Díaz","Santo Domingo (Piantini)","Clases Guiadas","Premium",833.00,1829.00,10,Activo,11,9
TRX-RD-9216,2025-10-04,031-9570833-8,"Gabriel Ventura Gómez","Santiago (Los Jardines)","Personal Trainer","Premium",1591.00,1675.00,5,Activo,11,9
TRX-RD-9222,2025-10-04,037-1066493-3,"Manuel Gómez Cruz","Santo Domingo Este (Zona Oriental)","Membresías","Básica",1690.00,1152.00,8,Activo,12,6
TRX-RD-9235,2025-10-04,402-0142321-3,"Stephanie Morales Marte","Punta Cana (Bávaro)","Tienda Deportiva","VIP",1305.00,2376.00,10,Activo,0,8
TRX-RD-9255,2025-10-04,001-9581794-5,"Carlos Sánchez Martínez","Puerto Plata Club","Membresías","VIP",4890.00,2196.00,12,Activo,16,8
TRX-RD-9294,2025-10-04,011-6281236-4,"Gabriel Sánchez Pérez","Santiago (Los Jardines)","Membresías","Premium",2690.00,1729.00,8,Activo,10,6
TRX-RD-8624,2025-10-05,011-9439820-0,"Ramón Guzmán Reyes","Santo Domingo (Piantini)","Membresías","Premium",2690.00,1665.00,9,Cancelado,8,9
TRX-RD-8636,2025-10-05,402-7493032-6,"Emmanuel Paulino Reyes","Puerto Plata Club","Personal Trainer","VIP",1353.00,2353.00,9,Activo,14,9
TRX-RD-8640,2025-10-05,097-0737044-2,"Ana Rodríguez Paulino","Santo Domingo (Piantini)","Clases Guiadas","Premium",908.00,1636.00,12,Activo,9,9
TRX-RD-8686,2025-10-05,402-4689026-9,"Gabriel Santana García","Santiago (Los Jardines)","Personal Trainer","Premium",1310.00,1701.00,9,Activo,12,8
TRX-RD-8710,2025-10-05,031-3850489-3,"Yamilka Guzmán Morales","Santo Domingo (Piantini)","Membresías","VIP",4890.00,2638.00,13,Activo,13,7
TRX-RD-8745,2025-10-05,031-8069871-8,"Miguel Martínez Cruz","Santo Domingo Este (Zona Oriental)","Membresías","Básica",1690.00,1173.00,12,Activo,13,7
TRX-RD-8753,2025-10-05,011-7655157-8,"Emmanuel Pérez Díaz","Santo Domingo (Piantini)","Membresías","Premium",2690.00,1568.00,11,Activo,11,6
TRX-RD-8809,2025-10-05,402-3519826-0,"José Peña Marte","Punta Cana (Bávaro)","Membresías","Básica",1690.00,1467.00,11,Activo,11,8
TRX-RD-8824,2025-10-05,037-3740762-1,"Pedro Morales Rosario","Santo Domingo Este (Zona Oriental)","Clases Guiadas","Básica",750.00,1223.00,6,Activo,14,7
TRX-RD-8840,2025-10-05,031-1824879-2,"Pedro Cruz Ventura","Santiago (Los Jardines)","Personal Trainer","VIP",1371.00,2532.00,6,Cancelado,9,6
TRX-RD-8896,2025-10-05,037-6310867-1,"Carlos Gómez Gómez","Santo Domingo Este (Zona Oriental)","Tienda Deportiva","Básica",2013.00,1314.00,8,Activo,14,9
TRX-RD-8924,2025-10-05,031-0815783-9,"Nicole Peña Rodríguez","Punta Cana (Bávaro)","Personal Trainer","Básica",1481.00,950.00,6,Activo,9,7
TRX-RD-8947,2025-10-05,402-3202685-2,"Genesis Jiménez Ventura","Santo Domingo (Piantini)","Membresías","Premium",2690.00,1779.00,8,Activo,14,8
TRX-RD-8967,2025-10-05,002-8632191-4,"Yamilka Jiménez Jiménez","Santiago (Los Jardines)","Personal Trainer","Básica",1310.00,1169.00,14,Activo,10,6
TRX-RD-9022,2025-10-05,031-8488242-5,"Emmanuel Reyes Guzmán","Santo Domingo Este (Zona Oriental)","Membresías","Premium",2690.00,1538.00,7,Cancelado,11,9
TRX-RD-9088,2025-10-05,037-4151451-1,"María Díaz Cruz","Punta Cana (Bávaro)","Membresías","Premium",2690.00,1686.00,9,Activo,8,9
TRX-RD-9144,2025-10-05,402-6753909-2,"Rosa Gómez Ventura","Santo Domingo Este (Zona Oriental)","Membresías","Básica",1690.00,1429.00,8,Activo,15,7
TRX-RD-9155,2025-10-05,002-1719264-0,"Francisco Martínez Morales","Santiago (Los Jardines)","Membresías","Básica",1690.00,1168.00,12,Activo,12,7
TRX-RD-9251,2025-10-05,402-6446294-2,"Carolina Morales Guzmán","Punta Cana (Bávaro)","Membresías","Básica",1690.00,1314.00,9,Activo,8,7
TRX-RD-9263,2025-10-05,037-4105850-1,"Rosa Paulino Gómez","Santiago (Los Jardines)","Membresías","Premium",2690.00,1652.00,7,Activo,10,10
TRX-RD-9265,2025-10-05,097-0573763-4,"Pedro Rosario Marte","Santiago (Los Jardines)","Membresías","Básica",1690.00,1277.00,13,Activo,11,7
TRX-RD-9281,2025-10-05,002-7588872-5,"Carlos Rosario Rodríguez","Santiago (Los Jardines)","Membresías","Básica",1690.00,1200.00,10,Activo,15,8
TRX-RD-8616,2025-10-06,402-3725711-4,"Genesis Rodríguez Sánchez","Punta Cana (Bávaro)","Membresías","Básica",1690.00,1179.00,14,Activo,15,7
TRX-RD-8670,2025-10-06,402-9604871-9,"Rafael Guzmán Pérez","Punta Cana (Bávaro)","Membresías","Premium",2690.00,1714.00,9,Activo,13,7
TRX-RD-8697,2025-10-06,002-0939135-8,"Stephanie Guzmán Morales","Santiago (Los Jardines)","Tienda Deportiva","Básica",2239.00,1115.00,11,Activo,12,9
TRX-RD-8721,2025-10-06,097-4067578-1,"Stephanie Ventura Pérez","Santo Domingo (Piantini)","Clases Guiadas","Premium",584.00,1813.00,11,Activo,13,7
TRX-RD-8726,2025-10-06,037-2913086-8,"Luisa Rodríguez Guzmán","Santo Domingo (Piantini)","Tienda Deportiva","Básica",1169.00,1150.00,7,Activo,11,6
TRX-RD-8736,2025-10-06,031-7139591-0,"Rafael Sánchez Paulino","Santo Domingo Este (Zona Oriental)","Membresías","Básica",1690.00,1135.00,11,Activo,16,7
TRX-RD-8751,2025-10-06,402-8428539-8,"Francisco Rodríguez Cruz","Santo Domingo Este (Zona Oriental)","Membresías","Básica",1690.00,1144.00,9,Activo,11,7
TRX-RD-8768,2025-10-06,031-3445475-4,"Luis Rodríguez Morales","Punta Cana (Bávaro)","Membresías","Premium",2690.00,1471.00,14,Activo,6,8
TRX-RD-8774,2025-10-06,037-6831363-1,"José Santana Díaz","Santiago (Los Jardines)","Personal Trainer","Básica",1625.00,1317.00,9,Activo,7,8
TRX-RD-8801,2025-10-06,001-0668806-2,"Genesis Gómez Ventura","Santo Domingo (Piantini)","Membresías","VIP",4890.00,2342.00,8,Activo,9,6
TRX-RD-8821,2025-10-06,011-4552476-3,"Johanny Cruz Guzmán","Santiago (Los Jardines)","Tienda Deportiva","Básica",1409.00,1242.00,10,Activo,7,8
TRX-RD-8825,2025-10-06,037-2074875-9,"Ramón Pérez Marte","Puerto Plata Club","Membresías","Básica",1690.00,1114.00,14,Activo,11,9
TRX-RD-8846,2025-10-06,402-8831087-9,"Manuel Ventura Rosario","Santiago (Los Jardines)","Membresías","Básica",1690.00,1141.00,12,Activo,9,7
TRX-RD-8858,2025-10-06,001-6416894-0,"Gabriel Guzmán Castillo","Punta Cana (Bávaro)","Clases Guiadas","Básica",978.00,1018.00,9,Activo,9,8
TRX-RD-8909,2025-10-06,037-8021183-9,"Miguel Pérez Rodríguez","Santiago (Los Jardines)","Clases Guiadas","Premium",1163.00,1509.00,8,Activo,12,8
TRX-RD-8983,2025-10-06,001-1398005-6,"José Morales Paulino","Punta Cana (Bávaro)","Clases Guiadas","Premium",837.00,1722.00,9,Activo,12,8
TRX-RD-9054,2025-10-06,031-6698507-1,"Carolina Castillo Guzmán","Santo Domingo Este (Zona Oriental)","Clases Guiadas","Básica",867.00,1338.00,11,Activo,16,7
TRX-RD-9117,2025-10-06,001-0197774-2,"Stephanie Peña Ventura","Santo Domingo (Piantini)","Membresías","VIP",4890.00,2497.00,10,Activo,11,7
TRX-RD-9128,2025-10-06,037-4771277-0,"Johanny Santana Santana","Santiago (Los Jardines)","Personal Trainer","Básica",1530.00,1270.00,8,Activo,7,8
TRX-RD-9197,2025-10-06,001-4573372-1,"Carolina Ventura Pérez","Santo Domingo Este (Zona Oriental)","Personal Trainer","Básica",1258.00,1256.00,5,Activo,9,8
TRX-RD-9221,2025-10-06,402-5274340-2,"Altagracia Morales Sánchez","Santiago (Los Jardines)","Membresías","Premium",2690.00,1875.00,9,Activo,13,8
TRX-RD-9240,2025-10-06,002-8546073-9,"Altagracia García Ventura","Punta Cana (Bávaro)","Membresías","Básica",1690.00,1224.00,10,Activo,6,7
TRX-RD-9244,2025-10-06,001-4699582-4,"Emmanuel Pérez Martínez","Santo Domingo (Piantini)","Personal Trainer","Premium",1275.00,1485.00,13,Activo,10,7
TRX-RD-9266,2025-10-06,002-0888852-9,"Kelvin Reyes García","Santo Domingo (Piantini)","Membresías","Básica",1690.00,1261.00,14,Activo,10,9
TRX-RD-9275,2025-10-06,031-1859472-4,"Laura Martínez García","Puerto Plata Club","Personal Trainer","VIP",1525.00,2690.00,10,Activo,6,8
TRX-RD-8581,2025-10-07,037-0076365-3,"Ana Jiménez Peña","Santo Domingo Este (Zona Oriental)","Membresías","Básica",1690.00,1070.00,15,Activo,16,8
TRX-RD-8743,2025-10-07,402-4830579-5,"Laura Marte Guzmán","Santiago (Los Jardines)","Membresías","Básica",1690.00,999.00,12,Activo,16,8
TRX-RD-8752,2025-10-07,402-8428539-8,"Francisco Rodríguez Cruz","Santo Domingo Este (Zona Oriental)","Clases Guiadas","Básica",909.00,1144.00,9,Activo,11,7
TRX-RD-8769,2025-10-07,031-3445475-4,"Luis Rodríguez Morales","Punta Cana (Bávaro)","Personal Trainer","Premium",1279.00,1471.00,14,Activo,6,8
TRX-RD-8776,2025-10-07,031-1874374-3,"Gabriel Martínez Pérez","Santo Domingo Este (Zona Oriental)","Personal Trainer","Básica",1745.00,1181.00,8,Activo,7,8
TRX-RD-8797,2025-10-07,037-2679702-4,"Rafael Castillo Peña","Santo Domingo (Piantini)","Membresías","Básica",1690.00,1274.00,12,Activo,8,8
TRX-RD-8815,2025-10-07,001-0584045-8,"Johanny Paulino Sánchez","Santo Domingo (Piantini)","Personal Trainer","Premium",1611.00,1818.00,12,Activo,14,8
TRX-RD-8822,2025-10-07,002-2421057-5,"Yamilka Pérez Vásquez","Santiago (Los Jardines)","Membresías","Básica",1690.00,1190.00,11,Activo,10,9
TRX-RD-8860,2025-10-07,002-3932879-2,"Juan Peña Ventura","Santo Domingo Este (Zona Oriental)","Personal Trainer","Básica",1395.00,1100.00,8,Activo,13,10
TRX-RD-8888,2025-10-07,402-1618967-6,"Carlos Paulino Guzmán","Punta Cana (Bávaro)","Clases Guiadas","Básica",1125.00,1128.00,10,Activo,14,8
TRX-RD-8981,2025-10-07,031-0415386-5,"Ana Vásquez García","Santo Domingo (Piantini)","Membresías","Premium",2690.00,1642.00,13,Activo,9,9
TRX-RD-8996,2025-10-07,011-3083034-0,"Kelvin Marte Santana","Santiago (Los Jardines)","Tienda Deportiva","Básica",1267.00,1259.00,7,Activo,12,10
TRX-RD-9009,2025-10-07,002-7964571-7,"Yamilka Ventura Peña","Punta Cana (Bávaro)","Membresías","Básica",1690.00,1430.00,11,Activo,14,8
TRX-RD-9057,2025-10-07,037-4720712-8,"Alejandro Paulino Gómez","Santiago (Los Jardines)","Personal Trainer","Básica",1414.00,1054.00,13,Activo,16,7
TRX-RD-9160,2025-10-07,001-3344357-2,"Rosa Marte Martínez","Santo Domingo (Piantini)","Membresías","Básica",1690.00,1036.00,9,Activo,18,8
TRX-RD-9165,2025-10-07,037-8180441-8,"Juan Cruz Ventura","Santiago (Los Jardines)","Membresías","Premium",2690.00,1802.00,7,Activo,9,8
TRX-RD-9193,2025-10-07,031-0544898-3,"Miguel Martínez Jiménez","Santo Domingo Este (Zona Oriental)","Membresías","Premium",2690.00,1940.00,7,Activo,6,8
TRX-RD-9208,2025-10-07,402-6097595-4,"Miguel Rosario Martínez","Santiago (Los Jardines)","Membresías","Premium",2690.00,1653.00,13,Activo,13,6
TRX-RD-9214,2025-10-07,011-7002003-4,"Ramón Pérez Marte","Santo Domingo (Piantini)","Clases Guiadas","VIP",1118.00,2543.00,11,Activo,16,8
TRX-RD-9215,2025-10-07,031-9570833-8,"Gabriel Ventura Gómez","Santiago (Los Jardines)","Membresías","Premium",2690.00,1675.00,5,Activo,11,9
TRX-RD-9231,2025-10-07,011-9506570-9,"Pedro Pérez Sánchez","Santo Domingo (Piantini)","Membresías","Premium",2690.00,1570.00,8,Activo,10,9
TRX-RD-9245,2025-10-07,002-5568091-0,"Gabriel Guzmán Martínez","Santo Domingo (Piantini)","Membresías","Básica",1690.00,948.00,11,Activo,13,9
TRX-RD-9272,2025-10-07,402-2143151-9,"Rosa Sánchez Sánchez","Puerto Plata Club","Clases Guiadas","Básica",943.00,1418.00,13,Activo,17,7
TRX-RD-8590,2025-10-08,037-1550315-1,"Miguel Ventura Rodríguez","Punta Cana (Bávaro)","Membresías","Premium",2690.00,1579.00,8,Activo,11,9
TRX-RD-8617,2025-10-08,097-7028978-4,"Carlos Guzmán Gómez","Punta Cana (Bávaro)","Membresías","Básica",1690.00,855.00,6,Activo,9,9
TRX-RD-8649,2025-10-08,002-6149066-8,"Carolina Jiménez Jiménez","Santo Domingo (Piantini)","Membresías","Básica",1690.00,1195.00,10,Activo,14,9
TRX-RD-8653,2025-10-08,402-9497962-6,"Juan Sánchez Ventura","Santo Domingo Este (Zona Oriental)","Membresías","Premium",2690.00,1775.00,11,Activo,11,7
TRX-RD-8677,2025-10-08,002-4974312-1,"Patricia Guzmán Pérez","Santo Domingo (Piantini)","Membresías","Premium",2690.00,1678.00,10,Activo,9,8
TRX-RD-8680,2025-10-08,402-6347891-5,"Ramón Martínez Morales","Punta Cana (Bávaro)","Personal Trainer","Básica",1704.00,1268.00,11,Activo,4,8
TRX-RD-8700,2025-10-08,402-0968845-2,"María Santana Sánchez","Santiago (Los Jardines)","Tienda Deportiva","Básica",1543.00,998.00,8,Activo,13,8
TRX-RD-8749,2025-10-08,011-3176432-4,"Manuel Gómez Castillo","Santo Domingo Este (Zona Oriental)","Clases Guiadas","Básica",1069.00,1311.00,14,Activo,17,7
TRX-RD-8750,2025-10-08,011-2564054-8,"Pedro García Reyes","Puerto Plata Club","Membresías","Premium",2690.00,1702.00,13,Activo,10,8
TRX-RD-8786,2025-10-08,097-7300350-5,"Laura Sánchez Martínez","Santiago (Los Jardines)","Membresías","Premium",2690.00,1594.00,10,Activo,6,7
TRX-RD-8788,2025-10-08,402-9933288-8,"Carmen Peña Díaz","Santiago (Los Jardines)","Membresías","Premium",2690.00,1344.00,9,Activo,16,9
TRX-RD-8817,2025-10-08,037-8528078-9,"Carmen Rodríguez Vásquez","Santo Domingo Este (Zona Oriental)","Tienda Deportiva","Básica",1222.00,1505.00,8,Activo,18,6
TRX-RD-8939,2025-10-08,097-2331703-9,"María Jiménez Martínez","Santiago (Los Jardines)","Tienda Deportiva","Básica",1418.00,1256.00,9,Activo,16,8
TRX-RD-8941,2025-10-08,037-1474012-7,"Pedro Gómez Jiménez","Puerto Plata Club","Personal Trainer","Básica",1931.00,1647.00,7,Cancelado,13,6
TRX-RD-8985,2025-10-08,002-9847295-2,"Johanny Vásquez Sánchez","Punta Cana (Bávaro)","Membresías","Básica",1690.00,1315.00,8,Activo,12,10
TRX-RD-9010,2025-10-08,002-7964571-7,"Yamilka Ventura Peña","Punta Cana (Bávaro)","Personal Trainer","Básica",1530.00,1430.00,11,Activo,14,8
TRX-RD-9041,2025-10-08,097-4631063-1,"Pedro Peña Vásquez","Santo Domingo (Piantini)","Membresías","Básica",1690.00,1244.00,9,Activo,14,7
TRX-RD-9076,2025-10-08,402-8094202-6,"Luisa Jiménez Pérez","Santo Domingo Este (Zona Oriental)","Membresías","Básica",1690.00,1085.00,3,Activo,12,7
TRX-RD-9078,2025-10-08,402-8094202-6,"Luisa Jiménez Pérez","Santo Domingo Este (Zona Oriental)","Tienda Deportiva","Básica",1747.00,1085.00,3,Activo,12,7
TRX-RD-9089,2025-10-08,037-4151451-1,"María Díaz Cruz","Punta Cana (Bávaro)","Tienda Deportiva","Premium",1471.00,1686.00,9,Activo,8,9
TRX-RD-9119,2025-10-08,011-0238353-4,"José Jiménez Guzmán","Santo Domingo Este (Zona Oriental)","Tienda Deportiva","Básica",1415.00,998.00,7,Activo,9,9
TRX-RD-9124,2025-10-08,001-7888720-4,"Pedro Peña Guzmán","Puerto Plata Club","Clases Guiadas","VIP",803.00,2841.00,13,Activo,8,8
TRX-RD-9143,2025-10-08,402-0044725-4,"Nicole Rosario Castillo","Santo Domingo (Piantini)","Membresías","VIP",4890.00,2318.00,9,Activo,6,8
TRX-RD-9147,2025-10-08,001-2826741-6,"Yamilka Santana Martínez","Santo Domingo Este (Zona Oriental)","Membresías","Básica",1690.00,1389.00,12,Activo,7,7
TRX-RD-9152,2025-10-08,037-2632060-3,"Nicole Castillo Rodríguez","Santo Domingo (Piantini)","Membresías","VIP",4890.00,2417.00,12,Activo,17,10
TRX-RD-9154,2025-10-08,031-4380637-4,"Patricia Gómez Díaz","Puerto Plata Club","Membresías","Premium",2690.00,1726.00,10,Activo,14,8
TRX-RD-9164,2025-10-08,402-9645729-0,"María Ventura García","Punta Cana (Bávaro)","Personal Trainer","Básica",1610.00,1174.00,8,Activo,11,7
TRX-RD-9188,2025-10-08,402-3799506-9,"Miguel Castillo Cruz","Santo Domingo Este (Zona Oriental)","Membresías","Básica",1690.00,1112.00,15,Activo,10,7
TRX-RD-9224,2025-10-08,002-4726579-6,"Emmanuel Paulino Jiménez","Punta Cana (Bávaro)","Membresías","Básica",1690.00,1176.00,8,Activo,12,5
TRX-RD-9228,2025-10-08,002-2682440-7,"María Marte Guzmán","Santo Domingo Este (Zona Oriental)","Membresías","Básica",1690.00,1248.00,13,Activo,16,7
TRX-RD-9274,2025-10-08,031-1859472-4,"Laura Martínez García","Puerto Plata Club","Membresías","VIP",4890.00,2690.00,10,Activo,6,8
TRX-RD-8584,2025-10-09,402-9746499-8,"Rosa Paulino Gómez","Santiago (Los Jardines)","Membresías","Básica",1690.00,1303.00,13,Activo,12,8
TRX-RD-8598,2025-10-09,001-4336709-2,"Ana Paulino Jiménez","Santo Domingo Este (Zona Oriental)","Tienda Deportiva","Básica",2234.00,1162.00,10,Activo,9,8
TRX-RD-8672,2025-10-09,031-9385468-8,"Manuel Marte Vásquez","Santo Domingo Este (Zona Oriental)","Clases Guiadas","Básica",1124.00,1318.00,8,Cancelado,7,9
TRX-RD-8728,2025-10-09,002-4743620-7,"Stephanie Pérez Pérez","Santo Domingo (Piantini)","Membresías","Básica",1690.00,1141.00,14,Activo,9,6
TRX-RD-8741,2025-10-09,011-6483844-1,"Luis Cruz Jiménez","Punta Cana (Bávaro)","Clases Guiadas","Premium",802.00,1584.00,14,Activo,16,7
TRX-RD-8755,2025-10-09,001-7971463-9,"Luisa Peña Díaz","Punta Cana (Bávaro)","Membresías","VIP",4890.00,2491.00,11,Activo,8,8
TRX-RD-8781,2025-10-09,002-3031991-5,"Emmanuel Reyes Morales","Santo Domingo (Piantini)","Personal Trainer","Premium",1378.00,1671.00,7,Activo,15,9
TRX-RD-8879,2025-10-09,402-4204423-4,"Ramón Guzmán Paulino","Santiago (Los Jardines)","Tienda Deportiva","Básica",1781.00,1178.00,9,Activo,9,7
TRX-RD-8914,2025-10-09,031-8253717-9,"Juan Castillo Pérez","Santo Domingo (Piantini)","Membresías","Básica",1690.00,1057.00,14,Activo,13,8
TRX-RD-8915,2025-10-09,011-7420481-6,"Ramón Reyes García","Santo Domingo Este (Zona Oriental)","Membresías","Básica",1690.00,1608.00,11,Activo,10,7
TRX-RD-8919,2025-10-09,002-9790082-1,"Emmanuel García Marte","Santiago (Los Jardines)","Membresías","Premium",2690.00,1801.00,12,Activo,5,8
TRX-RD-8929,2025-10-09,097-3288495-3,"Luis Sánchez Peña","Santiago (Los Jardines)","Membresías","VIP",4890.00,2380.00,11,Activo,9,8
TRX-RD-8965,2025-10-09,001-1313633-7,"Genesis García Rosario","Puerto Plata Club","Membresías","Básica",1690.00,1207.00,14,Activo,13,7
TRX-RD-9000,2025-10-09,031-3994908-9,"Genesis Martínez Pérez","Santo Domingo (Piantini)","Clases Guiadas","VIP",965.00,2456.00,12,Activo,14,8
TRX-RD-9007,2025-10-09,037-1499715-6,"Ana Castillo Cruz","Santo Domingo (Piantini)","Membresías","VIP",4890.00,2452.00,14,Activo,14,10
TRX-RD-9032,2025-10-09,031-0979907-6,"Yamilka Peña Sánchez","Puerto Plata Club","Membresías","VIP",4890.00,2596.00,8,Activo,11,10
TRX-RD-9040,2025-10-09,001-7084713-1,"María Vásquez Marte","Santo Domingo Este (Zona Oriental)","Personal Trainer","Premium",1463.00,1471.00,9,Activo,15,8
TRX-RD-9084,2025-10-09,402-1090617-4,"Ramón Peña Rodríguez","Puerto Plata Club","Membresías","VIP",4890.00,2434.00,8,Activo,18,8
TRX-RD-9090,2025-10-09,011-1481876-6,"Yudelka Marte Santana","Punta Cana (Bávaro)","Membresías","Premium",2690.00,1662.00,10,Activo,11,8
TRX-RD-9097,2025-10-09,031-1611272-7,"Carmen Vásquez Gómez","Santiago (Los Jardines)","Personal Trainer","Básica",1327.00,1263.00,11,Activo,11,8
TRX-RD-9217,2025-10-09,031-9570833-8,"Gabriel Ventura Gómez","Santiago (Los Jardines)","Clases Guiadas","Premium",873.00,1675.00,5,Activo,11,9
TRX-RD-9232,2025-10-09,011-9506570-9,"Pedro Pérez Sánchez","Santo Domingo (Piantini)","Clases Guiadas","Premium",844.00,1570.00,8,Activo,10,9
TRX-RD-9252,2025-10-09,031-6366255-8,"Patricia Cruz Marte","Santo Domingo (Piantini)","Membresías","Básica",1690.00,1166.00,12,Activo,11,9
TRX-RD-9254,2025-10-09,031-2956002-9,"Manuel Pérez Guzmán","Santo Domingo Este (Zona Oriental)","Tienda Deportiva","Premium",1596.00,1777.00,12,Activo,12,7
TRX-RD-8599,2025-10-10,097-5926792-6,"Nicole Paulino Gómez","Santo Domingo (Piantini)","Membresías","Premium",2690.00,1546.00,9,Activo,15,9
TRX-RD-8610,2025-10-10,402-8041676-5,"Alejandro Vásquez García","Punta Cana (Bávaro)","Membresías","Premium",2690.00,1752.00,12,Activo,11,9
TRX-RD-8611,2025-10-10,402-8041676-5,"Alejandro Vásquez García","Punta Cana (Bávaro)","Personal Trainer","Premium",1352.00,1752.00,12,Activo,11,9
TRX-RD-8612,2025-10-10,402-8041676-5,"Alejandro Vásquez García","Punta Cana (Bávaro)","Tienda Deportiva","Premium",1710.00,1752.00,12,Activo,11,9
TRX-RD-8642,2025-10-10,031-1919018-3,"Patricia Rodríguez Pérez","Santiago (Los Jardines)","Personal Trainer","VIP",1826.00,2539.00,11,Activo,12,9
TRX-RD-8643,2025-10-10,031-1919018-3,"Patricia Rodríguez Pérez","Santiago (Los Jardines)","Clases Guiadas","VIP",1180.00,2539.00,11,Activo,12,9
TRX-RD-8646,2025-10-10,037-4397113-1,"Pedro Marte García","Santo Domingo (Piantini)","Tienda Deportiva","VIP",1806.00,2512.00,13,Activo,10,8
TRX-RD-8655,2025-10-10,011-9793610-5,"Luisa García Morales","Santo Domingo (Piantini)","Personal Trainer","VIP",1510.00,2433.00,12,Activo,8,8
TRX-RD-8676,2025-10-10,402-0910953-3,"Miguel Marte Vásquez","Puerto Plata Club","Tienda Deportiva","Básica",1167.00,1155.00,5,Activo,18,8
TRX-RD-8678,2025-10-10,001-5568775-9,"Emmanuel Jiménez Pérez","Santo Domingo Este (Zona Oriental)","Membresías","Premium",2690.00,1714.00,7,Activo,15,7
TRX-RD-8682,2025-10-10,001-6658590-1,"Manuel Ventura Pérez","Punta Cana (Bávaro)","Personal Trainer","VIP",1432.00,2573.00,10,Activo,9,8
TRX-RD-8722,2025-10-10,037-4959824-3,"Laura Morales Sánchez","Santo Domingo (Piantini)","Membresías","Premium",2690.00,1713.00,5,Activo,8,9
TRX-RD-8757,2025-10-10,011-2335632-9,"Luisa Rosario Jiménez","Santiago (Los Jardines)","Membresías","Básica",1690.00,1055.00,13,Activo,10,8
TRX-RD-8779,2025-10-10,031-0526398-6,"Miguel Gómez Vásquez","Santo Domingo (Piantini)","Personal Trainer","Básica",1571.00,1281.00,11,Activo,15,9
TRX-RD-8785,2025-10-10,031-8723636-3,"Carolina Cruz Marte","Santo Domingo Este (Zona Oriental)","Personal Trainer","Básica",1531.00,1359.00,14,Activo,7,8
TRX-RD-8819,2025-10-10,402-7986613-7,"Luis Sánchez Vásquez","Punta Cana (Bávaro)","Membresías","Básica",1690.00,1244.00,9,Activo,13,9
TRX-RD-8835,2025-10-10,031-5503655-5,"Laura Reyes Reyes","Santo Domingo (Piantini)","Membresías","Básica",1690.00,1104.00,13,Activo,12,9
TRX-RD-8845,2025-10-10,031-8246707-0,"Alejandro Marte Morales","Puerto Plata Club","Membresías","VIP",4890.00,2388.00,11,Activo,8,9
TRX-RD-8855,2025-10-10,001-9905757-1,"Alejandro Marte Paulino","Punta Cana (Bávaro)","Membresías","Premium",2690.00,1944.00,13,Activo,10,9
TRX-RD-8867,2025-10-10,031-8363385-2,"Nicole Reyes Vásquez","Santiago (Los Jardines)","Clases Guiadas","Básica",1224.00,1343.00,14,Activo,9,9
TRX-RD-8875,2025-10-10,001-5280253-4,"Carlos Rodríguez Cruz","Santiago (Los Jardines)","Membresías","Básica",1690.00,1160.00,7,Activo,12,9
TRX-RD-8883,2025-10-10,097-0213742-4,"Kelvin Castillo Díaz","Santiago (Los Jardines)","Membresías","Básica",1690.00,1434.00,14,Activo,10,8
TRX-RD-8894,2025-10-10,031-6302745-5,"Luisa Cruz García","Santo Domingo Este (Zona Oriental)","Membresías","Básica",1690.00,1192.00,14,Activo,10,8
TRX-RD-8907,2025-10-10,402-4161120-7,"Carlos Vásquez Peña","Santo Domingo (Piantini)","Personal Trainer","Premium",1416.00,1665.00,10,Activo,9,10
TRX-RD-8927,2025-10-10,001-6928831-3,"Laura Guzmán Santana","Santo Domingo (Piantini)","Membresías","Premium",2690.00,1783.00,8,Cancelado,8,5
TRX-RD-8936,2025-10-10,011-6197242-5,"Ramón Pérez Rosario","Santo Domingo (Piantini)","Tienda Deportiva","Básica",1416.00,1064.00,9,Activo,13,9
TRX-RD-8959,2025-10-10,011-4453841-8,"Manuel Morales Paulino","Puerto Plata Club","Personal Trainer","Básica",1734.00,1143.00,10,Activo,10,8
TRX-RD-8971,2025-10-10,402-2255694-2,"Johanny Rosario Pérez","Punta Cana (Bávaro)","Membresías","Premium",2690.00,1944.00,7,Cancelado,11,9
TRX-RD-8975,2025-10-10,031-4831108-1,"José Paulino Guzmán","Puerto Plata Club","Membresías","VIP",4890.00,2245.00,10,Activo,10,7
TRX-RD-8988,2025-10-10,002-3232256-0,"Patricia Santana Morales","Santo Domingo (Piantini)","Personal Trainer","Básica",1449.00,1098.00,11,Activo,14,9
TRX-RD-9035,2025-10-10,011-1417102-6,"María Morales Morales","Santo Domingo Este (Zona Oriental)","Tienda Deportiva","Básica",2023.00,1084.00,14,Activo,13,8
TRX-RD-9168,2025-10-10,402-7258683-1,"Yudelka Jiménez Peña","Punta Cana (Bávaro)","Membresías","Básica",1690.00,960.00,5,Activo,10,9
TRX-RD-9174,2025-10-10,402-0934530-1,"Johanny Ventura Santana","Santiago (Los Jardines)","Personal Trainer","Básica",1404.00,1432.00,11,Activo,7,8
TRX-RD-9210,2025-10-10,097-3320064-7,"Gabriel Vásquez Reyes","Puerto Plata Club","Membresías","Básica",1690.00,1362.00,7,Cancelado,9,7
TRX-RD-9256,2025-10-10,031-3353004-2,"Emmanuel Reyes Marte","Santiago (Los Jardines)","Membresías","Básica",1690.00,1007.00,7,Activo,12,7
TRX-RD-9271,2025-10-10,402-2143151-9,"Rosa Sánchez Sánchez","Puerto Plata Club","Membresías","Básica",1690.00,1418.00,13,Activo,17,7
TRX-RD-9298,2025-10-10,002-0860564-2,"Kelvin Santana Gómez","Punta Cana (Bávaro)","Membresías","Premium",2690.00,1422.00,8,Activo,9,8
TRX-RD-8591,2025-10-11,402-7362251-0,"Francisco Santana Reyes","Santiago (Los Jardines)","Membresías","Básica",1690.00,1325.00,13,Activo,7,6
TRX-RD-8601,2025-10-11,037-7793362-7,"Pedro Díaz Cruz","Santiago (Los Jardines)","Clases Guiadas","Básica",873.00,1318.00,11,Activo,13,8
TRX-RD-8603,2025-10-11,037-8530130-4,"Miguel Marte Castillo","Santiago (Los Jardines)","Membresías","Básica",1690.00,1247.00,5,Activo,13,9
TRX-RD-8651,2025-10-11,037-5764630-6,"Yamilka Sánchez Sánchez","Santiago (Los Jardines)","Membresías","VIP",4890.00,2364.00,17,Activo,8,8
TRX-RD-8664,2025-10-11,402-0624088-5,"Carlos Sánchez Guzmán","Santo Domingo (Piantini)","Membresías","Básica",1690.00,1359.00,14,Activo,8,9
TRX-RD-8666,2025-10-11,037-0679343-1,"Carlos Rodríguez Martínez","Santo Domingo Este (Zona Oriental)","Membresías","Básica",1690.00,1155.00,13,Activo,11,8
TRX-RD-8668,2025-10-11,011-1339381-1,"Juan Castillo Morales","Santo Domingo (Piantini)","Membresías","Básica",1690.00,1261.00,8,Cancelado,9,9
TRX-RD-8693,2025-10-11,037-9879283-8,"Carmen Morales Cruz","Santo Domingo (Piantini)","Membresías","Básica",1690.00,1237.00,10,Activo,10,8
TRX-RD-8742,2025-10-11,031-7249144-5,"Kelvin Marte Vásquez","Puerto Plata Club","Membresías","Básica",1690.00,1096.00,9,Activo,6,9
TRX-RD-8772,2025-10-11,001-9152930-4,"María Díaz Morales","Santo Domingo (Piantini)","Tienda Deportiva","Premium",1403.00,1749.00,14,Activo,15,6
TRX-RD-8859,2025-10-11,002-3932879-2,"Juan Peña Ventura","Santo Domingo Este (Zona Oriental)","Membresías","Básica",1690.00,1100.00,8,Activo,13,10
TRX-RD-8885,2025-10-11,031-8796310-7,"Ana Marte Sánchez","Santo Domingo Este (Zona Oriental)","Personal Trainer","Básica",1340.00,1181.00,13,Activo,6,6
TRX-RD-8937,2025-10-11,402-2867257-8,"Pedro Castillo Rodríguez","Santo Domingo (Piantini)","Membresías","VIP",4890.00,2687.00,11,Activo,8,9
TRX-RD-8943,2025-10-11,031-8068577-2,"Francisco Ventura Martínez","Santo Domingo (Piantini)","Membresías","Premium",2690.00,1788.00,11,Activo,3,8
TRX-RD-8948,2025-10-11,011-0803242-4,"Laura Gómez Ventura","Santiago (Los Jardines)","Membresías","VIP",4890.00,2719.00,12,Activo,8,9
TRX-RD-8960,2025-10-11,031-4768533-7,"Carolina García Castillo","Santiago (Los Jardines)","Membresías","Básica",1690.00,1267.00,12,Activo,16,7
TRX-RD-8986,2025-10-11,002-1834056-0,"Rafael Sánchez Ventura","Santo Domingo (Piantini)","Membresías","Básica",1690.00,1305.00,12,Activo,10,8
TRX-RD-8987,2025-10-11,002-3232256-0,"Patricia Santana Morales","Santo Domingo (Piantini)","Membresías","Básica",1690.00,1098.00,11,Activo,14,9
TRX-RD-9050,2025-10-11,402-2814003-0,"Miguel Paulino García","Punta Cana (Bávaro)","Personal Trainer","Premium",1500.00,1773.00,6,Activo,13,8
TRX-RD-9065,2025-10-11,037-6202217-0,"Stephanie Marte Castillo","Santiago (Los Jardines)","Membresías","Básica",1690.00,1333.00,11,Activo,14,7
TRX-RD-9073,2025-10-11,037-7443702-8,"José Martínez Díaz","Santo Domingo (Piantini)","Membresías","Premium",2690.00,1742.00,7,Activo,9,9
TRX-RD-9091,2025-10-11,011-1481876-6,"Yudelka Marte Santana","Punta Cana (Bávaro)","Clases Guiadas","Premium",814.00,1662.00,10,Activo,11,8
TRX-RD-9105,2025-10-11,037-0534406-1,"Yudelka Guzmán Martínez","Punta Cana (Bávaro)","Membresías","Premium",2690.00,1985.00,9,Activo,10,7
TRX-RD-9106,2025-10-11,037-0534406-1,"Yudelka Guzmán Martínez","Punta Cana (Bávaro)","Personal Trainer","Premium",1588.00,1985.00,9,Activo,10,7
TRX-RD-9132,2025-10-11,097-4316545-9,"José Sánchez García","Punta Cana (Bávaro)","Clases Guiadas","Básica",806.00,1229.00,9,Activo,11,8
TRX-RD-9218,2025-10-11,037-6341494-7,"Juan Guzmán García","Santiago (Los Jardines)","Membresías","Básica",1690.00,1478.00,8,Activo,7,9
TRX-RD-9250,2025-10-11,097-8381334-9,"Carmen Rosario Ventura","Puerto Plata Club","Membresías","Premium",2690.00,1763.00,12,Activo,10,9
TRX-RD-8623,2025-10-12,037-1324151-5,"Carlos Reyes Martínez","Puerto Plata Club","Membresías","Premium",2690.00,1887.00,14,Activo,12,8
TRX-RD-8740,2025-10-12,011-6483844-1,"Luis Cruz Jiménez","Punta Cana (Bávaro)","Membresías","Premium",2690.00,1584.00,14,Activo,16,7
TRX-RD-8793,2025-10-12,011-5946538-2,"Carmen Díaz Guzmán","Santo Domingo Este (Zona Oriental)","Membresías","Básica",1690.00,1308.00,9,Activo,10,7
TRX-RD-8839,2025-10-12,031-1824879-2,"Pedro Cruz Ventura","Santiago (Los Jardines)","Membresías","VIP",4890.00,2532.00,6,Cancelado,9,6
TRX-RD-8856,2025-10-12,097-5033409-7,"Rafael Santana Reyes","Santo Domingo (Piantini)","Membresías","Básica",1690.00,1108.00,7,Activo,9,7
TRX-RD-8966,2025-10-12,002-8632191-4,"Yamilka Jiménez Jiménez","Santiago (Los Jardines)","Membresías","Básica",1690.00,1169.00,14,Activo,10,6
TRX-RD-9024,2025-10-12,031-8488242-5,"Emmanuel Reyes Guzmán","Santo Domingo Este (Zona Oriental)","Tienda Deportiva","Premium",2319.00,1538.00,7,Cancelado,11,9
TRX-RD-9061,2025-10-12,037-7381306-2,"Carmen Gómez Martínez","Punta Cana (Bávaro)","Membresías","Premium",2690.00,1895.00,10,Activo,11,7
TRX-RD-9075,2025-10-12,402-5541175-9,"Yamilka Sánchez Díaz","Santiago (Los Jardines)","Personal Trainer","VIP",1830.00,2404.00,11,Activo,11,8
TRX-RD-9111,2025-10-12,402-6610369-2,"Stephanie Sánchez Vásquez","Punta Cana (Bávaro)","Personal Trainer","Premium",1327.00,1434.00,16,Activo,10,8
TRX-RD-9133,2025-10-12,097-8808961-4,"Nicole Vásquez Vásquez","Punta Cana (Bávaro)","Membresías","Básica",1690.00,1256.00,7,Activo,13,7
TRX-RD-9157,2025-10-12,002-1719264-0,"Francisco Martínez Morales","Santiago (Los Jardines)","Tienda Deportiva","Básica",1688.00,1168.00,12,Activo,12,7
TRX-RD-9161,2025-10-12,001-3344357-2,"Rosa Marte Martínez","Santo Domingo (Piantini)","Clases Guiadas","Básica",992.00,1036.00,9,Activo,18,8
TRX-RD-9169,2025-10-12,402-7258683-1,"Yudelka Jiménez Peña","Punta Cana (Bávaro)","Tienda Deportiva","Básica",1764.00,960.00,5,Activo,10,9
TRX-RD-9189,2025-10-12,402-3799506-9,"Miguel Castillo Cruz","Santo Domingo Este (Zona Oriental)","Personal Trainer","Básica",1380.00,1112.00,15,Activo,10,7
TRX-RD-9190,2025-10-12,097-8097227-0,"Miguel Ventura Martínez","Santiago (Los Jardines)","Membresías","VIP",4890.00,2387.00,10,Activo,17,9
TRX-RD-9220,2025-10-12,031-5780704-5,"Joan Guzmán Rodríguez","Punta Cana (Bávaro)","Membresías","VIP",4890.00,2509.00,13,Activo,7,8
TRX-RD-9226,2025-10-12,037-7679995-3,"Juan Gómez Rodríguez","Punta Cana (Bávaro)","Clases Guiadas","Básica",934.00,924.00,10,Activo,17,9
TRX-RD-9243,2025-10-12,001-4699582-4,"Emmanuel Pérez Martínez","Santo Domingo (Piantini)","Membresías","Premium",2690.00,1485.00,13,Activo,10,7
TRX-RD-9268,2025-10-12,002-3241056-3,"Carolina Sánchez Paulino","Santo Domingo (Piantini)","Membresías","Básica",1690.00,1438.00,4,Activo,9,7
TRX-RD-9284,2025-10-12,097-4974915-7,"Laura Santana Vásquez","Punta Cana (Bávaro)","Membresías","Básica",1690.00,1537.00,11,Activo,12,9
TRX-RD-9292,2025-10-12,002-9208152-8,"Carlos Ventura Morales","Santiago (Los Jardines)","Personal Trainer","Básica",1648.00,1289.00,6,Activo,9,9
TRX-RD-8654,2025-10-13,011-9793610-5,"Luisa García Morales","Santo Domingo (Piantini)","Membresías","VIP",4890.00,2433.00,12,Activo,8,8
TRX-RD-8705,2025-10-13,097-1884385-8,"Ana Santana Rodríguez","Santo Domingo (Piantini)","Clases Guiadas","Premium",1071.00,1659.00,11,Activo,12,10
TRX-RD-8730,2025-10-13,402-9335168-6,"Francisco Paulino Guzmán","Puerto Plata Club","Membresías","Básica",1690.00,1199.00,7,Activo,12,8
TRX-RD-8807,2025-10-13,001-0742516-7,"Luis Ventura Reyes","Santo Domingo Este (Zona Oriental)","Tienda Deportiva","Básica",1874.00,1136.00,15,Activo,10,9
TRX-RD-8854,2025-10-13,031-2974266-8,"Johanny Jiménez Jiménez","Santo Domingo (Piantini)","Personal Trainer","Premium",1652.00,1751.00,12,Activo,11,8
TRX-RD-8902,2025-10-13,402-7419040-0,"Manuel Morales Martínez","Santiago (Los Jardines)","Membresías","VIP",4890.00,2232.00,14,Activo,19,8
TRX-RD-8916,2025-10-13,031-1608619-4,"Joan Díaz Rodríguez","Santo Domingo (Piantini)","Membresías","Básica",1690.00,1531.00,12,Activo,9,7
TRX-RD-8946,2025-10-13,001-2868275-4,"Ramón Peña García","Santo Domingo (Piantini)","Membresías","VIP",4890.00,2577.00,11,Activo,9,8
TRX-RD-9011,2025-10-13,037-1652013-9,"Francisco Peña Marte","Santiago (Los Jardines)","Membresías","Premium",2690.00,1585.00,8,Activo,13,8
TRX-RD-9037,2025-10-13,002-2227557-0,"Kelvin Díaz García","Santo Domingo (Piantini)","Membresías","VIP",4890.00,2334.00,17,Activo,14,9
TRX-RD-9049,2025-10-13,402-2814003-0,"Miguel Paulino García","Punta Cana (Bávaro)","Membresías","Premium",2690.00,1773.00,6,Activo,13,8
TRX-RD-9070,2025-10-13,097-2127106-3,"Manuel Sánchez Rodríguez","Punta Cana (Bávaro)","Membresías","Básica",1690.00,1396.00,11,Activo,9,8
TRX-RD-9099,2025-10-13,097-7697463-7,"Altagracia Díaz Rodríguez","Santiago (Los Jardines)","Tienda Deportiva","Básica",1287.00,1064.00,11,Activo,7,9
TRX-RD-9172,2025-10-13,402-9075402-3,"Ana Pérez Ventura","Santiago (Los Jardines)","Membresías","Premium",2690.00,1899.00,6,Activo,13,8
TRX-RD-9187,2025-10-13,031-3458161-4,"Juan García Martínez","Santiago (Los Jardines)","Membresías","Básica",1690.00,1407.00,7,Cancelado,9,10
TRX-RD-9203,2025-10-13,031-7353529-9,"Patricia Sánchez Santana","Santiago (Los Jardines)","Membresías","Básica",1690.00,1184.00,9,Cancelado,8,9
TRX-RD-9212,2025-10-13,011-7002003-4,"Ramón Pérez Marte","Santo Domingo (Piantini)","Membresías","VIP",4890.00,2543.00,11,Activo,16,8
TRX-RD-9249,2025-10-13,001-1182612-9,"Rafael Rodríguez Guzmán","Santiago (Los Jardines)","Personal Trainer","Básica",1230.00,1193.00,11,Activo,10,8
TRX-RD-9253,2025-10-13,031-2956002-9,"Manuel Pérez Guzmán","Santo Domingo Este (Zona Oriental)","Membresías","Premium",2690.00,1777.00,12,Activo,12,7
TRX-RD-9276,2025-10-13,037-0461767-3,"Luis Vásquez Díaz","Puerto Plata Club","Membresías","Premium",2690.00,1417.00,10,Activo,7,9
TRX-RD-8596,2025-10-14,002-7106673-0,"Emmanuel Santana Paulino","Santiago (Los Jardines)","Membresías","Premium",2690.00,1582.00,12,Activo,18,9
TRX-RD-8597,2025-10-14,001-4336709-2,"Ana Paulino Jiménez","Santo Domingo Este (Zona Oriental)","Membresías","Básica",1690.00,1162.00,10,Activo,9,8
TRX-RD-8659,2025-10-14,037-5881311-1,"Luisa Santana Guzmán","Santo Domingo (Piantini)","Membresías","Premium",2690.00,1676.00,8,Activo,5,8
TRX-RD-8660,2025-10-14,037-5881311-1,"Luisa Santana Guzmán","Santo Domingo (Piantini)","Clases Guiadas","Premium",864.00,1676.00,8,Activo,5,8
TRX-RD-8763,2025-10-14,097-4814056-4,"Alejandro Cruz Díaz","Punta Cana (Bávaro)","Membresías","VIP",4890.00,2397.00,15,Activo,12,8
TRX-RD-8829,2025-10-14,037-8163497-1,"Carolina Marte Reyes","Santo Domingo (Piantini)","Membresías","VIP",4890.00,2270.00,10,Activo,12,8
TRX-RD-8830,2025-10-14,001-6323693-8,"Manuel Vásquez Sánchez","Punta Cana (Bávaro)","Membresías","VIP",4890.00,2549.00,11,Activo,14,8
TRX-RD-8853,2025-10-14,031-2974266-8,"Johanny Jiménez Jiménez","Santo Domingo (Piantini)","Membresías","Premium",2690.00,1751.00,12,Activo,11,8
TRX-RD-8897,2025-10-14,002-6118565-6,"Pedro Guzmán Paulino","Punta Cana (Bávaro)","Membresías","Básica",1690.00,1055.00,5,Activo,11,9
TRX-RD-8913,2025-10-14,002-6804390-8,"Alejandro Morales Ventura","Santiago (Los Jardines)","Membresías","Básica",1690.00,1291.00,11,Activo,6,8
TRX-RD-8953,2025-10-14,002-2795339-5,"Ramón Martínez Vásquez","Santo Domingo (Piantini)","Membresías","Básica",1690.00,1134.00,12,Activo,10,10
TRX-RD-8976,2025-10-14,031-6441568-3,"Manuel Paulino Ventura","Puerto Plata Club","Membresías","VIP",4890.00,2333.00,12,Activo,15,10
TRX-RD-9003,2025-10-14,011-0228573-9,"Laura Sánchez Peña","Santiago (Los Jardines)","Clases Guiadas","Premium",731.00,1619.00,7,Activo,10,6
TRX-RD-9066,2025-10-14,011-0266902-3,"Genesis Castillo Peña","Santo Domingo (Piantini)","Membresías","VIP",4890.00,2620.00,14,Activo,6,8
TRX-RD-9071,2025-10-14,097-2127106-3,"Manuel Sánchez Rodríguez","Punta Cana (Bávaro)","Clases Guiadas","Básica",737.00,1396.00,11,Activo,9,8
TRX-RD-9072,2025-10-14,097-2127106-3,"Manuel Sánchez Rodríguez","Punta Cana (Bávaro)","Tienda Deportiva","Básica",1868.00,1396.00,11,Activo,9,8
TRX-RD-9123,2025-10-14,001-7888720-4,"Pedro Peña Guzmán","Puerto Plata Club","Membresías","VIP",4890.00,2841.00,13,Activo,8,8
TRX-RD-9145,2025-10-14,037-6416060-6,"Luisa Cruz Díaz","Punta Cana (Bávaro)","Membresías","Básica",1690.00,1171.00,4,Cancelado,14,7
TRX-RD-9186,2025-10-14,037-8345657-1,"Altagracia Guzmán Rodríguez","Santo Domingo (Piantini)","Membresías","VIP",4890.00,2412.00,9,Activo,7,9
TRX-RD-9219,2025-10-14,097-0712831-1,"Miguel Rodríguez Paulino","Santo Domingo (Piantini)","Membresías","Premium",2690.00,1658.00,13,Activo,13,8
TRX-RD-9230,2025-10-14,037-3862730-0,"Miguel Díaz Reyes","Puerto Plata Club","Tienda Deportiva","Básica",1672.00,809.00,15,Activo,17,8
TRX-RD-9237,2025-10-14,002-8193156-8,"Altagracia Martínez Castillo","Punta Cana (Bávaro)","Tienda Deportiva","Básica",1486.00,1073.00,9,Activo,13,9
TRX-RD-9283,2025-10-14,002-8585690-2,"Gabriel Cruz Rosario","Punta Cana (Bávaro)","Membresías","Premium",2690.00,1358.00,9,Activo,13,7
TRX-RD-8580,2025-10-15,402-6032335-3,"Rosa Pérez Martínez","Santo Domingo (Piantini)","Personal Trainer","VIP",1564.00,2308.00,11,Activo,12,8
TRX-RD-8594,2025-10-15,002-6892455-2,"Rafael Jiménez Guzmán","Santo Domingo Este (Zona Oriental)","Membresías","Básica",1690.00,1399.00,13,Activo,13,8
TRX-RD-8607,2025-10-15,402-6826092-0,"Juan Rodríguez Reyes","Santo Domingo Este (Zona Oriental)","Membresías","Básica",1690.00,1398.00,7,Activo,7,9
TRX-RD-8657,2025-10-15,001-1088222-2,"Altagracia Rodríguez García","Santiago (Los Jardines)","Membresías","Básica",1690.00,946.00,8,Activo,17,8
TRX-RD-8698,2025-10-15,402-0968845-2,"María Santana Sánchez","Santiago (Los Jardines)","Membresías","Básica",1690.00,998.00,8,Activo,13,8
TRX-RD-8733,2025-10-15,037-4087860-2,"José Vásquez Gómez","Puerto Plata Club","Tienda Deportiva","Premium",1213.00,1700.00,12,Activo,10,9
TRX-RD-8746,2025-10-15,031-8069871-8,"Miguel Martínez Cruz","Santo Domingo Este (Zona Oriental)","Personal Trainer","Básica",1315.00,1173.00,12,Activo,13,7
TRX-RD-8747,2025-10-15,002-0153299-1,"Alejandro Sánchez Marte","Punta Cana (Bávaro)","Membresías","Básica",1690.00,1148.00,7,Activo,12,9
TRX-RD-8791,2025-10-15,001-3849562-7,"Joan Guzmán Santana","Santo Domingo (Piantini)","Clases Guiadas","VIP",656.00,2406.00,12,Activo,6,7
TRX-RD-8831,2025-10-15,011-8589574-3,"Carlos Guzmán Sánchez","Punta Cana (Bávaro)","Membresías","VIP",4890.00,2413.00,8,Activo,10,6
TRX-RD-8865,2025-10-15,002-9235870-2,"Juan Castillo Cruz","Punta Cana (Bávaro)","Personal Trainer","VIP",1515.00,2478.00,10,Activo,11,8
TRX-RD-8931,2025-10-15,402-6702324-6,"Alejandro Peña Cruz","Santo Domingo (Piantini)","Personal Trainer","Premium",1285.00,1835.00,9,Cancelado,13,7
TRX-RD-8940,2025-10-15,037-1474012-7,"Pedro Gómez Jiménez","Puerto Plata Club","Membresías","Básica",1690.00,1647.00,7,Cancelado,13,6
TRX-RD-9038,2025-10-15,011-7170800-9,"Emmanuel Paulino Rosario","Santo Domingo Este (Zona Oriental)","Membresías","Básica",1690.00,1290.00,6,Cancelado,19,9
TRX-RD-9053,2025-10-15,031-6698507-1,"Carolina Castillo Guzmán","Santo Domingo Este (Zona Oriental)","Membresías","Básica",1690.00,1338.00,11,Activo,16,7
TRX-RD-9058,2025-10-15,037-4720712-8,"Alejandro Paulino Gómez","Santiago (Los Jardines)","Clases Guiadas","Básica",768.00,1054.00,13,Activo,16,7
TRX-RD-9085,2025-10-15,402-1090617-4,"Ramón Peña Rodríguez","Puerto Plata Club","Personal Trainer","VIP",1515.00,2434.00,8,Activo,18,8
TRX-RD-9095,2025-10-15,037-2317067-0,"Kelvin Jiménez Sánchez","Santo Domingo Este (Zona Oriental)","Membresías","VIP",4890.00,2731.00,19,Activo,8,8
TRX-RD-9101,2025-10-15,097-1755408-4,"Carolina Paulino Marte","Santo Domingo Este (Zona Oriental)","Tienda Deportiva","Premium",1024.00,1360.00,5,Activo,6,8
TRX-RD-9116,2025-10-15,402-5462716-5,"Genesis García García","Punta Cana (Bávaro)","Membresías","Premium",2690.00,1764.00,13,Activo,10,9
TRX-RD-9134,2025-10-15,097-8808961-4,"Nicole Vásquez Vásquez","Punta Cana (Bávaro)","Clases Guiadas","Básica",1149.00,1256.00,7,Activo,13,7
TRX-RD-9180,2025-10-15,001-6303143-8,"Rosa Castillo Ventura","Santiago (Los Jardines)","Membresías","VIP",4890.00,2315.00,5,Activo,13,8
TRX-RD-9191,2025-10-15,031-2023540-7,"Nicole Peña Pérez","Santo Domingo (Piantini)","Membresías","VIP",4890.00,2393.00,8,Activo,10,8
TRX-RD-9199,2025-10-15,097-1092080-3,"Carolina Reyes Ventura","Punta Cana (Bávaro)","Membresías","Premium",2690.00,1673.00,12,Activo,19,7
TRX-RD-9200,2025-10-15,097-1092080-3,"Carolina Reyes Ventura","Punta Cana (Bávaro)","Tienda Deportiva","Premium",1166.00,1673.00,12,Activo,19,7
TRX-RD-9209,2025-10-15,402-6097595-4,"Miguel Rosario Martínez","Santiago (Los Jardines)","Clases Guiadas","Premium",1178.00,1653.00,13,Activo,13,6
TRX-RD-9262,2025-10-15,011-7533243-4,"Kelvin Ventura Sánchez","Santiago (Los Jardines)","Membresías","Premium",2690.00,1646.00,16,Activo,17,6
TRX-RD-9278,2025-10-15,031-1342744-1,"Patricia Pérez Díaz","Puerto Plata Club","Clases Guiadas","Básica",887.00,1141.00,11,Activo,12,9
TRX-RD-9282,2025-10-15,002-6200903-8,"Carmen Sánchez Castillo","Santiago (Los Jardines)","Membresías","Básica",1690.00,1560.00,8,Activo,12,6
TRX-RD-9295,2025-10-15,011-6281236-4,"Gabriel Sánchez Pérez","Santiago (Los Jardines)","Clases Guiadas","Premium",1051.00,1729.00,8,Activo,10,6
TRX-RD-9297,2025-10-15,011-5398339-8,"Rafael Paulino Jiménez","Santo Domingo Este (Zona Oriental)","Clases Guiadas","Básica",915.00,1136.00,10,Activo,9,8
TRX-RD-8637,2025-10-16,402-7493032-6,"Emmanuel Paulino Reyes","Puerto Plata Club","Clases Guiadas","VIP",882.00,2353.00,9,Activo,14,9
TRX-RD-8638,2025-10-16,097-0737044-2,"Ana Rodríguez Paulino","Santo Domingo (Piantini)","Membresías","Premium",2690.00,1636.00,12,Activo,9,9
TRX-RD-8650,2025-10-16,002-6149066-8,"Carolina Jiménez Jiménez","Santo Domingo (Piantini)","Clases Guiadas","Básica",1079.00,1195.00,10,Activo,14,9
TRX-RD-8684,2025-10-16,002-1029560-6,"Manuel Gómez Cruz","Santiago (Los Jardines)","Tienda Deportiva","Premium",1282.00,1537.00,11,Activo,12,8
TRX-RD-8725,2025-10-16,037-2913086-8,"Luisa Rodríguez Guzmán","Santo Domingo (Piantini)","Membresías","Básica",1690.00,1150.00,7,Activo,11,6
TRX-RD-8748,2025-10-16,011-3176432-4,"Manuel Gómez Castillo","Santo Domingo Este (Zona Oriental)","Membresías","Básica",1690.00,1311.00,14,Activo,17,7
TRX-RD-8758,2025-10-16,011-2335632-9,"Luisa Rosario Jiménez","Santiago (Los Jardines)","Tienda Deportiva","Básica",1422.00,1055.00,13,Activo,10,8
TRX-RD-8764,2025-10-16,097-4814056-4,"Alejandro Cruz Díaz","Punta Cana (Bávaro)","Tienda Deportiva","VIP",1661.00,2397.00,15,Activo,12,8
TRX-RD-8777,2025-10-16,001-0472829-0,"Luisa Santana Díaz","Santo Domingo (Piantini)","Membresías","Premium",2690.00,1560.00,9,Activo,11,7
TRX-RD-8861,2025-10-16,002-3932879-2,"Juan Peña Ventura","Santo Domingo Este (Zona Oriental)","Tienda Deportiva","Básica",456.00,1100.00,8,Activo,13,10
TRX-RD-8873,2025-10-16,002-5206211-2,"Kelvin Cruz Morales","Puerto Plata Club","Clases Guiadas","Premium",909.00,2020.00,10,Activo,10,8
TRX-RD-8932,2025-10-16,402-6702324-6,"Alejandro Peña Cruz","Santo Domingo (Piantini)","Clases Guiadas","Premium",1051.00,1835.00,9,Cancelado,13,7
TRX-RD-8944,2025-10-16,011-8180435-0,"Ramón García Peña","Santiago (Los Jardines)","Membresías","Básica",1690.00,1183.00,6,Activo,14,9
TRX-RD-8950,2025-10-16,011-0803242-4,"Laura Gómez Ventura","Santiago (Los Jardines)","Tienda Deportiva","VIP",2271.00,2719.00,12,Activo,8,9
TRX-RD-8957,2025-10-16,037-7397599-4,"Luis Reyes Ventura","Santo Domingo (Piantini)","Clases Guiadas","Básica",1071.00,1334.00,12,Activo,9,7
TRX-RD-8961,2025-10-16,001-2207218-4,"Luisa Marte Vásquez","Santo Domingo Este (Zona Oriental)","Membresías","VIP",4890.00,2660.00,9,Activo,6,7
TRX-RD-8984,2025-10-16,031-0115665-5,"Altagracia Vásquez Castillo","Santiago (Los Jardines)","Membresías","Básica",1690.00,1249.00,8,Activo,15,7
TRX-RD-9081,2025-10-16,031-7164015-8,"Pedro Paulino Vásquez","Punta Cana (Bávaro)","Membresías","Básica",1690.00,1199.00,3,Cancelado,13,8
TRX-RD-9110,2025-10-16,402-6610369-2,"Stephanie Sánchez Vásquez","Punta Cana (Bávaro)","Membresías","Premium",2690.00,1434.00,16,Activo,10,8
TRX-RD-9114,2025-10-16,037-5296970-3,"Rosa Sánchez Reyes","Punta Cana (Bávaro)","Membresías","Premium",2690.00,1522.00,10,Activo,10,7
TRX-RD-9115,2025-10-16,031-7945376-0,"Kelvin Pérez Pérez","Santiago (Los Jardines)","Membresías","Básica",1690.00,1178.00,8,Activo,15,7
TRX-RD-9120,2025-10-16,001-1158293-8,"Manuel Sánchez García","Punta Cana (Bávaro)","Membresías","Premium",2690.00,1670.00,5,Activo,6,9
TRX-RD-9129,2025-10-16,002-4930097-1,"Alejandro Paulino Jiménez","Santo Domingo (Piantini)","Membresías","Básica",1690.00,1333.00,7,Activo,13,9
TRX-RD-9139,2025-10-16,097-5339295-1,"Juan Santana Díaz","Puerto Plata Club","Personal Trainer","Básica",1619.00,1374.00,7,Activo,8,7
TRX-RD-9227,2025-10-16,037-7679995-3,"Juan Gómez Rodríguez","Punta Cana (Bávaro)","Tienda Deportiva","Básica",1023.00,924.00,10,Activo,17,9
TRX-RD-9273,2025-10-16,011-3392304-3,"Pedro Gómez Díaz","Santiago (Los Jardines)","Membresías","Básica",1690.00,1229.00,16,Activo,7,8
TRX-RD-9288,2025-10-16,031-2693777-4,"Emmanuel Santana Reyes","Santo Domingo Este (Zona Oriental)","Clases Guiadas","Básica",1247.00,1388.00,12,Activo,9,6
TRX-RD-8669,2025-10-17,002-2145915-9,"Juan Marte Paulino","Santo Domingo (Piantini)","Membresías","Premium",2690.00,1683.00,11,Activo,10,8
TRX-RD-8674,2025-10-17,011-8606403-4,"Rafael Paulino Gómez","Punta Cana (Bávaro)","Membresías","Básica",1690.00,1076.00,14,Activo,12,7
TRX-RD-8717,2025-10-17,402-3864375-9,"Kelvin Ventura Pérez","Santo Domingo (Piantini)","Membresías","VIP",4890.00,2450.00,9,Activo,15,10
TRX-RD-8744,2025-10-17,402-4830579-5,"Laura Marte Guzmán","Santiago (Los Jardines)","Personal Trainer","Básica",1473.00,999.00,12,Activo,16,8
TRX-RD-8784,2025-10-17,031-8723636-3,"Carolina Cruz Marte","Santo Domingo Este (Zona Oriental)","Membresías","Básica",1690.00,1359.00,14,Activo,7,8
TRX-RD-8806,2025-10-17,001-0742516-7,"Luis Ventura Reyes","Santo Domingo Este (Zona Oriental)","Membresías","Básica",1690.00,1136.00,15,Activo,10,9
TRX-RD-8832,2025-10-17,011-8589574-3,"Carlos Guzmán Sánchez","Punta Cana (Bávaro)","Personal Trainer","VIP",1437.00,2413.00,8,Activo,10,6
TRX-RD-8862,2025-10-17,097-3530510-5,"Alejandro Marte Reyes","Puerto Plata Club","Membresías","VIP",4890.00,2566.00,8,Activo,11,7
TRX-RD-8920,2025-10-17,002-9790082-1,"Emmanuel García Marte","Santiago (Los Jardines)","Personal Trainer","Premium",1402.00,1801.00,12,Activo,5,8
TRX-RD-8933,2025-10-17,402-7337520-0,"Yudelka Peña Jiménez","Santiago (Los Jardines)","Membresías","VIP",4890.00,2497.00,11,Activo,16,7
TRX-RD-8969,2025-10-17,031-0389221-6,"Laura Reyes Marte","Santo Domingo (Piantini)","Personal Trainer","Premium",1234.00,1788.00,9,Activo,11,7
TRX-RD-8980,2025-10-17,002-0728408-4,"Juan Vásquez Castillo","Santo Domingo Este (Zona Oriental)","Tienda Deportiva","Básica",1476.00,1460.00,12,Activo,8,9
TRX-RD-8994,2025-10-17,011-4788643-4,"Emmanuel Santana Martínez","Santo Domingo (Piantini)","Tienda Deportiva","Básica",1655.00,1197.00,13,Activo,14,8
TRX-RD-9002,2025-10-17,011-0228573-9,"Laura Sánchez Peña","Santiago (Los Jardines)","Membresías","Premium",2690.00,1619.00,7,Activo,10,6
TRX-RD-9108,2025-10-17,402-2759002-9,"Carmen Gómez Castillo","Santo Domingo (Piantini)","Personal Trainer","Premium",1931.00,1966.00,8,Activo,7,8
TRX-RD-9185,2025-10-17,031-7376796-7,"Laura Martínez Marte","Santiago (Los Jardines)","Membresías","VIP",4890.00,2424.00,10,Activo,13,8
TRX-RD-9196,2025-10-17,001-4573372-1,"Carolina Ventura Pérez","Santo Domingo Este (Zona Oriental)","Membresías","Básica",1690.00,1256.00,5,Activo,9,8
TRX-RD-9233,2025-10-17,402-0142321-3,"Stephanie Morales Marte","Punta Cana (Bávaro)","Membresías","VIP",4890.00,2376.00,10,Activo,0,8
TRX-RD-9236,2025-10-17,002-8193156-8,"Altagracia Martínez Castillo","Punta Cana (Bávaro)","Membresías","Básica",1690.00,1073.00,9,Activo,13,9
TRX-RD-9290,2025-10-17,011-4966584-4,"Emmanuel Vásquez Sánchez","Santo Domingo Este (Zona Oriental)","Clases Guiadas","Premium",1008.00,1777.00,13,Activo,9,8
TRX-RD-9296,2025-10-17,011-5398339-8,"Rafael Paulino Jiménez","Santo Domingo Este (Zona Oriental)","Membresías","Básica",1690.00,1136.00,10,Activo,9,8
TRX-RD-8579,2025-10-18,402-6032335-3,"Rosa Pérez Martínez","Santo Domingo (Piantini)","Membresías","VIP",4890.00,2308.00,11,Activo,12,8
TRX-RD-8629,2025-10-18,002-9985685-6,"Ana Reyes Santana","Santiago (Los Jardines)","Membresías","Básica",1690.00,1420.00,10,Activo,9,7
TRX-RD-8656,2025-10-18,002-5922083-8,"Laura Morales Rosario","Punta Cana (Bávaro)","Membresías","Premium",2690.00,1704.00,9,Activo,13,9
TRX-RD-8658,2025-10-18,001-1088222-2,"Altagracia Rodríguez García","Santiago (Los Jardines)","Clases Guiadas","Básica",827.00,946.00,8,Activo,17,8
TRX-RD-8712,2025-10-18,001-3787669-4,"Ramón Díaz Rodríguez","Punta Cana (Bávaro)","Clases Guiadas","Premium",986.00,1538.00,11,Activo,6,8
TRX-RD-8713,2025-10-18,402-2735504-3,"Ramón Marte Sánchez","Santiago (Los Jardines)","Membresías","Premium",2690.00,1446.00,12,Activo,9,5
TRX-RD-8718,2025-10-18,002-6952256-1,"Nicole Santana Reyes","Santo Domingo (Piantini)","Membresías","VIP",4890.00,2640.00,13,Activo,9,8
TRX-RD-8731,2025-10-18,037-4087860-2,"José Vásquez Gómez","Puerto Plata Club","Membresías","Premium",2690.00,1700.00,12,Activo,10,9
TRX-RD-8738,2025-10-18,031-7139591-0,"Rafael Sánchez Paulino","Santo Domingo Este (Zona Oriental)","Clases Guiadas","Básica",702.00,1135.00,11,Activo,16,7
TRX-RD-8790,2025-10-18,001-3849562-7,"Joan Guzmán Santana","Santo Domingo (Piantini)","Membresías","VIP",4890.00,2406.00,12,Activo,6,7
TRX-RD-8811,2025-10-18,011-5213746-7,"Johanny Morales Santana","Santiago (Los Jardines)","Tienda Deportiva","Premium",1079.00,1557.00,7,Activo,12,9
TRX-RD-8849,2025-10-18,037-0591246-1,"Luis Rodríguez Rosario","Santo Domingo Este (Zona Oriental)","Membresías","Básica",1690.00,1416.00,10,Activo,12,7
TRX-RD-8905,2025-10-18,002-2155877-8,"Genesis Jiménez García","Santiago (Los Jardines)","Personal Trainer","Premium",1580.00,1357.00,13,Activo,6,9
TRX-RD-8911,2025-10-18,037-7869598-5,"Kelvin Ventura García","Punta Cana (Bávaro)","Membresías","Premium",2690.00,1596.00,13,Activo,8,7
TRX-RD-8922,2025-10-18,402-0475896-1,"Carolina Reyes Rosario","Santo Domingo (Piantini)","Membresías","Premium",2690.00,1762.00,12,Activo,5,10
TRX-RD-8923,2025-10-18,031-0815783-9,"Nicole Peña Rodríguez","Punta Cana (Bávaro)","Membresías","Básica",1690.00,950.00,6,Activo,9,7
TRX-RD-9055,2025-10-18,031-6698507-1,"Carolina Castillo Guzmán","Santo Domingo Este (Zona Oriental)","Tienda Deportiva","Básica",979.00,1338.00,11,Activo,16,7
TRX-RD-9083,2025-10-18,037-6030232-7,"Rosa Vásquez Jiménez","Santiago (Los Jardines)","Membresías","VIP",4890.00,2326.00,10,Activo,10,8
TRX-RD-9093,2025-10-18,031-9583417-5,"Alejandro Cruz Vásquez","Santiago (Los Jardines)","Membresías","Premium",2690.00,1421.00,12,Activo,11,7
TRX-RD-9125,2025-10-18,001-7888720-4,"Pedro Peña Guzmán","Puerto Plata Club","Tienda Deportiva","VIP",2207.00,2841.00,13,Activo,8,8
TRX-RD-9141,2025-10-18,097-7382184-9,"Ana Díaz Reyes","Santo Domingo (Piantini)","Membresías","Premium",2690.00,1649.00,10,Activo,19,7
TRX-RD-9183,2025-10-18,031-6853975-1,"Francisco Ventura Rodríguez","Santo Domingo (Piantini)","Clases Guiadas","Premium",1226.00,1584.00,11,Activo,8,9
TRX-RD-9225,2025-10-18,037-7679995-3,"Juan Gómez Rodríguez","Punta Cana (Bávaro)","Membresías","Básica",1690.00,924.00,10,Activo,17,9
TRX-RD-9238,2025-10-18,001-5706299-3,"Carmen Rosario Pérez","Santo Domingo Este (Zona Oriental)","Membresías","Básica",1690.00,1294.00,7,Activo,8,7
TRX-RD-9302,2025-10-18,037-3006683-8,"Carmen Peña Peña","Punta Cana (Bávaro)","Membresías","Básica",1690.00,1406.00,10,Activo,8,8
TRX-RD-8585,2025-10-19,031-4201189-3,"Alejandro Díaz Castillo","Santo Domingo (Piantini)","Membresías","Básica",1690.00,949.00,11,Activo,14,7
TRX-RD-8600,2025-10-19,037-7793362-7,"Pedro Díaz Cruz","Santiago (Los Jardines)","Membresías","Básica",1690.00,1318.00,11,Activo,13,8
TRX-RD-8605,2025-10-19,037-8530130-4,"Miguel Marte Castillo","Santiago (Los Jardines)","Clases Guiadas","Básica",1099.00,1247.00,5,Activo,13,9
TRX-RD-8631,2025-10-19,097-7920909-8,"Ana García Santana","Santo Domingo Este (Zona Oriental)","Membresías","Básica",1690.00,1411.00,10,Activo,14,7
TRX-RD-8734,2025-10-19,001-9801258-5,"Johanny Pérez Marte","Santiago (Los Jardines)","Membresías","Básica",1690.00,1140.00,4,Activo,11,9
TRX-RD-8780,2025-10-19,002-3031991-5,"Emmanuel Reyes Morales","Santo Domingo (Piantini)","Membresías","Premium",2690.00,1671.00,7,Activo,15,9
TRX-RD-8837,2025-10-19,097-9949127-0,"Francisco Santana Peña","Santo Domingo (Piantini)","Membresías","VIP",4890.00,2523.00,15,Activo,18,9
TRX-RD-8900,2025-10-19,031-5240580-3,"Rafael Rosario Rosario","Santiago (Los Jardines)","Tienda Deportiva","Premium",1690.00,1595.00,8,Activo,12,6
TRX-RD-8972,2025-10-19,402-2255694-2,"Johanny Rosario Pérez","Punta Cana (Bávaro)","Clases Guiadas","Premium",854.00,1944.00,7,Cancelado,11,9
TRX-RD-8973,2025-10-19,097-9613201-8,"Johanny Marte Castillo","Santo Domingo Este (Zona Oriental)","Membresías","Básica",1690.00,954.00,14,Activo,12,8
TRX-RD-8974,2025-10-19,011-9218691-2,"Ramón Santana Gómez","Santiago (Los Jardines)","Membresías","Premium",2690.00,1586.00,11,Activo,9,9
TRX-RD-8997,2025-10-19,001-6862823-8,"Kelvin Vásquez Pérez","Santo Domingo (Piantini)","Membresías","Básica",1690.00,1068.00,12,Activo,11,7
TRX-RD-9004,2025-10-19,001-1274666-4,"Kelvin Marte Guzmán","Santiago (Los Jardines)","Membresías","Premium",2690.00,1496.00,10,Activo,11,8
TRX-RD-9036,2025-10-19,002-6627199-8,"Gabriel Ventura Ventura","Santo Domingo (Piantini)","Membresías","Básica",1690.00,1220.00,17,Activo,5,8
TRX-RD-9052,2025-10-19,037-8606750-8,"Miguel Peña Vásquez","Punta Cana (Bávaro)","Membresías","Premium",2690.00,1553.00,9,Cancelado,9,8
TRX-RD-9063,2025-10-19,011-5821589-5,"Carolina Rodríguez Vásquez","Santo Domingo Este (Zona Oriental)","Membresías","Básica",1690.00,1190.00,18,Activo,8,10
TRX-RD-9080,2025-10-19,037-5710505-5,"Manuel Reyes Paulino","Santo Domingo Este (Zona Oriental)","Tienda Deportiva","Básica",1283.00,1187.00,13,Activo,13,7
TRX-RD-9136,2025-10-19,031-3993669-8,"Carolina Vásquez Pérez","Punta Cana (Bávaro)","Membresías","Premium",2690.00,1428.00,8,Activo,14,9
TRX-RD-8608,2025-10-20,402-4917674-0,"Yamilka García Morales","Punta Cana (Bávaro)","Membresías","VIP",4890.00,2476.00,10,Activo,9,10
TRX-RD-8609,2025-10-20,037-5983058-5,"María Díaz Pérez","Santo Domingo Este (Zona Oriental)","Membresías","VIP",4890.00,2320.00,11,Activo,10,9
TRX-RD-8639,2025-10-20,097-0737044-2,"Ana Rodríguez Paulino","Santo Domingo (Piantini)","Personal Trainer","Premium",1291.00,1636.00,12,Activo,9,9
TRX-RD-8665,2025-10-20,037-2758457-9,"José Cruz Vásquez","Santo Domingo Este (Zona Oriental)","Membresías","Premium",2690.00,1678.00,12,Activo,9,7
TRX-RD-8679,2025-10-20,402-6347891-5,"Ramón Martínez Morales","Punta Cana (Bávaro)","Membresías","Básica",1690.00,1268.00,11,Activo,4,8
TRX-RD-8691,2025-10-20,011-3620797-2,"Francisco Marte Morales","Santo Domingo (Piantini)","Membresías","VIP",4890.00,2664.00,11,Activo,12,8
TRX-RD-8760,2025-10-20,002-2068409-6,"Gabriel Díaz Guzmán","Puerto Plata Club","Personal Trainer","Básica",1548.00,1264.00,10,Activo,7,9
TRX-RD-8789,2025-10-20,031-1102942-1,"Miguel Sánchez Sánchez","Santo Domingo (Piantini)","Membresías","Básica",1690.00,1329.00,19,Activo,6,7
TRX-RD-8816,2025-10-20,037-8528078-9,"Carmen Rodríguez Vásquez","Santo Domingo Este (Zona Oriental)","Membresías","Básica",1690.00,1505.00,8,Activo,18,6
TRX-RD-8842,2025-10-20,001-2220302-9,"Ana Martínez Santana","Punta Cana (Bávaro)","Membresías","Básica",1690.00,1409.00,11,Activo,11,7
TRX-RD-8906,2025-10-20,402-4161120-7,"Carlos Vásquez Peña","Santo Domingo (Piantini)","Membresías","Premium",2690.00,1665.00,10,Activo,9,10
TRX-RD-8991,2025-10-20,031-5457306-1,"Carlos Paulino Marte","Punta Cana (Bávaro)","Personal Trainer","Básica",1443.00,1200.00,15,Activo,13,9
TRX-RD-8998,2025-10-20,031-3994908-9,"Genesis Martínez Pérez","Santo Domingo (Piantini)","Membresías","VIP",4890.00,2456.00,12,Activo,14,8
TRX-RD-9008,2025-10-20,037-1499715-6,"Ana Castillo Cruz","Santo Domingo (Piantini)","Tienda Deportiva","VIP",1838.00,2452.00,14,Activo,14,10
TRX-RD-9033,2025-10-20,002-8357825-0,"Laura Cruz Ventura","Puerto Plata Club","Membresías","Premium",2690.00,1794.00,12,Activo,9,9
TRX-RD-9046,2025-10-20,037-9921219-0,"Stephanie Sánchez Martínez","Santo Domingo (Piantini)","Personal Trainer","Básica",2012.00,1205.00,11,Activo,10,6
TRX-RD-9059,2025-10-20,002-3335454-7,"Manuel Rodríguez Reyes","Santo Domingo Este (Zona Oriental)","Membresías","Básica",1690.00,1007.00,10,Activo,12,7
TRX-RD-9094,2025-10-20,031-9583417-5,"Alejandro Cruz Vásquez","Santiago (Los Jardines)","Personal Trainer","Premium",1599.00,1421.00,12,Activo,11,7
TRX-RD-9102,2025-10-20,097-2693594-4,"Nicole Castillo Sánchez","Santo Domingo (Piantini)","Membresías","Básica",1690.00,1174.00,8,Activo,15,8
TRX-RD-9103,2025-10-20,097-2693594-4,"Nicole Castillo Sánchez","Santo Domingo (Piantini)","Tienda Deportiva","Básica",830.00,1174.00,8,Activo,15,8
TRX-RD-9112,2025-10-20,001-7434335-0,"Ramón Morales Santana","Santo Domingo (Piantini)","Membresías","Premium",2690.00,1388.00,11,Activo,14,8
TRX-RD-9150,2025-10-20,011-3380860-8,"José Díaz Vásquez","Santo Domingo (Piantini)","Membresías","Básica",1690.00,1353.00,5,Activo,9,9
TRX-RD-9158,2025-10-20,402-7075109-8,"Carolina Peña Santana","Punta Cana (Bávaro)","Membresías","Premium",2690.00,1597.00,10,Activo,5,6
TRX-RD-9176,2025-10-20,097-8847478-2,"Patricia Paulino Jiménez","Santo Domingo (Piantini)","Membresías","VIP",4890.00,2568.00,10,Activo,11,8
TRX-RD-9207,2025-10-20,097-2512172-8,"Yamilka Santana Rosario","Santo Domingo (Piantini)","Membresías","Básica",1690.00,1168.00,7,Activo,7,8
TRX-RD-8582,2025-10-21,037-0076365-3,"Ana Jiménez Peña","Santo Domingo Este (Zona Oriental)","Personal Trainer","Básica",1644.00,1070.00,15,Activo,16,8
TRX-RD-8593,2025-10-21,002-2999348-0,"Carmen Vásquez Paulino","Punta Cana (Bávaro)","Tienda Deportiva","Básica",2408.00,1561.00,11,Activo,12,8
TRX-RD-8626,2025-10-21,097-6836691-7,"Kelvin Gómez García","Santo Domingo (Piantini)","Membresías","Básica",1690.00,1283.00,8,Activo,11,9
TRX-RD-8661,2025-10-21,037-5881311-1,"Luisa Santana Guzmán","Santo Domingo (Piantini)","Tienda Deportiva","Premium",1364.00,1676.00,8,Activo,5,8
TRX-RD-8739,2025-10-21,002-8779724-5,"Carmen Gómez Jiménez","Santiago (Los Jardines)","Membresías","Premium",2690.00,1637.00,11,Activo,10,6
TRX-RD-8756,2025-10-21,001-7971463-9,"Luisa Peña Díaz","Punta Cana (Bávaro)","Personal Trainer","VIP",1354.00,2491.00,11,Activo,8,8
TRX-RD-8792,2025-10-21,002-6232200-1,"Yamilka Pérez Gómez","Santo Domingo (Piantini)","Membresías","Premium",2690.00,1347.00,16,Activo,15,8
TRX-RD-8805,2025-10-21,097-5512692-8,"Juan Reyes Gómez","Santo Domingo Este (Zona Oriental)","Tienda Deportiva","Básica",2622.00,1195.00,7,Cancelado,7,9
TRX-RD-8882,2025-10-21,001-0419364-4,"Ramón Jiménez Santana","Santo Domingo (Piantini)","Clases Guiadas","Básica",963.00,1238.00,12,Activo,12,7
TRX-RD-8918,2025-10-21,001-2305238-3,"Johanny Jiménez Marte","Santo Domingo (Piantini)","Membresías","VIP",4890.00,2486.00,10,Activo,8,9
TRX-RD-8921,2025-10-21,011-9170360-0,"Johanny Rodríguez Rosario","Santiago (Los Jardines)","Membresías","VIP",4890.00,2399.00,8,Activo,13,8
TRX-RD-8955,2025-10-21,002-5106576-9,"Kelvin Díaz Gómez","Santo Domingo (Piantini)","Membresías","VIP",4890.00,2557.00,10,Activo,14,8
TRX-RD-8982,2025-10-21,001-1398005-6,"José Morales Paulino","Punta Cana (Bávaro)","Membresías","Premium",2690.00,1722.00,9,Activo,12,8
TRX-RD-9031,2025-10-21,011-8699091-5,"Stephanie Sánchez Martínez","Santo Domingo (Piantini)","Tienda Deportiva","Básica",1654.00,1133.00,14,Activo,7,7
TRX-RD-9043,2025-10-21,031-7136987-3,"Emmanuel Morales Castillo","Santo Domingo (Piantini)","Membresías","VIP",4890.00,2343.00,9,Activo,12,8
TRX-RD-9048,2025-10-21,037-9921219-0,"Stephanie Sánchez Martínez","Santo Domingo (Piantini)","Tienda Deportiva","Básica",1863.00,1205.00,11,Activo,10,6
TRX-RD-9074,2025-10-21,402-5541175-9,"Yamilka Sánchez Díaz","Santiago (Los Jardines)","Membresías","VIP",4890.00,2404.00,11,Activo,11,8
TRX-RD-9131,2025-10-21,097-4316545-9,"José Sánchez García","Punta Cana (Bávaro)","Membresías","Básica",1690.00,1229.00,9,Activo,11,8
TRX-RD-9170,2025-10-21,031-7537326-9,"Johanny Guzmán Pérez","Santo Domingo (Piantini)","Membresías","Premium",2690.00,1736.00,9,Cancelado,13,5
TRX-RD-9178,2025-10-21,402-0766543-7,"Gabriel Cruz Díaz","Santo Domingo (Piantini)","Membresías","Premium",2690.00,1829.00,10,Activo,11,9
TRX-RD-9204,2025-10-21,031-7353529-9,"Patricia Sánchez Santana","Santiago (Los Jardines)","Personal Trainer","Básica",1422.00,1184.00,9,Cancelado,8,9
TRX-RD-9239,2025-10-21,001-5706299-3,"Carmen Rosario Pérez","Santo Domingo Este (Zona Oriental)","Personal Trainer","Básica",1815.00,1294.00,7,Activo,8,7
TRX-RD-9259,2025-10-21,011-9652373-0,"Rosa Gómez Rodríguez","Santo Domingo (Piantini)","Membresías","Básica",1690.00,1353.00,11,Activo,8,8
TRX-RD-9279,2025-10-21,011-2784457-7,"Kelvin Jiménez Gómez","Santiago (Los Jardines)","Membresías","Básica",1690.00,1191.00,17,Activo,11,8
TRX-RD-9299,2025-10-21,031-0084252-9,"Yamilka Morales Cruz","Santo Domingo Este (Zona Oriental)","Membresías","Básica",1690.00,1317.00,6,Activo,14,9
TRX-RD-9306,2025-10-21,011-8674698-6,"Ramón Reyes Paulino","Santo Domingo (Piantini)","Clases Guiadas","Premium",686.00,1433.00,11,Activo,9,10
TRX-RD-8644,2025-10-22,402-3548220-1,"Laura Díaz García","Santo Domingo Este (Zona Oriental)","Membresías","VIP",4890.00,2357.00,12,Activo,13,7
TRX-RD-8662,2025-10-22,097-7202263-9,"Altagracia García Rodríguez","Santiago (Los Jardines)","Membresías","VIP",4890.00,2445.00,7,Cancelado,11,8
TRX-RD-8671,2025-10-22,031-9385468-8,"Manuel Marte Vásquez","Santo Domingo Este (Zona Oriental)","Membresías","Básica",1690.00,1318.00,8,Cancelado,7,9
TRX-RD-8681,2025-10-22,001-6658590-1,"Manuel Ventura Pérez","Punta Cana (Bávaro)","Membresías","VIP",4890.00,2573.00,10,Activo,9,8
TRX-RD-8683,2025-10-22,002-1029560-6,"Manuel Gómez Cruz","Santiago (Los Jardines)","Membresías","Premium",2690.00,1537.00,11,Activo,12,8
TRX-RD-8706,2025-10-22,402-1269910-8,"Ramón Cruz Guzmán","Santiago (Los Jardines)","Membresías","Básica",1690.00,1246.00,9,Activo,7,8
TRX-RD-8723,2025-10-22,031-5697088-5,"Altagracia Paulino Castillo","Santo Domingo (Piantini)","Membresías","VIP",4890.00,2503.00,11,Activo,15,9
TRX-RD-8737,2025-10-22,031-7139591-0,"Rafael Sánchez Paulino","Santo Domingo Este (Zona Oriental)","Personal Trainer","Básica",1508.00,1135.00,11,Activo,16,7
TRX-RD-8761,2025-10-22,011-9286017-7,"Miguel Reyes Santana","Punta Cana (Bávaro)","Membresías","Básica",1690.00,1359.00,6,Activo,7,9
TRX-RD-8765,2025-10-22,402-4369425-0,"Altagracia Cruz Martínez","Santiago (Los Jardines)","Membresías","Básica",1690.00,1427.00,13,Activo,9,8
TRX-RD-8782,2025-10-22,037-5690806-1,"Miguel Cruz Pérez","Santo Domingo (Piantini)","Membresías","VIP",4890.00,2289.00,10,Activo,14,8
TRX-RD-8800,2025-10-22,001-7943153-1,"Laura Martínez Reyes","Santo Domingo (Piantini)","Clases Guiadas","Básica",1191.00,1213.00,15,Activo,7,9
TRX-RD-8810,2025-10-22,011-5213746-7,"Johanny Morales Santana","Santiago (Los Jardines)","Membresías","Premium",2690.00,1557.00,7,Activo,12,9
TRX-RD-8813,2025-10-22,037-7029147-8,"Carlos Marte Pérez","Santiago (Los Jardines)","Personal Trainer","Premium",1500.00,1534.00,8,Activo,7,9
TRX-RD-8904,2025-10-22,002-2155877-8,"Genesis Jiménez García","Santiago (Los Jardines)","Membresías","Premium",2690.00,1357.00,13,Activo,6,9
TRX-RD-8930,2025-10-22,402-6702324-6,"Alejandro Peña Cruz","Santo Domingo (Piantini)","Membresías","Premium",2690.00,1835.00,9,Cancelado,13,7
TRX-RD-8945,2025-10-22,011-8180435-0,"Ramón García Peña","Santiago (Los Jardines)","Personal Trainer","Básica",1554.00,1183.00,6,Activo,14,9
TRX-RD-8958,2025-10-22,011-4453841-8,"Manuel Morales Paulino","Puerto Plata Club","Membresías","Básica",1690.00,1143.00,10,Activo,10,8
TRX-RD-8963,2025-10-22,002-5305764-0,"Patricia Castillo Santana","Punta Cana (Bávaro)","Membresías","Básica",1690.00,1329.00,9,Activo,9,8
TRX-RD-8977,2025-10-22,031-6441568-3,"Manuel Paulino Ventura","Puerto Plata Club","Clases Guiadas","VIP",1188.00,2333.00,12,Activo,15,10
TRX-RD-9030,2025-10-22,011-8699091-5,"Stephanie Sánchez Martínez","Santo Domingo (Piantini)","Personal Trainer","Básica",1369.00,1133.00,14,Activo,7,7
TRX-RD-9082,2025-10-22,031-7164015-8,"Pedro Paulino Vásquez","Punta Cana (Bávaro)","Tienda Deportiva","Básica",1618.00,1199.00,3,Cancelado,13,8
TRX-RD-9173,2025-10-22,402-0934530-1,"Johanny Ventura Santana","Santiago (Los Jardines)","Membresías","Básica",1690.00,1432.00,11,Activo,7,8
TRX-RD-9182,2025-10-22,031-6853975-1,"Francisco Ventura Rodríguez","Santo Domingo (Piantini)","Personal Trainer","Premium",1450.00,1584.00,11,Activo,8,9
TRX-RD-9270,2025-10-22,402-8956547-1,"Luis Cruz Gómez","Punta Cana (Bávaro)","Membresías","VIP",4890.00,2558.00,11,Activo,7,8
TRX-RD-8606,2025-10-23,037-8576786-8,"Johanny Ventura Díaz","Santo Domingo (Piantini)","Membresías","Básica",1690.00,1393.00,12,Activo,11,8
TRX-RD-8634,2025-10-23,011-2413859-3,"Luisa Rosario Guzmán","Santiago (Los Jardines)","Tienda Deportiva","Básica",1604.00,1192.00,7,Activo,15,8
TRX-RD-8645,2025-10-23,037-4397113-1,"Pedro Marte García","Santo Domingo (Piantini)","Membresías","VIP",4890.00,2512.00,13,Activo,10,8
TRX-RD-8652,2025-10-23,011-4786136-1,"Altagracia Marte Jiménez","Santo Domingo Este (Zona Oriental)","Membresías","Básica",1690.00,1326.00,10,Activo,13,8
TRX-RD-8675,2025-10-23,402-0910953-3,"Miguel Marte Vásquez","Puerto Plata Club","Membresías","Básica",1690.00,1155.00,5,Activo,18,8
TRX-RD-8687,2025-10-23,001-8113511-2,"Altagracia Santana Pérez","Santo Domingo (Piantini)","Membresías","Premium",2690.00,1587.00,6,Activo,7,8
TRX-RD-8694,2025-10-23,037-9879283-8,"Carmen Morales Cruz","Santo Domingo (Piantini)","Clases Guiadas","Básica",1007.00,1237.00,10,Activo,10,8
TRX-RD-8708,2025-10-23,011-7673531-2,"Luis Jiménez Santana","Punta Cana (Bávaro)","Membresías","Premium",2690.00,1534.00,16,Activo,18,8
TRX-RD-8732,2025-10-23,037-4087860-2,"José Vásquez Gómez","Puerto Plata Club","Clases Guiadas","Premium",926.00,1700.00,12,Activo,10,9
TRX-RD-8803,2025-10-23,011-1679631-7,"Laura Gómez Paulino","Santiago (Los Jardines)","Tienda Deportiva","Premium",1578.00,1581.00,11,Activo,10,7
TRX-RD-8812,2025-10-23,037-7029147-8,"Carlos Marte Pérez","Santiago (Los Jardines)","Membresías","Premium",2690.00,1534.00,8,Activo,7,9
TRX-RD-8820,2025-10-23,011-4552476-3,"Johanny Cruz Guzmán","Santiago (Los Jardines)","Membresías","Básica",1690.00,1242.00,10,Activo,7,8
TRX-RD-8838,2025-10-23,097-9949127-0,"Francisco Santana Peña","Santo Domingo (Piantini)","Tienda Deportiva","VIP",1814.00,2523.00,15,Activo,18,9
TRX-RD-8866,2025-10-23,031-8363385-2,"Nicole Reyes Vásquez","Santiago (Los Jardines)","Membresías","Básica",1690.00,1343.00,14,Activo,9,9
TRX-RD-8877,2025-10-23,402-4204423-4,"Ramón Guzmán Paulino","Santiago (Los Jardines)","Membresías","Básica",1690.00,1178.00,9,Activo,9,7
TRX-RD-8880,2025-10-23,097-6771051-1,"Nicole Cruz Morales","Santo Domingo (Piantini)","Membresías","Premium",2690.00,1626.00,11,Activo,7,8
TRX-RD-8881,2025-10-23,001-0419364-4,"Ramón Jiménez Santana","Santo Domingo (Piantini)","Membresías","Básica",1690.00,1238.00,12,Activo,12,7
TRX-RD-8912,2025-10-23,011-4990913-5,"Luis Sánchez Díaz","Santo Domingo (Piantini)","Membresías","VIP",4890.00,2605.00,10,Activo,10,9
TRX-RD-8926,2025-10-23,037-7274299-9,"Juan Díaz Rodríguez","Santo Domingo Este (Zona Oriental)","Membresías","Básica",1690.00,1358.00,8,Activo,13,8
TRX-RD-9064,2025-10-23,011-5821589-5,"Carolina Rodríguez Vásquez","Santo Domingo Este (Zona Oriental)","Personal Trainer","Básica",1361.00,1190.00,18,Activo,8,10
TRX-RD-9077,2025-10-23,402-8094202-6,"Luisa Jiménez Pérez","Santo Domingo Este (Zona Oriental)","Personal Trainer","Básica",1509.00,1085.00,3,Activo,12,7
TRX-RD-9096,2025-10-23,031-1611272-7,"Carmen Vásquez Gómez","Santiago (Los Jardines)","Membresías","Básica",1690.00,1263.00,11,Activo,11,8
TRX-RD-9137,2025-10-23,031-3993669-8,"Carolina Vásquez Pérez","Punta Cana (Bávaro)","Clases Guiadas","Premium",764.00,1428.00,8,Activo,14,9
TRX-RD-9195,2025-10-23,402-1332067-0,"Carlos Díaz Martínez","Santo Domingo Este (Zona Oriental)","Membresías","Básica",1690.00,1485.00,10,Activo,16,9
TRX-RD-9201,2025-10-23,037-1003202-4,"Gabriel Díaz Martínez","Santo Domingo Este (Zona Oriental)","Membresías","Básica",1690.00,1256.00,8,Activo,11,6
TRX-RD-9247,2025-10-23,002-5568091-0,"Gabriel Guzmán Martínez","Santo Domingo (Piantini)","Tienda Deportiva","Básica",1281.00,948.00,11,Activo,13,9
TRX-RD-9293,2025-10-23,402-5039105-5,"María Díaz Santana","Puerto Plata Club","Membresías","Básica",1690.00,1209.00,10,Activo,12,8
TRX-RD-8614,2025-10-24,011-2093698-2,"Miguel Ventura Guzmán","Santo Domingo Este (Zona Oriental)","Membresías","Básica",1690.00,1283.00,12,Activo,14,7
TRX-RD-8618,2025-10-24,097-7028978-4,"Carlos Guzmán Gómez","Punta Cana (Bávaro)","Personal Trainer","Básica",1626.00,855.00,6,Activo,9,9
TRX-RD-8641,2025-10-24,031-1919018-3,"Patricia Rodríguez Pérez","Santiago (Los Jardines)","Membresías","VIP",4890.00,2539.00,11,Activo,12,9
TRX-RD-8716,2025-10-24,001-4914206-9,"Gabriel Díaz Reyes","Santiago (Los Jardines)","Membresías","Premium",2690.00,1504.00,15,Activo,12,9
TRX-RD-8771,2025-10-24,001-9152930-4,"María Díaz Morales","Santo Domingo (Piantini)","Membresías","Premium",2690.00,1749.00,14,Activo,15,6
TRX-RD-8778,2025-10-24,031-0526398-6,"Miguel Gómez Vásquez","Santo Domingo (Piantini)","Membresías","Básica",1690.00,1281.00,11,Activo,15,9
TRX-RD-8783,2025-10-24,037-5690806-1,"Miguel Cruz Pérez","Santo Domingo (Piantini)","Personal Trainer","VIP",1280.00,2289.00,10,Activo,14,8
TRX-RD-8795,2025-10-24,031-1282880-5,"María Martínez Peña","Santiago (Los Jardines)","Membresías","Premium",2690.00,1493.00,7,Activo,17,8
TRX-RD-8826,2025-10-24,002-2514215-7,"Altagracia Rosario Guzmán","Santo Domingo (Piantini)","Membresías","VIP",4890.00,2503.00,9,Activo,12,7
TRX-RD-8827,2025-10-24,011-9577059-7,"Laura Paulino Jiménez","Santo Domingo Este (Zona Oriental)","Membresías","Básica",1690.00,1208.00,10,Activo,12,9
TRX-RD-8833,2025-10-24,002-3523658-5,"Kelvin Sánchez Guzmán","Santiago (Los Jardines)","Membresías","Premium",2690.00,1872.00,15,Activo,9,9
TRX-RD-8843,2025-10-24,001-2220302-9,"Ana Martínez Santana","Punta Cana (Bávaro)","Tienda Deportiva","Básica",1573.00,1409.00,11,Activo,11,7
TRX-RD-8864,2025-10-24,002-9235870-2,"Juan Castillo Cruz","Punta Cana (Bávaro)","Membresías","VIP",4890.00,2478.00,10,Activo,11,8
TRX-RD-8878,2025-10-24,402-4204423-4,"Ramón Guzmán Paulino","Santiago (Los Jardines)","Personal Trainer","Básica",1367.00,1178.00,9,Activo,9,7
TRX-RD-8899,2025-10-24,031-5240580-3,"Rafael Rosario Rosario","Santiago (Los Jardines)","Personal Trainer","Premium",1376.00,1595.00,8,Activo,12,6
TRX-RD-8938,2025-10-24,097-2331703-9,"María Jiménez Martínez","Santiago (Los Jardines)","Membresías","Básica",1690.00,1256.00,9,Activo,16,8
TRX-RD-8968,2025-10-24,031-0389221-6,"Laura Reyes Marte","Santo Domingo (Piantini)","Membresías","Premium",2690.00,1788.00,9,Activo,11,7
TRX-RD-8979,2025-10-24,002-0728408-4,"Juan Vásquez Castillo","Santo Domingo Este (Zona Oriental)","Personal Trainer","Básica",1523.00,1460.00,12,Activo,8,9
TRX-RD-9028,2025-10-24,031-8639038-5,"Manuel Cruz Santana","Santiago (Los Jardines)","Tienda Deportiva","Premium",1837.00,1556.00,10,Activo,15,9
TRX-RD-9029,2025-10-24,011-8699091-5,"Stephanie Sánchez Martínez","Santo Domingo (Piantini)","Membresías","Básica",1690.00,1133.00,14,Activo,7,7
TRX-RD-9056,2025-10-24,037-4720712-8,"Alejandro Paulino Gómez","Santiago (Los Jardines)","Membresías","Básica",1690.00,1054.00,13,Activo,16,7
TRX-RD-9067,2025-10-24,011-0266902-3,"Genesis Castillo Peña","Santo Domingo (Piantini)","Tienda Deportiva","VIP",1743.00,2620.00,14,Activo,6,8
TRX-RD-9146,2025-10-24,037-6416060-6,"Luisa Cruz Díaz","Punta Cana (Bávaro)","Clases Guiadas","Básica",1429.00,1171.00,4,Cancelado,14,7
TRX-RD-9151,2025-10-24,011-3380860-8,"José Díaz Vásquez","Santo Domingo (Piantini)","Clases Guiadas","Básica",974.00,1353.00,5,Activo,9,9
TRX-RD-9167,2025-10-24,002-4563876-2,"Rosa Reyes Peña","Puerto Plata Club","Clases Guiadas","Básica",1117.00,1081.00,11,Activo,11,8
TRX-RD-9213,2025-10-24,011-7002003-4,"Ramón Pérez Marte","Santo Domingo (Piantini)","Personal Trainer","VIP",1403.00,2543.00,11,Activo,16,8
TRX-RD-9267,2025-10-24,011-3817674-6,"Manuel Reyes Rodríguez","Santiago (Los Jardines)","Membresías","VIP",4890.00,2435.00,12,Activo,12,6
TRX-RD-9285,2025-10-24,097-4974915-7,"Laura Santana Vásquez","Punta Cana (Bávaro)","Clases Guiadas","Básica",991.00,1537.00,11,Activo,12,9
TRX-RD-8586,2025-10-25,031-4201189-3,"Alejandro Díaz Castillo","Santo Domingo (Piantini)","Tienda Deportiva","Básica",1264.00,949.00,11,Activo,14,7
TRX-RD-8602,2025-10-25,402-5436022-1,"Stephanie Marte Paulino","Santiago (Los Jardines)","Membresías","Básica",1690.00,1136.00,14,Activo,12,7
TRX-RD-8620,2025-10-25,001-4916795-9,"Manuel Rosario Jiménez","Santo Domingo (Piantini)","Membresías","Básica",1690.00,1356.00,8,Activo,15,7
TRX-RD-8621,2025-10-25,002-7517997-6,"Yamilka Guzmán Santana","Santiago (Los Jardines)","Membresías","VIP",4890.00,2635.00,9,Activo,7,7
TRX-RD-8627,2025-10-25,031-4152428-4,"Yudelka Morales Morales","Punta Cana (Bávaro)","Membresías","Básica",1690.00,1253.00,11,Activo,13,8
TRX-RD-8630,2025-10-25,097-5613607-4,"Miguel Díaz Cruz","Punta Cana (Bávaro)","Membresías","Básica",1690.00,1355.00,14,Activo,9,9
TRX-RD-8704,2025-10-25,097-1884385-8,"Ana Santana Rodríguez","Santo Domingo (Piantini)","Membresías","Premium",2690.00,1659.00,11,Activo,12,10
TRX-RD-8724,2025-10-25,097-6534532-8,"Yamilka Sánchez Jiménez","Santo Domingo (Piantini)","Membresías","Premium",2690.00,1448.00,9,Activo,13,8
TRX-RD-8794,2025-10-25,011-5946538-2,"Carmen Díaz Guzmán","Santo Domingo Este (Zona Oriental)","Personal Trainer","Básica",1424.00,1308.00,9,Activo,10,7
TRX-RD-8798,2025-10-25,402-9032230-0,"Pedro Morales García","Punta Cana (Bávaro)","Membresías","Básica",1690.00,1224.00,9,Cancelado,9,7
TRX-RD-8814,2025-10-25,001-0584045-8,"Johanny Paulino Sánchez","Santo Domingo (Piantini)","Membresías","Premium",2690.00,1818.00,12,Activo,14,8
TRX-RD-8870,2025-10-25,002-6000131-8,"María Jiménez Santana","Puerto Plata Club","Membresías","Premium",2690.00,1598.00,10,Activo,14,8
TRX-RD-8872,2025-10-25,002-5206211-2,"Kelvin Cruz Morales","Puerto Plata Club","Membresías","Premium",2690.00,2020.00,10,Activo,10,8
TRX-RD-8891,2025-10-25,031-7501314-7,"Gabriel Ventura Vásquez","Santo Domingo (Piantini)","Membresías","VIP",4890.00,2312.00,8,Activo,16,8
TRX-RD-8908,2025-10-25,037-8021183-9,"Miguel Pérez Rodríguez","Santiago (Los Jardines)","Membresías","Premium",2690.00,1509.00,8,Activo,12,8
TRX-RD-8928,2025-10-25,001-6928831-3,"Laura Guzmán Santana","Santo Domingo (Piantini)","Personal Trainer","Premium",1797.00,1783.00,8,Cancelado,8,5
TRX-RD-8949,2025-10-25,011-0803242-4,"Laura Gómez Ventura","Santiago (Los Jardines)","Personal Trainer","VIP",1297.00,2719.00,12,Activo,8,9
TRX-RD-8964,2025-10-25,002-5305764-0,"Patricia Castillo Santana","Punta Cana (Bávaro)","Clases Guiadas","Básica",720.00,1329.00,9,Activo,9,8
TRX-RD-8990,2025-10-25,031-5457306-1,"Carlos Paulino Marte","Punta Cana (Bávaro)","Membresías","Básica",1690.00,1200.00,15,Activo,13,9
TRX-RD-9013,2025-10-25,031-8359069-8,"Alejandro Cruz Gómez","Santiago (Los Jardines)","Clases Guiadas","Básica",1116.00,1312.00,9,Activo,8,8
TRX-RD-9045,2025-10-25,037-9921219-0,"Stephanie Sánchez Martínez","Santo Domingo (Piantini)","Membresías","Básica",1690.00,1205.00,11,Activo,10,6
TRX-RD-9069,2025-10-25,037-0024297-1,"Pedro Guzmán Vásquez","Santo Domingo (Piantini)","Tienda Deportiva","VIP",1720.00,2327.00,17,Activo,10,8
TRX-RD-9121,2025-10-25,001-1158293-8,"Manuel Sánchez García","Punta Cana (Bávaro)","Tienda Deportiva","Premium",1743.00,1670.00,5,Activo,6,9
TRX-RD-9138,2025-10-25,097-5339295-1,"Juan Santana Díaz","Puerto Plata Club","Membresías","Básica",1690.00,1374.00,7,Activo,8,7
TRX-RD-9198,2025-10-25,001-1139539-8,"Emmanuel Ventura Pérez","Puerto Plata Club","Membresías","Básica",1690.00,1259.00,10,Activo,12,8
TRX-RD-9260,2025-10-25,011-9652373-0,"Rosa Gómez Rodríguez","Santo Domingo (Piantini)","Tienda Deportiva","Básica",1722.00,1353.00,11,Activo,8,8
TRX-RD-9277,2025-10-25,031-1342744-1,"Patricia Pérez Díaz","Puerto Plata Club","Membresías","Básica",1690.00,1141.00,11,Activo,12,9
TRX-RD-9301,2025-10-25,031-0084252-9,"Yamilka Morales Cruz","Santo Domingo Este (Zona Oriental)","Tienda Deportiva","Básica",1837.00,1317.00,6,Activo,14,9
TRX-RD-8685,2025-10-26,402-4689026-9,"Gabriel Santana García","Santiago (Los Jardines)","Membresías","Premium",2690.00,1701.00,9,Activo,12,8
TRX-RD-8690,2025-10-26,011-5108527-9,"Yudelka Morales Castillo","Santiago (Los Jardines)","Membresías","Premium",2690.00,1676.00,10,Activo,10,8
TRX-RD-8709,2025-10-26,011-7673531-2,"Luis Jiménez Santana","Punta Cana (Bávaro)","Clases Guiadas","Premium",1149.00,1534.00,16,Activo,18,8
TRX-RD-8727,2025-10-26,097-4883894-4,"Stephanie Vásquez Guzmán","Santiago (Los Jardines)","Membresías","Básica",1690.00,1041.00,8,Activo,10,9
TRX-RD-8754,2025-10-26,011-7655157-8,"Emmanuel Pérez Díaz","Santo Domingo (Piantini)","Tienda Deportiva","Premium",1796.00,1568.00,11,Activo,11,6
TRX-RD-8767,2025-10-26,037-5645049-4,"José Gómez Jiménez","Santiago (Los Jardines)","Membresías","Premium",2690.00,2106.00,9,Activo,11,10
TRX-RD-8787,2025-10-26,097-7300350-5,"Laura Sánchez Martínez","Santiago (Los Jardines)","Personal Trainer","Premium",1475.00,1594.00,10,Activo,6,7
TRX-RD-8796,2025-10-26,402-0381126-6,"María Castillo Díaz","Santiago (Los Jardines)","Membresías","Básica",1690.00,916.00,11,Activo,15,8
TRX-RD-8823,2025-10-26,037-3740762-1,"Pedro Morales Rosario","Santo Domingo Este (Zona Oriental)","Membresías","Básica",1690.00,1223.00,6,Activo,14,7
TRX-RD-8848,2025-10-26,037-7391172-6,"Yudelka Paulino Castillo","Santo Domingo (Piantini)","Membresías","Premium",2690.00,1548.00,8,Activo,9,8
TRX-RD-8925,2025-10-26,011-9824525-8,"José Sánchez Marte","Santo Domingo (Piantini)","Membresías","Premium",2690.00,1765.00,11,Activo,5,7
TRX-RD-8935,2025-10-26,011-6197242-5,"Ramón Pérez Rosario","Santo Domingo (Piantini)","Clases Guiadas","Básica",1152.00,1064.00,9,Activo,13,9
TRX-RD-8952,2025-10-26,031-3415573-2,"Kelvin Rosario Díaz","Santo Domingo (Piantini)","Membresías","Premium",2690.00,1705.00,7,Cancelado,13,8
TRX-RD-8962,2025-10-26,011-2999115-2,"Yamilka Jiménez Peña","Santo Domingo (Piantini)","Membresías","Básica",1690.00,1390.00,13,Activo,9,8
TRX-RD-8978,2025-10-26,002-0728408-4,"Juan Vásquez Castillo","Santo Domingo Este (Zona Oriental)","Membresías","Básica",1690.00,1460.00,12,Activo,8,9
TRX-RD-9019,2025-10-26,031-7085259-8,"Carmen Díaz Rosario","Santiago (Los Jardines)","Clases Guiadas","Premium",1233.00,1695.00,11,Activo,9,8
TRX-RD-9044,2025-10-26,031-7136987-3,"Emmanuel Morales Castillo","Santo Domingo (Piantini)","Personal Trainer","VIP",1473.00,2343.00,9,Activo,12,8
TRX-RD-9098,2025-10-26,097-7697463-7,"Altagracia Díaz Rodríguez","Santiago (Los Jardines)","Membresías","Básica",1690.00,1064.00,11,Activo,7,9
TRX-RD-9127,2025-10-26,037-4771277-0,"Johanny Santana Santana","Santiago (Los Jardines)","Membresías","Básica",1690.00,1270.00,8,Activo,7,8
TRX-RD-9149,2025-10-26,002-7118342-8,"Alejandro Paulino Ventura","Puerto Plata Club","Membresías","Básica",1690.00,1198.00,12,Activo,16,6
TRX-RD-9162,2025-10-26,097-6751381-6,"Carmen Gómez Martínez","Santiago (Los Jardines)","Membresías","Básica",1690.00,1385.00,11,Activo,10,9
TRX-RD-9192,2025-10-26,002-6362877-8,"Gabriel Jiménez Rosario","Puerto Plata Club","Membresías","Premium",2690.00,1692.00,7,Activo,14,9
TRX-RD-9241,2025-10-26,002-8358439-9,"Alejandro Rosario Pérez","Santo Domingo (Piantini)","Membresías","VIP",4890.00,2657.00,15,Activo,12,7
TRX-RD-9242,2025-10-26,002-8358439-9,"Alejandro Rosario Pérez","Santo Domingo (Piantini)","Clases Guiadas","VIP",810.00,2657.00,15,Activo,12,7
TRX-RD-9287,2025-10-26,031-2693777-4,"Emmanuel Santana Reyes","Santo Domingo Este (Zona Oriental)","Membresías","Básica",1690.00,1388.00,12,Activo,9,6
TRX-RD-9304,2025-10-26,001-7706644-6,"Joan Marte Santana","Santo Domingo Este (Zona Oriental)","Personal Trainer","Básica",1380.00,1596.00,11,Activo,7,8
TRX-RD-8689,2025-10-27,031-6593414-6,"Joan Ventura Sánchez","Santo Domingo Este (Zona Oriental)","Membresías","Básica",1690.00,1251.00,13,Activo,15,8
TRX-RD-8703,2025-10-27,011-0658246-1,"Manuel Jiménez Rosario","Puerto Plata Club","Membresías","Premium",2690.00,1298.00,12,Activo,15,9
TRX-RD-8719,2025-10-27,001-5994466-9,"Kelvin Rosario Santana","Santo Domingo (Piantini)","Membresías","Premium",2690.00,1635.00,13,Activo,7,8
TRX-RD-8735,2025-10-27,001-9801258-5,"Johanny Pérez Marte","Santiago (Los Jardines)","Tienda Deportiva","Básica",1612.00,1140.00,4,Activo,11,9
TRX-RD-8773,2025-10-27,037-6831363-1,"José Santana Díaz","Santiago (Los Jardines)","Membresías","Básica",1690.00,1317.00,9,Activo,7,8
TRX-RD-8775,2025-10-27,031-1874374-3,"Gabriel Martínez Pérez","Santo Domingo Este (Zona Oriental)","Membresías","Básica",1690.00,1181.00,8,Activo,7,8
TRX-RD-8841,2025-10-27,031-1824879-2,"Pedro Cruz Ventura","Santiago (Los Jardines)","Clases Guiadas","VIP",891.00,2532.00,6,Cancelado,9,6
TRX-RD-8857,2025-10-27,001-6416894-0,"Gabriel Guzmán Castillo","Punta Cana (Bávaro)","Membresías","Básica",1690.00,1018.00,9,Activo,9,8
TRX-RD-8901,2025-10-27,402-8434250-4,"Luisa Sánchez Cruz","Punta Cana (Bávaro)","Membresías","VIP",4890.00,2475.00,14,Activo,12,8
TRX-RD-8903,2025-10-27,011-2805876-3,"Nicole Rosario Reyes","Santo Domingo Este (Zona Oriental)","Membresías","Básica",1690.00,1377.00,11,Activo,9,7
TRX-RD-8951,2025-10-27,011-2788001-9,"Ramón Ventura Reyes","Santo Domingo (Piantini)","Membresías","VIP",4890.00,2662.00,13,Activo,10,8
TRX-RD-8992,2025-10-27,011-6804141-4,"Carmen Díaz Rodríguez","Santiago (Los Jardines)","Membresías","Básica",1690.00,1081.00,10,Activo,9,8
TRX-RD-8999,2025-10-27,031-3994908-9,"Genesis Martínez Pérez","Santo Domingo (Piantini)","Personal Trainer","VIP",1460.00,2456.00,12,Activo,14,8
TRX-RD-9006,2025-10-27,001-1274666-4,"Kelvin Marte Guzmán","Santiago (Los Jardines)","Clases Guiadas","Premium",782.00,1496.00,10,Activo,11,8
TRX-RD-9034,2025-10-27,011-1417102-6,"María Morales Morales","Santo Domingo Este (Zona Oriental)","Membresías","Básica",1690.00,1084.00,14,Activo,13,8
TRX-RD-9042,2025-10-27,037-7827589-5,"Rafael Pérez Rosario","Santo Domingo (Piantini)","Membresías","Premium",2690.00,1487.00,9,Activo,8,7
TRX-RD-9109,2025-10-27,097-0440943-3,"Juan Ventura Sánchez","Punta Cana (Bávaro)","Membresías","VIP",4890.00,2444.00,8,Activo,15,8
TRX-RD-9126,2025-10-27,037-6256257-1,"Ramón Díaz Jiménez","Santo Domingo Este (Zona Oriental)","Membresías","Básica",1690.00,1342.00,8,Activo,13,8
TRX-RD-9194,2025-10-27,031-0544898-3,"Miguel Martínez Jiménez","Santo Domingo Este (Zona Oriental)","Clases Guiadas","Premium",979.00,1940.00,7,Activo,6,8
TRX-RD-9205,2025-10-27,001-4994562-8,"Pedro Marte Marte","Santo Domingo Este (Zona Oriental)","Membresías","Básica",1690.00,1370.00,11,Activo,10,8
TRX-RD-9223,2025-10-27,402-0146305-2,"Rafael García Morales","Santo Domingo (Piantini)","Membresías","Básica",1690.00,1466.00,8,Activo,7,7
TRX-RD-9229,2025-10-27,037-3862730-0,"Miguel Díaz Reyes","Puerto Plata Club","Membresías","Básica",1690.00,809.00,15,Activo,17,8
TRX-RD-9234,2025-10-27,402-0142321-3,"Stephanie Morales Marte","Punta Cana (Bávaro)","Personal Trainer","VIP",1557.00,2376.00,10,Activo,0,8
TRX-RD-9246,2025-10-27,002-5568091-0,"Gabriel Guzmán Martínez","Santo Domingo (Piantini)","Personal Trainer","Básica",1491.00,948.00,11,Activo,13,9
TRX-RD-9264,2025-10-27,037-4105850-1,"Rosa Paulino Gómez","Santiago (Los Jardines)","Tienda Deportiva","Premium",1806.00,1652.00,7,Activo,10,10
TRX-RD-9269,2025-10-27,002-3241056-3,"Carolina Sánchez Paulino","Santo Domingo (Piantini)","Personal Trainer","Básica",1725.00,1438.00,4,Activo,9,7
TRX-RD-9280,2025-10-27,037-7816548-4,"Manuel Jiménez Martínez","Santiago (Los Jardines)","Membresías","Premium",2690.00,1719.00,11,Activo,10,8
TRX-RD-9286,2025-10-27,097-4974915-7,"Laura Santana Vásquez","Punta Cana (Bávaro)","Tienda Deportiva","Básica",2020.00,1537.00,11,Activo,12,9
TRX-RD-9300,2025-10-27,031-0084252-9,"Yamilka Morales Cruz","Santo Domingo Este (Zona Oriental)","Personal Trainer","Básica",1609.00,1317.00,6,Activo,14,9
TRX-RD-8587,2025-10-28,031-4625065-3,"Rosa Paulino Cruz","Santiago (Los Jardines)","Membresías","Básica",1690.00,1280.00,7,Activo,12,7
TRX-RD-8592,2025-10-28,002-2999348-0,"Carmen Vásquez Paulino","Punta Cana (Bávaro)","Membresías","Básica",1690.00,1561.00,11,Activo,12,8
TRX-RD-8595,2025-10-28,002-6892455-2,"Rafael Jiménez Guzmán","Santo Domingo Este (Zona Oriental)","Clases Guiadas","Básica",1233.00,1399.00,13,Activo,13,8
TRX-RD-8613,2025-10-28,037-4799381-8,"José Castillo Jiménez","Punta Cana (Bávaro)","Membresías","Premium",2690.00,1686.00,12,Activo,11,9
TRX-RD-8647,2025-10-28,011-7722143-7,"Nicole Cruz Pérez","Punta Cana (Bávaro)","Membresías","Básica",1690.00,1290.00,13,Activo,7,10
TRX-RD-8695,2025-10-28,097-9220691-5,"Patricia Pérez Jiménez","Santo Domingo Este (Zona Oriental)","Membresías","Básica",1690.00,1468.00,14,Activo,11,9
TRX-RD-8699,2025-10-28,402-0968845-2,"María Santana Sánchez","Santiago (Los Jardines)","Personal Trainer","Básica",1365.00,998.00,8,Activo,13,8
TRX-RD-8720,2025-10-28,097-4067578-1,"Stephanie Ventura Pérez","Santo Domingo (Piantini)","Membresías","Premium",2690.00,1813.00,11,Activo,13,7
TRX-RD-8729,2025-10-28,002-4743620-7,"Stephanie Pérez Pérez","Santo Domingo (Piantini)","Clases Guiadas","Básica",794.00,1141.00,14,Activo,9,6
TRX-RD-8802,2025-10-28,011-1679631-7,"Laura Gómez Paulino","Santiago (Los Jardines)","Membresías","Premium",2690.00,1581.00,11,Activo,10,7
TRX-RD-8828,2025-10-28,011-9577059-7,"Laura Paulino Jiménez","Santo Domingo Este (Zona Oriental)","Personal Trainer","Básica",1426.00,1208.00,10,Activo,12,9
TRX-RD-8844,2025-10-28,097-7940625-6,"Carlos Reyes Rosario","Santo Domingo (Piantini)","Membresías","VIP",4890.00,2633.00,9,Activo,11,7
TRX-RD-8889,2025-10-28,002-7569082-4,"Altagracia Sánchez Morales","Santo Domingo (Piantini)","Membresías","VIP",4890.00,2428.00,12,Activo,9,8
TRX-RD-8893,2025-10-28,011-7595168-8,"Juan Morales Reyes","Punta Cana (Bávaro)","Membresías","Básica",1690.00,1108.00,7,Activo,14,8
TRX-RD-8970,2025-10-28,031-0389221-6,"Laura Reyes Marte","Santo Domingo (Piantini)","Clases Guiadas","Premium",948.00,1788.00,9,Activo,11,7
TRX-RD-9001,2025-10-28,097-7852937-1,"Rafael Rosario Guzmán","Punta Cana (Bávaro)","Membresías","Básica",1690.00,1344.00,8,Activo,11,9
TRX-RD-9012,2025-10-28,031-8359069-8,"Alejandro Cruz Gómez","Santiago (Los Jardines)","Membresías","Básica",1690.00,1312.00,9,Activo,8,8
TRX-RD-9020,2025-10-28,002-4145283-8,"Stephanie Martínez Rodríguez","Punta Cana (Bávaro)","Membresías","Básica",1690.00,1446.00,10,Activo,8,10
TRX-RD-9039,2025-10-28,001-7084713-1,"María Vásquez Marte","Santo Domingo Este (Zona Oriental)","Membresías","Premium",2690.00,1471.00,9,Activo,15,8
TRX-RD-9100,2025-10-28,097-1755408-4,"Carolina Paulino Marte","Santo Domingo Este (Zona Oriental)","Membresías","Premium",2690.00,1360.00,5,Activo,6,8
TRX-RD-9140,2025-10-28,402-0309719-7,"Yudelka Rodríguez Guzmán","Santo Domingo (Piantini)","Membresías","VIP",4890.00,2215.00,16,Activo,11,8
TRX-RD-9142,2025-10-28,097-7382184-9,"Ana Díaz Reyes","Santo Domingo (Piantini)","Clases Guiadas","Premium",841.00,1649.00,10,Activo,19,7
TRX-RD-9159,2025-10-28,402-7075109-8,"Carolina Peña Santana","Punta Cana (Bávaro)","Personal Trainer","Premium",1292.00,1597.00,10,Activo,5,6
TRX-RD-9163,2025-10-28,402-9645729-0,"María Ventura García","Punta Cana (Bávaro)","Membresías","Básica",1690.00,1174.00,8,Activo,11,7
TRX-RD-9211,2025-10-28,031-0627540-1,"María Morales Guzmán","Punta Cana (Bávaro)","Membresías","Básica",1690.00,1201.00,14,Activo,14,8
TRX-RD-9305,2025-10-28,011-8674698-6,"Ramón Reyes Paulino","Santo Domingo (Piantini)","Membresías","Premium",2690.00,1433.00,11,Activo,9,10
TRX-RD-9322,2025-11-01,002-2999348-0,"Carmen Vásquez Paulino","Punta Cana (Bávaro)","Membresías","Básica",1690.00,1561.00,11,Activo,13,8
TRX-RD-9345,2025-11-01,402-8041676-5,"Alejandro Vásquez García","Punta Cana (Bávaro)","Membresías","Premium",2690.00,1752.00,12,Activo,12,7
TRX-RD-9411,2025-11-01,031-6593414-6,"Joan Ventura Sánchez","Santo Domingo Este (Zona Oriental)","Membresías","Básica",1690.00,1251.00,13,Activo,6,10
TRX-RD-9485,2025-11-01,037-7016446-9,"Ana Cruz Peña","Santiago (Los Jardines)","Tienda Deportiva","Básica",1407.00,1191.00,11,Activo,9,9
TRX-RD-9492,2025-11-01,001-0472829-0,"Luisa Santana Díaz","Santo Domingo (Piantini)","Membresías","Premium",2690.00,1560.00,9,Activo,13,8
TRX-RD-9494,2025-11-01,002-3031991-5,"Emmanuel Reyes Morales","Santo Domingo (Piantini)","Membresías","Premium",2690.00,1671.00,7,Activo,10,9
TRX-RD-9502,2025-11-01,402-9933288-8,"Carmen Peña Díaz","Santiago (Los Jardines)","Personal Trainer","Premium",1495.00,1344.00,9,Activo,10,8
TRX-RD-9553,2025-11-01,097-9949127-0,"Francisco Santana Peña","Santo Domingo (Piantini)","Membresías","VIP",4890.00,2523.00,15,Activo,17,7
TRX-RD-9570,2025-11-01,097-5033409-7,"Rafael Santana Reyes","Santo Domingo (Piantini)","Membresías","Básica",1690.00,1108.00,7,Cancelado,10,9
TRX-RD-9576,2025-11-01,002-9235870-2,"Juan Castillo Cruz","Punta Cana (Bávaro)","Membresías","VIP",4890.00,2478.00,10,Activo,10,8
TRX-RD-9614,2025-11-01,402-7419040-0,"Manuel Morales Martínez","Santiago (Los Jardines)","Personal Trainer","VIP",1503.00,2232.00,14,Activo,8,9
TRX-RD-9634,2025-11-01,001-2305238-3,"Johanny Jiménez Marte","Santo Domingo (Piantini)","Membresías","VIP",4890.00,2486.00,10,Cancelado,7,8
TRX-RD-9663,2025-11-01,002-2795339-5,"Ramón Martínez Vásquez","Santo Domingo (Piantini)","Membresías","Básica",1690.00,1134.00,12,Activo,14,7
TRX-RD-9744,2025-11-01,037-7827589-5,"Rafael Pérez Rosario","Santo Domingo (Piantini)","Membresías","Premium",2690.00,1487.00,9,Activo,10,8
TRX-RD-9750,2025-11-01,402-2814003-0,"Miguel Paulino García","Punta Cana (Bávaro)","Clases Guiadas","Premium",712.00,1773.00,6,Activo,5,6
TRX-RD-9775,2025-11-01,037-4151451-1,"María Díaz Cruz","Punta Cana (Bávaro)","Membresías","Premium",2690.00,1686.00,9,Activo,7,7
TRX-RD-9776,2025-11-01,011-1481876-6,"Yudelka Marte Santana","Punta Cana (Bávaro)","Membresías","Premium",2690.00,1662.00,10,Activo,14,9
TRX-RD-9801,2025-11-01,402-5462716-5,"Genesis García García","Punta Cana (Bávaro)","Personal Trainer","Premium",1937.00,1764.00,13,Activo,10,8
TRX-RD-9804,2025-11-01,011-0238353-4,"José Jiménez Guzmán","Santo Domingo Este (Zona Oriental)","Membresías","Básica",1690.00,998.00,7,Activo,13,7
TRX-RD-9823,2025-11-01,031-3993669-8,"Carolina Vásquez Pérez","Punta Cana (Bávaro)","Tienda Deportiva","Premium",1689.00,1428.00,8,Activo,10,10
TRX-RD-9827,2025-11-01,097-7382184-9,"Ana Díaz Reyes","Santo Domingo (Piantini)","Membresías","Premium",2690.00,1649.00,10,Activo,10,10
TRX-RD-9841,2025-11-01,402-7075109-8,"Carolina Peña Santana","Punta Cana (Bávaro)","Clases Guiadas","Premium",828.00,1597.00,10,Activo,11,9
TRX-RD-9863,2025-11-01,037-8345657-1,"Altagracia Guzmán Rodríguez","Santo Domingo (Piantini)","Clases Guiadas","VIP",853.00,2412.00,9,Activo,15,10
TRX-RD-9877,2025-11-01,001-4573372-1,"Carolina Ventura Pérez","Santo Domingo Este (Zona Oriental)","Membresías","Básica",1690.00,1256.00,5,Activo,10,6
TRX-RD-9913,2025-11-01,002-8358439-9,"Alejandro Rosario Pérez","Santo Domingo (Piantini)","Clases Guiadas","VIP",1131.00,2657.00,15,Activo,14,7
TRX-RD-9940,2025-11-01,011-3817674-6,"Manuel Reyes Rodríguez","Santiago (Los Jardines)","Membresías","VIP",4890.00,2435.00,12,Activo,8,9
TRX-RD-9968,2025-11-01,011-5398339-8,"Rafael Paulino Jiménez","Santo Domingo Este (Zona Oriental)","Clases Guiadas","Básica",912.00,1136.00,10,Activo,10,6
TRX-RD-9972,2025-11-01,037-3006683-8,"Carmen Peña Peña","Punta Cana (Bávaro)","Membresías","Básica",1690.00,1406.00,10,Cancelado,6,7
TRX-RD-9327,2025-11-02,002-7106673-0,"Emmanuel Santana Paulino","Santiago (Los Jardines)","Tienda Deportiva","Premium",1146.00,1582.00,12,Activo,9,6
TRX-RD-9332,2025-11-02,037-7793362-7,"Pedro Díaz Cruz","Santiago (Los Jardines)","Personal Trainer","Básica",1309.00,1318.00,11,Activo,13,5
TRX-RD-9373,2025-11-02,011-7722143-7,"Nicole Cruz Pérez","Punta Cana (Bávaro)","Membresías","Básica",1690.00,1290.00,13,Activo,15,9
TRX-RD-9415,2025-11-02,037-9879283-8,"Carmen Morales Cruz","Santo Domingo (Piantini)","Membresías","Básica",1690.00,1237.00,10,Activo,18,7
TRX-RD-9435,2025-11-02,001-4914206-9,"Gabriel Díaz Reyes","Santiago (Los Jardines)","Tienda Deportiva","Premium",1932.00,1504.00,15,Activo,17,9
TRX-RD-9474,2025-11-02,002-2068409-6,"Gabriel Díaz Guzmán","Puerto Plata Club","Membresías","Básica",1690.00,1264.00,10,Cancelado,10,7
TRX-RD-9516,2025-11-02,001-7943153-1,"Laura Martínez Reyes","Santo Domingo (Piantini)","Personal Trainer","Básica",1627.00,1213.00,15,Activo,14,9
TRX-RD-9534,2025-11-02,002-2421057-5,"Yamilka Pérez Vásquez","Santiago (Los Jardines)","Membresías","Básica",1690.00,1190.00,11,Activo,12,8
TRX-RD-9562,2025-11-02,037-7391172-6,"Yudelka Paulino Castillo","Santo Domingo (Piantini)","Membresías","Premium",2690.00,1548.00,8,Activo,12,8
TRX-RD-9611,2025-11-02,031-5240580-3,"Rafael Rosario Rosario","Santiago (Los Jardines)","Membresías","Premium",2690.00,1595.00,8,Activo,12,7
TRX-RD-9799,2025-11-02,031-7945376-0,"Kelvin Pérez Pérez","Santiago (Los Jardines)","Membresías","Básica",1690.00,1178.00,8,Activo,9,8
TRX-RD-9826,2025-11-02,402-0309719-7,"Yudelka Rodríguez Guzmán","Santo Domingo (Piantini)","Tienda Deportiva","VIP",1854.00,2215.00,16,Activo,11,8
TRX-RD-9905,2025-11-02,037-3862730-0,"Miguel Díaz Reyes","Puerto Plata Club","Personal Trainer","Básica",1342.00,809.00,15,Activo,11,7
TRX-RD-9927,2025-11-02,031-3353004-2,"Emmanuel Reyes Marte","Santiago (Los Jardines)","Membresías","Básica",1690.00,1007.00,7,Activo,10,8
TRX-RD-9341,2025-11-03,402-4917674-0,"Yamilka García Morales","Punta Cana (Bávaro)","Membresías","VIP",4890.00,2476.00,10,Activo,13,8
TRX-RD-9417,2025-11-03,097-9220691-5,"Patricia Pérez Jiménez","Santo Domingo Este (Zona Oriental)","Membresías","Básica",1690.00,1468.00,14,Activo,11,8
TRX-RD-9439,2025-11-03,001-5994466-9,"Kelvin Rosario Santana","Santo Domingo (Piantini)","Membresías","Premium",2690.00,1635.00,13,Activo,10,8
TRX-RD-9463,2025-11-03,002-0153299-1,"Alejandro Sánchez Marte","Punta Cana (Bávaro)","Membresías","Básica",1690.00,1148.00,7,Activo,5,8
TRX-RD-9509,2025-11-03,031-1282880-5,"María Martínez Peña","Santiago (Los Jardines)","Membresías","Premium",2690.00,1493.00,7,Cancelado,14,8
TRX-RD-9558,2025-11-03,097-7940625-6,"Carlos Reyes Rosario","Santo Domingo (Piantini)","Clases Guiadas","VIP",848.00,2633.00,9,Activo,13,8
TRX-RD-9585,2025-11-03,001-5280253-4,"Carlos Rodríguez Cruz","Santiago (Los Jardines)","Tienda Deportiva","Básica",1079.00,1160.00,7,Activo,11,8
TRX-RD-9613,2025-11-03,402-7419040-0,"Manuel Morales Martínez","Santiago (Los Jardines)","Membresías","VIP",4890.00,2232.00,14,Activo,8,9
TRX-RD-9645,2025-11-03,097-3288495-3,"Luis Sánchez Peña","Santiago (Los Jardines)","Membresías","VIP",4890.00,2380.00,11,Activo,11,7
TRX-RD-9714,2025-11-03,037-1652013-9,"Francisco Peña Marte","Santiago (Los Jardines)","Membresías","Premium",2690.00,1585.00,8,Activo,14,8
TRX-RD-9729,2025-11-03,011-8699091-5,"Stephanie Sánchez Martínez","Santo Domingo (Piantini)","Personal Trainer","Básica",1612.00,1133.00,14,Activo,13,8
TRX-RD-9785,2025-11-03,097-2693594-4,"Nicole Castillo Sánchez","Santo Domingo (Piantini)","Membresías","Básica",1690.00,1174.00,8,Activo,9,8
TRX-RD-9794,2025-11-03,001-7434335-0,"Ramón Morales Santana","Santo Domingo (Piantini)","Membresías","Premium",2690.00,1388.00,11,Activo,13,10
TRX-RD-9846,2025-11-03,002-4563876-2,"Rosa Reyes Peña","Puerto Plata Club","Membresías","Básica",1690.00,1081.00,11,Activo,12,7
TRX-RD-9908,2025-11-03,402-0142321-3,"Stephanie Morales Marte","Punta Cana (Bávaro)","Membresías","VIP",4890.00,2376.00,10,Activo,12,6
TRX-RD-9919,2025-11-03,402-6446294-2,"Carolina Morales Guzmán","Punta Cana (Bávaro)","Membresías","Básica",1690.00,1314.00,9,Activo,17,9
TRX-RD-9936,2025-11-03,037-4105850-1,"Rosa Paulino Gómez","Santiago (Los Jardines)","Membresías","Premium",2690.00,1652.00,7,Activo,15,9
TRX-RD-9946,2025-11-03,402-2143151-9,"Rosa Sánchez Sánchez","Puerto Plata Club","Membresías","Básica",1690.00,1418.00,13,Activo,11,6
TRX-RD-9947,2025-11-03,011-3392304-3,"Pedro Gómez Díaz","Santiago (Los Jardines)","Membresías","Básica",1690.00,1229.00,16,Activo,8,7
TRX-RD-9948,2025-11-03,031-1859472-4,"Laura Martínez García","Puerto Plata Club","Membresías","VIP",4890.00,2690.00,10,Activo,16,7
TRX-RD-9323,2025-11-04,002-6892455-2,"Rafael Jiménez Guzmán","Santo Domingo Este (Zona Oriental)","Membresías","Básica",1690.00,1399.00,13,Activo,13,8
TRX-RD-9337,2025-11-04,037-8530130-4,"Miguel Marte Castillo","Santiago (Los Jardines)","Personal Trainer","Básica",1588.00,1247.00,5,Activo,8,7
TRX-RD-9381,2025-11-04,011-4786136-1,"Altagracia Marte Jiménez","Santo Domingo Este (Zona Oriental)","Clases Guiadas","Básica",811.00,1326.00,10,Activo,8,8
TRX-RD-9391,2025-11-04,037-5881311-1,"Luisa Santana Guzmán","Santo Domingo (Piantini)","Clases Guiadas","Premium",1096.00,1676.00,8,Activo,7,9
TRX-RD-9392,2025-11-04,402-0624088-5,"Carlos Sánchez Guzmán","Santo Domingo (Piantini)","Membresías","Básica",1690.00,1359.00,14,Activo,11,8
TRX-RD-9422,2025-11-04,011-6895563-9,"Kelvin Rodríguez Gómez","Santo Domingo Este (Zona Oriental)","Membresías","Básica",1690.00,1157.00,12,Activo,8,8
TRX-RD-9426,2025-11-04,097-1884385-8,"Ana Santana Rodríguez","Santo Domingo (Piantini)","Tienda Deportiva","Premium",1308.00,1659.00,11,Activo,10,8
TRX-RD-9472,2025-11-04,011-2335632-9,"Luisa Rosario Jiménez","Santiago (Los Jardines)","Membresías","Básica",1690.00,1055.00,13,Activo,12,8
TRX-RD-9503,2025-11-04,031-1102942-1,"Miguel Sánchez Sánchez","Santo Domingo (Piantini)","Membresías","Básica",1690.00,1329.00,19,Activo,18,9
TRX-RD-9568,2025-11-04,031-2974266-8,"Johanny Jiménez Jiménez","Santo Domingo (Piantini)","Tienda Deportiva","Premium",2379.00,1751.00,12,Activo,12,9
TRX-RD-9571,2025-11-04,097-5033409-7,"Rafael Santana Reyes","Santo Domingo (Piantini)","Personal Trainer","Básica",1577.00,1108.00,7,Cancelado,10,9
TRX-RD-9572,2025-11-04,001-6416894-0,"Gabriel Guzmán Castillo","Punta Cana (Bávaro)","Membresías","Básica",1690.00,1018.00,9,Activo,6,7
TRX-RD-9596,2025-11-04,402-1618967-6,"Carlos Paulino Guzmán","Punta Cana (Bávaro)","Tienda Deportiva","Básica",1281.00,1128.00,10,Activo,11,9
TRX-RD-9705,2025-11-04,031-3994908-9,"Genesis Martínez Pérez","Santo Domingo (Piantini)","Membresías","VIP",4890.00,2456.00,12,Activo,11,7
TRX-RD-9777,2025-11-04,011-1481876-6,"Yudelka Marte Santana","Punta Cana (Bávaro)","Clases Guiadas","Premium",880.00,1662.00,10,Activo,14,9
TRX-RD-9779,2025-11-04,037-2317067-0,"Kelvin Jiménez Sánchez","Santo Domingo Este (Zona Oriental)","Membresías","VIP",4890.00,2731.00,19,Activo,10,8
TRX-RD-9805,2025-11-04,011-0238353-4,"José Jiménez Guzmán","Santo Domingo Este (Zona Oriental)","Clases Guiadas","Básica",1199.00,998.00,7,Activo,13,7
TRX-RD-9830,2025-11-04,402-0044725-4,"Nicole Rosario Castillo","Santo Domingo (Piantini)","Tienda Deportiva","VIP",1337.00,2318.00,9,Activo,11,8
TRX-RD-9842,2025-11-04,001-3344357-2,"Rosa Marte Martínez","Santo Domingo (Piantini)","Membresías","Básica",1690.00,1036.00,9,Activo,14,8
TRX-RD-9857,2025-11-04,402-0766543-7,"Gabriel Cruz Díaz","Santo Domingo (Piantini)","Membresías","Premium",2690.00,1829.00,10,Activo,13,7
TRX-RD-9880,2025-11-04,037-1003202-4,"Gabriel Díaz Martínez","Santo Domingo Este (Zona Oriental)","Membresías","Básica",1690.00,1256.00,8,Activo,7,9
TRX-RD-9952,2025-11-04,011-2784457-7,"Kelvin Jiménez Gómez","Santiago (Los Jardines)","Membresías","Básica",1690.00,1191.00,17,Activo,15,8
TRX-RD-9975,2025-11-04,001-7706644-6,"Joan Marte Santana","Santo Domingo Este (Zona Oriental)","Personal Trainer","Básica",1501.00,1596.00,11,Activo,13,9
TRX-RD-9978,2025-11-04,011-8674698-6,"Ramón Reyes Paulino","Santo Domingo (Piantini)","Membresías","Premium",2690.00,1433.00,11,Activo,9,8
TRX-RD-9412,2025-11-05,011-5108527-9,"Yudelka Morales Castillo","Santiago (Los Jardines)","Membresías","Premium",2690.00,1676.00,10,Cancelado,10,7
TRX-RD-9445,2025-11-05,097-6534532-8,"Yamilka Sánchez Jiménez","Santo Domingo (Piantini)","Membresías","Premium",2690.00,1448.00,9,Activo,12,8
TRX-RD-9477,2025-11-05,097-4814056-4,"Alejandro Cruz Díaz","Punta Cana (Bávaro)","Personal Trainer","VIP",1625.00,2397.00,15,Activo,12,9
TRX-RD-9489,2025-11-05,031-1874374-3,"Gabriel Martínez Pérez","Santo Domingo Este (Zona Oriental)","Membresías","Básica",1690.00,1181.00,8,Activo,5,7
TRX-RD-9529,2025-11-05,001-0584045-8,"Johanny Paulino Sánchez","Santo Domingo (Piantini)","Clases Guiadas","Premium",784.00,1818.00,12,Activo,13,8
TRX-RD-9531,2025-11-05,037-8528078-9,"Carmen Rodríguez Vásquez","Santo Domingo Este (Zona Oriental)","Personal Trainer","Básica",1889.00,1505.00,8,Activo,7,8
TRX-RD-9544,2025-11-05,037-8163497-1,"Carolina Marte Reyes","Santo Domingo (Piantini)","Tienda Deportiva","VIP",1849.00,2270.00,10,Activo,9,8
TRX-RD-9579,2025-11-05,031-8363385-2,"Nicole Reyes Vásquez","Santiago (Los Jardines)","Personal Trainer","Básica",1422.00,1343.00,14,Activo,6,8
TRX-RD-9589,2025-11-05,097-0213742-4,"Kelvin Castillo Díaz","Santiago (Los Jardines)","Membresías","Básica",1690.00,1434.00,14,Activo,10,9
TRX-RD-9603,2025-11-05,002-0478549-7,"Luis Guzmán Díaz","Santo Domingo Este (Zona Oriental)","Membresías","VIP",4890.00,2524.00,10,Activo,13,7
TRX-RD-9607,2025-11-05,037-6310867-1,"Carlos Gómez Gómez","Santo Domingo Este (Zona Oriental)","Membresías","Básica",1690.00,1314.00,8,Cancelado,10,7
TRX-RD-9608,2025-11-05,037-6310867-1,"Carlos Gómez Gómez","Santo Domingo Este (Zona Oriental)","Clases Guiadas","Básica",1160.00,1314.00,8,Cancelado,10,7
TRX-RD-9653,2025-11-05,031-8068577-2,"Francisco Ventura Martínez","Santo Domingo (Piantini)","Membresías","Premium",2690.00,1788.00,11,Activo,7,8
TRX-RD-9680,2025-11-05,097-9613201-8,"Johanny Marte Castillo","Santo Domingo Este (Zona Oriental)","Membresías","Básica",1690.00,954.00,14,Activo,11,8
TRX-RD-9685,2025-11-05,002-0728408-4,"Juan Vásquez Castillo","Santo Domingo Este (Zona Oriental)","Membresías","Básica",1690.00,1460.00,12,Activo,11,9
TRX-RD-9704,2025-11-05,001-6862823-8,"Kelvin Vásquez Pérez","Santo Domingo (Piantini)","Clases Guiadas","Básica",967.00,1068.00,12,Activo,10,9
TRX-RD-9725,2025-11-05,402-5491149-4,"Francisco Rodríguez Sánchez","Santo Domingo Este (Zona Oriental)","Membresías","Básica",1690.00,1206.00,16,Activo,16,8
TRX-RD-9757,2025-11-05,002-3335454-7,"Manuel Rodríguez Reyes","Santo Domingo Este (Zona Oriental)","Clases Guiadas","Básica",912.00,1007.00,10,Activo,9,8
TRX-RD-9787,2025-11-05,001-4225018-2,"Rafael Gómez Díaz","Santiago (Los Jardines)","Membresías","Básica",1690.00,1301.00,13,Activo,11,8
TRX-RD-9822,2025-11-05,031-3993669-8,"Carolina Vásquez Pérez","Punta Cana (Bávaro)","Clases Guiadas","Premium",890.00,1428.00,8,Activo,10,10
TRX-RD-9886,2025-11-05,031-0627540-1,"María Morales Guzmán","Punta Cana (Bávaro)","Clases Guiadas","Básica",1310.00,1201.00,14,Activo,7,8
TRX-RD-9925,2025-11-05,001-9581794-5,"Carlos Sánchez Martínez","Puerto Plata Club","Membresías","VIP",4890.00,2196.00,12,Activo,11,8
TRX-RD-9930,2025-11-05,011-6743865-2,"María Rosario Cruz","Puerto Plata Club","Membresías","Premium",2690.00,1561.00,10,Activo,13,9
TRX-RD-9965,2025-11-05,402-5039105-5,"María Díaz Santana","Puerto Plata Club","Personal Trainer","Básica",1770.00,1209.00,10,Activo,6,9
TRX-RD-9320,2025-11-06,402-7362251-0,"Francisco Santana Reyes","Santiago (Los Jardines)","Membresías","Básica",1690.00,1325.00,13,Activo,8,9
TRX-RD-9378,2025-11-06,002-6149066-8,"Carolina Jiménez Jiménez","Santo Domingo (Piantini)","Personal Trainer","Básica",1928.00,1195.00,10,Activo,14,7
TRX-RD-9446,2025-11-06,037-2913086-8,"Luisa Rodríguez Guzmán","Santo Domingo (Piantini)","Membresías","Básica",1690.00,1150.00,7,Activo,16,8
TRX-RD-9450,2025-11-06,002-4743620-7,"Stephanie Pérez Pérez","Santo Domingo (Piantini)","Tienda Deportiva","Básica",1112.00,1141.00,14,Activo,10,8
TRX-RD-9488,2025-11-06,037-6831363-1,"José Santana Díaz","Santiago (Los Jardines)","Membresías","Básica",1690.00,1317.00,9,Activo,12,7
TRX-RD-9493,2025-11-06,031-0526398-6,"Miguel Gómez Vásquez","Santo Domingo (Piantini)","Membresías","Básica",1690.00,1281.00,11,Activo,12,9
TRX-RD-9506,2025-11-06,002-6232200-1,"Yamilka Pérez Gómez","Santo Domingo (Piantini)","Membresías","Premium",2690.00,1347.00,16,Activo,5,10
TRX-RD-9508,2025-11-06,011-5946538-2,"Carmen Díaz Guzmán","Santo Domingo Este (Zona Oriental)","Membresías","Básica",1690.00,1308.00,9,Activo,11,7
TRX-RD-9588,2025-11-06,001-0419364-4,"Ramón Jiménez Santana","Santo Domingo (Piantini)","Membresías","Básica",1690.00,1238.00,12,Activo,10,8
TRX-RD-9610,2025-11-06,002-6118565-6,"Pedro Guzmán Paulino","Punta Cana (Bávaro)","Personal Trainer","Básica",1484.00,1055.00,5,Activo,13,8
TRX-RD-9616,2025-11-06,011-2805876-3,"Nicole Rosario Reyes","Santo Domingo Este (Zona Oriental)","Membresías","Básica",1690.00,1377.00,11,Activo,6,8
TRX-RD-9640,2025-11-06,031-0815783-9,"Nicole Peña Rodríguez","Punta Cana (Bávaro)","Membresías","Básica",1690.00,950.00,6,Activo,17,8
TRX-RD-9643,2025-11-06,037-7274299-9,"Juan Díaz Rodríguez","Santo Domingo Este (Zona Oriental)","Clases Guiadas","Básica",956.00,1358.00,8,Activo,13,7
TRX-RD-9660,2025-11-06,011-0803242-4,"Laura Gómez Ventura","Santiago (Los Jardines)","Personal Trainer","VIP",1491.00,2719.00,12,Activo,13,9
TRX-RD-9752,2025-11-06,002-9773654-8,"Ramón Guzmán García","Santo Domingo (Piantini)","Tienda Deportiva","VIP",2008.00,2398.00,14,Activo,13,8
TRX-RD-9789,2025-11-06,402-2759002-9,"Carmen Gómez Castillo","Santo Domingo (Piantini)","Membresías","Premium",2690.00,1966.00,8,Activo,10,7
TRX-RD-9797,2025-11-06,037-5296970-3,"Rosa Sánchez Reyes","Punta Cana (Bávaro)","Membresías","Premium",2690.00,1522.00,10,Activo,7,6
TRX-RD-9829,2025-11-06,402-0044725-4,"Nicole Rosario Castillo","Santo Domingo (Piantini)","Clases Guiadas","VIP",899.00,2318.00,9,Activo,11,8
TRX-RD-9835,2025-11-06,002-7118342-8,"Alejandro Paulino Ventura","Puerto Plata Club","Membresías","Básica",1690.00,1198.00,12,Activo,7,7
TRX-RD-9849,2025-11-06,402-7258683-1,"Yudelka Jiménez Peña","Punta Cana (Bávaro)","Tienda Deportiva","Básica",1404.00,960.00,5,Activo,12,7
TRX-RD-9850,2025-11-06,037-9856364-3,"Pedro Rosario Rosario","Santo Domingo Este (Zona Oriental)","Membresías","Básica",1690.00,1322.00,13,Activo,18,7
TRX-RD-9889,2025-11-06,031-9570833-8,"Gabriel Ventura Gómez","Santiago (Los Jardines)","Membresías","Premium",2690.00,1675.00,5,Activo,11,9
TRX-RD-9902,2025-11-06,002-2682440-7,"María Marte Guzmán","Santo Domingo Este (Zona Oriental)","Membresías","Básica",1690.00,1248.00,13,Activo,6,8
TRX-RD-9928,2025-11-06,031-3353004-2,"Emmanuel Reyes Marte","Santiago (Los Jardines)","Clases Guiadas","Básica",1046.00,1007.00,7,Activo,10,8
TRX-RD-9937,2025-11-06,037-4105850-1,"Rosa Paulino Gómez","Santiago (Los Jardines)","Personal Trainer","Premium",1627.00,1652.00,7,Activo,15,9
TRX-RD-9938,2025-11-06,097-0573763-4,"Pedro Rosario Marte","Santiago (Los Jardines)","Membresías","Básica",1690.00,1277.00,13,Activo,10,7
TRX-RD-9328,2025-11-07,001-4336709-2,"Ana Paulino Jiménez","Santo Domingo Este (Zona Oriental)","Membresías","Básica",1690.00,1162.00,10,Cancelado,14,6
TRX-RD-9389,2025-11-07,001-1088222-2,"Altagracia Rodríguez García","Santiago (Los Jardines)","Personal Trainer","Básica",1548.00,946.00,8,Activo,12,7
TRX-RD-9400,2025-11-07,402-0910953-3,"Miguel Marte Vásquez","Puerto Plata Club","Membresías","Básica",1690.00,1155.00,5,Activo,15,7
TRX-RD-9413,2025-11-07,011-3620797-2,"Francisco Marte Morales","Santo Domingo (Piantini)","Membresías","VIP",4890.00,2664.00,11,Activo,17,8
TRX-RD-9497,2025-11-07,031-8723636-3,"Carolina Cruz Marte","Santo Domingo Este (Zona Oriental)","Personal Trainer","Básica",1519.00,1359.00,14,Activo,14,8
TRX-RD-9522,2025-11-07,001-0742516-7,"Luis Ventura Reyes","Santo Domingo Este (Zona Oriental)","Personal Trainer","Básica",1960.00,1136.00,15,Activo,9,9
TRX-RD-9528,2025-11-07,001-0584045-8,"Johanny Paulino Sánchez","Santo Domingo (Piantini)","Membresías","Premium",2690.00,1818.00,12,Activo,13,8
TRX-RD-9546,2025-11-07,011-8589574-3,"Carlos Guzmán Sánchez","Punta Cana (Bávaro)","Membresías","VIP",4890.00,2413.00,8,Cancelado,16,8
TRX-RD-9582,2025-11-07,097-6767830-4,"Francisco Díaz García","Puerto Plata Club","Membresías","Premium",2690.00,1732.00,4,Activo,17,7
TRX-RD-9586,2025-11-07,402-4204423-4,"Ramón Guzmán Paulino","Santiago (Los Jardines)","Membresías","Básica",1690.00,1178.00,9,Activo,15,7
TRX-RD-9615,2025-11-07,402-7419040-0,"Manuel Morales Martínez","Santiago (Los Jardines)","Clases Guiadas","VIP",1005.00,2232.00,14,Activo,8,9
TRX-RD-9622,2025-11-07,011-9238115-8,"Pedro Rosario Sánchez","Santiago (Los Jardines)","Membresías","Básica",1690.00,1324.00,13,Activo,14,9
TRX-RD-9641,2025-11-07,011-9824525-8,"José Sánchez Marte","Santo Domingo (Piantini)","Membresías","Premium",2690.00,1765.00,11,Activo,7,7
TRX-RD-9688,2025-11-07,001-1398005-6,"José Morales Paulino","Punta Cana (Bávaro)","Membresías","Premium",2690.00,1722.00,9,Activo,12,8
TRX-RD-9696,2025-11-07,031-5457306-1,"Carlos Paulino Marte","Punta Cana (Bávaro)","Personal Trainer","Básica",1273.00,1200.00,15,Activo,15,8
TRX-RD-9706,2025-11-07,031-3994908-9,"Genesis Martínez Pérez","Santo Domingo (Piantini)","Personal Trainer","VIP",1395.00,2456.00,12,Activo,11,7
TRX-RD-9720,2025-11-07,031-7085259-8,"Carmen Díaz Rosario","Santiago (Los Jardines)","Membresías","Premium",2690.00,1695.00,11,Activo,10,10
TRX-RD-9736,2025-11-07,011-1417102-6,"María Morales Morales","Santo Domingo Este (Zona Oriental)","Membresías","Básica",1690.00,1084.00,14,Activo,12,8
TRX-RD-9764,2025-11-07,011-0266902-3,"Genesis Castillo Peña","Santo Domingo (Piantini)","Membresías","VIP",4890.00,2620.00,14,Activo,14,9
TRX-RD-9821,2025-11-07,031-3993669-8,"Carolina Vásquez Pérez","Punta Cana (Bávaro)","Personal Trainer","Premium",1528.00,1428.00,8,Activo,10,10
TRX-RD-9847,2025-11-07,002-4563876-2,"Rosa Reyes Peña","Puerto Plata Club","Personal Trainer","Básica",1646.00,1081.00,11,Activo,12,7
TRX-RD-9899,2025-11-07,002-4726579-6,"Emmanuel Paulino Jiménez","Punta Cana (Bávaro)","Membresías","Básica",1690.00,1176.00,8,Activo,12,8
TRX-RD-9934,2025-11-07,001-2331035-1,"Rosa Vásquez Peña","Santiago (Los Jardines)","Membresías","Premium",2690.00,1609.00,14,Activo,10,8
TRX-RD-9943,2025-11-07,002-3241056-3,"Carolina Sánchez Paulino","Santo Domingo (Piantini)","Personal Trainer","Básica",1499.00,1438.00,4,Cancelado,10,9
TRX-RD-9974,2025-11-07,001-7706644-6,"Joan Marte Santana","Santo Domingo Este (Zona Oriental)","Membresías","Básica",1690.00,1596.00,11,Activo,13,9
TRX-RD-9335,2025-11-08,402-5436022-1,"Stephanie Marte Paulino","Santiago (Los Jardines)","Tienda Deportiva","Básica",1702.00,1136.00,14,Activo,6,8
TRX-RD-9348,2025-11-08,011-2093698-2,"Miguel Ventura Guzmán","Santo Domingo Este (Zona Oriental)","Membresías","Básica",1690.00,1283.00,12,Activo,12,9
TRX-RD-9384,2025-11-08,402-9497962-6,"Juan Sánchez Ventura","Santo Domingo Este (Zona Oriental)","Clases Guiadas","Premium",1100.00,1775.00,11,Activo,15,10
TRX-RD-9434,2025-11-08,001-4914206-9,"Gabriel Díaz Reyes","Santiago (Los Jardines)","Membresías","Premium",2690.00,1504.00,15,Activo,17,9
TRX-RD-9453,2025-11-08,001-9801258-5,"Johanny Pérez Marte","Santiago (Los Jardines)","Membresías","Básica",1690.00,1140.00,4,Activo,12,8
TRX-RD-9465,2025-11-08,011-2564054-8,"Pedro García Reyes","Puerto Plata Club","Membresías","Premium",2690.00,1702.00,13,Activo,16,9
TRX-RD-9473,2025-11-08,011-2335632-9,"Luisa Rosario Jiménez","Santiago (Los Jardines)","Clases Guiadas","Básica",1017.00,1055.00,13,Activo,12,8
TRX-RD-9482,2025-11-08,031-3445475-4,"Luis Rodríguez Morales","Punta Cana (Bávaro)","Membresías","Premium",2690.00,1471.00,14,Activo,12,9
TRX-RD-9491,2025-11-08,031-1874374-3,"Gabriel Martínez Pérez","Santo Domingo Este (Zona Oriental)","Clases Guiadas","Básica",1088.00,1181.00,8,Activo,5,7
TRX-RD-9495,2025-11-08,037-5690806-1,"Miguel Cruz Pérez","Santo Domingo (Piantini)","Membresías","VIP",4890.00,2289.00,10,Activo,10,9
TRX-RD-9501,2025-11-08,402-9933288-8,"Carmen Peña Díaz","Santiago (Los Jardines)","Membresías","Premium",2690.00,1344.00,9,Activo,10,8
TRX-RD-9513,2025-11-08,037-2679702-4,"Rafael Castillo Peña","Santo Domingo (Piantini)","Membresías","Básica",1690.00,1274.00,12,Activo,8,8
TRX-RD-9520,2025-11-08,011-1679631-7,"Laura Gómez Paulino","Santiago (Los Jardines)","Personal Trainer","Premium",1503.00,1581.00,11,Activo,12,9
TRX-RD-9590,2025-11-08,097-0213742-4,"Kelvin Castillo Díaz","Santiago (Los Jardines)","Personal Trainer","Básica",1545.00,1434.00,14,Activo,10,9
TRX-RD-9620,2025-11-08,402-4161120-7,"Carlos Vásquez Peña","Santo Domingo (Piantini)","Membresías","Premium",2690.00,1665.00,10,Cancelado,12,8
TRX-RD-9621,2025-11-08,037-8021183-9,"Miguel Pérez Rodríguez","Santiago (Los Jardines)","Membresías","Premium",2690.00,1509.00,8,Activo,11,7
TRX-RD-9662,2025-11-08,011-2788001-9,"Ramón Ventura Reyes","Santo Domingo (Piantini)","Personal Trainer","VIP",1405.00,2662.00,13,Activo,11,8
TRX-RD-9723,2025-11-08,002-4145283-8,"Stephanie Martínez Rodríguez","Punta Cana (Bávaro)","Personal Trainer","Básica",1390.00,1446.00,10,Cancelado,12,9
TRX-RD-9735,2025-11-08,002-8357825-0,"Laura Cruz Ventura","Puerto Plata Club","Personal Trainer","Premium",1586.00,1794.00,12,Activo,8,10
TRX-RD-9759,2025-11-08,037-7381306-2,"Carmen Gómez Martínez","Punta Cana (Bávaro)","Membresías","Premium",2690.00,1895.00,10,Activo,7,8
TRX-RD-9765,2025-11-08,037-0024297-1,"Pedro Guzmán Vásquez","Santo Domingo (Piantini)","Membresías","VIP",4890.00,2327.00,17,Activo,11,8
TRX-RD-9774,2025-11-08,402-1090617-4,"Ramón Peña Rodríguez","Puerto Plata Club","Membresías","VIP",4890.00,2434.00,8,Activo,15,8
TRX-RD-9790,2025-11-08,097-0440943-3,"Juan Ventura Sánchez","Punta Cana (Bávaro)","Membresías","VIP",4890.00,2444.00,8,Activo,9,7
TRX-RD-9803,2025-11-08,001-0197774-2,"Stephanie Peña Ventura","Santo Domingo (Piantini)","Membresías","VIP",4890.00,2497.00,10,Activo,14,8
TRX-RD-9815,2025-11-08,037-4771277-0,"Johanny Santana Santana","Santiago (Los Jardines)","Membresías","Básica",1690.00,1270.00,8,Activo,10,7
TRX-RD-9831,2025-11-08,402-6753909-2,"Rosa Gómez Ventura","Santo Domingo Este (Zona Oriental)","Membresías","Básica",1690.00,1429.00,8,Activo,17,8
TRX-RD-9915,2025-11-08,001-4699582-4,"Emmanuel Pérez Martínez","Santo Domingo (Piantini)","Personal Trainer","Premium",1399.00,1485.00,13,Activo,11,8
TRX-RD-9308,2025-11-09,402-6032335-3,"Rosa Pérez Martínez","Santo Domingo (Piantini)","Personal Trainer","VIP",1425.00,2308.00,11,Activo,11,6
TRX-RD-9324,2025-11-09,002-7106673-0,"Emmanuel Santana Paulino","Santiago (Los Jardines)","Membresías","Premium",2690.00,1582.00,12,Activo,9,6
TRX-RD-9326,2025-11-09,002-7106673-0,"Emmanuel Santana Paulino","Santiago (Los Jardines)","Clases Guiadas","Premium",1060.00,1582.00,12,Activo,9,6
TRX-RD-9334,2025-11-09,402-5436022-1,"Stephanie Marte Paulino","Santiago (Los Jardines)","Clases Guiadas","Básica",656.00,1136.00,14,Activo,6,8
TRX-RD-9356,2025-11-09,037-1324151-5,"Carlos Reyes Martínez","Puerto Plata Club","Membresías","Premium",2690.00,1887.00,14,Activo,8,8
TRX-RD-9383,2025-11-09,402-9497962-6,"Juan Sánchez Ventura","Santo Domingo Este (Zona Oriental)","Personal Trainer","Premium",1301.00,1775.00,11,Activo,15,10
TRX-RD-9419,2025-11-09,002-0939135-8,"Stephanie Guzmán Morales","Santiago (Los Jardines)","Personal Trainer","Básica",1259.00,1115.00,11,Activo,9,9
TRX-RD-9438,2025-11-09,002-6952256-1,"Nicole Santana Reyes","Santo Domingo (Piantini)","Tienda Deportiva","VIP",2136.00,2640.00,13,Activo,13,8
TRX-RD-9444,2025-11-09,031-5697088-5,"Altagracia Paulino Castillo","Santo Domingo (Piantini)","Membresías","VIP",4890.00,2503.00,11,Activo,10,8
TRX-RD-9456,2025-11-09,002-8779724-5,"Carmen Gómez Jiménez","Santiago (Los Jardines)","Personal Trainer","Premium",1223.00,1637.00,11,Activo,7,8
TRX-RD-9486,2025-11-09,001-9152930-4,"María Díaz Morales","Santo Domingo (Piantini)","Membresías","Premium",2690.00,1749.00,14,Activo,11,8
TRX-RD-9512,2025-11-09,402-0381126-6,"María Castillo Díaz","Santiago (Los Jardines)","Membresías","Básica",1690.00,916.00,11,Activo,10,7
TRX-RD-9514,2025-11-09,037-2679702-4,"Rafael Castillo Peña","Santo Domingo (Piantini)","Personal Trainer","Básica",1675.00,1274.00,12,Activo,8,8
TRX-RD-9530,2025-11-09,037-8528078-9,"Carmen Rodríguez Vásquez","Santo Domingo Este (Zona Oriental)","Membresías","Básica",1690.00,1505.00,8,Activo,7,8
TRX-RD-9543,2025-11-09,037-8163497-1,"Carolina Marte Reyes","Santo Domingo (Piantini)","Membresías","VIP",4890.00,2270.00,10,Activo,9,8
TRX-RD-9557,2025-11-09,097-7940625-6,"Carlos Reyes Rosario","Santo Domingo (Piantini)","Membresías","VIP",4890.00,2633.00,9,Activo,13,8
TRX-RD-9601,2025-11-09,031-7501314-7,"Gabriel Ventura Vásquez","Santo Domingo (Piantini)","Membresías","VIP",4890.00,2312.00,8,Activo,8,7
TRX-RD-9606,2025-11-09,031-6302745-5,"Luisa Cruz García","Santo Domingo Este (Zona Oriental)","Membresías","Básica",1690.00,1192.00,14,Activo,7,8
TRX-RD-9625,2025-11-09,011-4990913-5,"Luis Sánchez Díaz","Santo Domingo (Piantini)","Membresías","VIP",4890.00,2605.00,10,Activo,8,9
TRX-RD-9626,2025-11-09,002-6804390-8,"Alejandro Morales Ventura","Santiago (Los Jardines)","Membresías","Básica",1690.00,1291.00,11,Activo,7,7
TRX-RD-9627,2025-11-09,002-6804390-8,"Alejandro Morales Ventura","Santiago (Los Jardines)","Personal Trainer","Básica",1757.00,1291.00,11,Activo,7,7
TRX-RD-9630,2025-11-09,011-7420481-6,"Ramón Reyes García","Santo Domingo Este (Zona Oriental)","Membresías","Básica",1690.00,1608.00,11,Activo,11,8
TRX-RD-9631,2025-11-09,031-1608619-4,"Joan Díaz Rodríguez","Santo Domingo (Piantini)","Membresías","Básica",1690.00,1531.00,12,Activo,11,8
TRX-RD-9649,2025-11-09,011-6197242-5,"Ramón Pérez Rosario","Santo Domingo (Piantini)","Membresías","Básica",1690.00,1064.00,9,Activo,8,8
TRX-RD-9673,2025-11-09,011-2999115-2,"Yamilka Jiménez Peña","Santo Domingo (Piantini)","Clases Guiadas","Básica",1048.00,1390.00,13,Activo,9,7
TRX-RD-9691,2025-11-09,031-0115665-5,"Altagracia Vásquez Castillo","Santiago (Los Jardines)","Clases Guiadas","Básica",971.00,1249.00,8,Activo,11,8
TRX-RD-9710,2025-11-09,001-1274666-4,"Kelvin Marte Guzmán","Santiago (Los Jardines)","Membresías","Premium",2690.00,1496.00,10,Activo,13,7
TRX-RD-9726,2025-11-09,037-7192562-9,"Genesis Ventura Paulino","Punta Cana (Bávaro)","Membresías","Básica",1690.00,1030.00,13,Activo,10,7
TRX-RD-9733,2025-11-09,031-0979907-6,"Yamilka Peña Sánchez","Puerto Plata Club","Tienda Deportiva","VIP",1694.00,2596.00,8,Activo,9,9
TRX-RD-9746,2025-11-09,031-7136987-3,"Emmanuel Morales Castillo","Santo Domingo (Piantini)","Membresías","VIP",4890.00,2343.00,9,Activo,12,8
TRX-RD-9778,2025-11-09,031-9583417-5,"Alejandro Cruz Vásquez","Santiago (Los Jardines)","Membresías","Premium",2690.00,1421.00,12,Activo,15,6
TRX-RD-9784,2025-11-09,097-1755408-4,"Carolina Paulino Marte","Santo Domingo Este (Zona Oriental)","Membresías","Premium",2690.00,1360.00,5,Activo,10,9
TRX-RD-9798,2025-11-09,037-5296970-3,"Rosa Sánchez Reyes","Punta Cana (Bávaro)","Clases Guiadas","Premium",930.00,1522.00,10,Activo,7,6
TRX-RD-9818,2025-11-09,097-4316545-9,"José Sánchez García","Punta Cana (Bávaro)","Membresías","Básica",1690.00,1229.00,9,Activo,7,9
TRX-RD-9856,2025-11-09,097-3249981-0,"Manuel Reyes Rosario","Puerto Plata Club","Membresías","Básica",1690.00,1486.00,10,Cancelado,12,8
TRX-RD-9875,2025-11-09,031-0544898-3,"Miguel Martínez Jiménez","Santo Domingo Este (Zona Oriental)","Clases Guiadas","Premium",1066.00,1940.00,7,Activo,9,7
TRX-RD-9890,2025-11-09,037-6341494-7,"Juan Guzmán García","Santiago (Los Jardines)","Membresías","Básica",1690.00,1478.00,8,Activo,12,8
TRX-RD-9911,2025-11-09,002-8546073-9,"Altagracia García Ventura","Punta Cana (Bávaro)","Membresías","Básica",1690.00,1224.00,10,Activo,16,7
TRX-RD-9932,2025-11-09,011-4532392-7,"Gabriel Marte Vásquez","Santo Domingo Este (Zona Oriental)","Personal Trainer","Premium",1291.00,1474.00,14,Activo,14,7
TRX-RD-9951,2025-11-09,031-1342744-1,"Patricia Pérez Díaz","Puerto Plata Club","Membresías","Básica",1690.00,1141.00,11,Activo,10,8
TRX-RD-9957,2025-11-09,002-6200903-8,"Carmen Sánchez Castillo","Santiago (Los Jardines)","Clases Guiadas","Básica",1145.00,1560.00,8,Activo,8,8
TRX-RD-9967,2025-11-09,011-5398339-8,"Rafael Paulino Jiménez","Santo Domingo Este (Zona Oriental)","Membresías","Básica",1690.00,1136.00,10,Activo,10,6
TRX-RD-9316,2025-11-10,031-4625065-3,"Rosa Paulino Cruz","Santiago (Los Jardines)","Membresías","Básica",1690.00,1280.00,7,Activo,8,7
TRX-RD-9325,2025-11-10,002-7106673-0,"Emmanuel Santana Paulino","Santiago (Los Jardines)","Personal Trainer","Premium",1606.00,1582.00,12,Activo,9,6
TRX-RD-9363,2025-11-10,097-7920909-8,"Ana García Santana","Santo Domingo Este (Zona Oriental)","Membresías","Básica",1690.00,1411.00,10,Activo,13,9
TRX-RD-9390,2025-11-10,037-5881311-1,"Luisa Santana Guzmán","Santo Domingo (Piantini)","Membresías","Premium",2690.00,1676.00,8,Activo,7,9
TRX-RD-9408,2025-11-10,001-8113511-2,"Altagracia Santana Pérez","Santo Domingo (Piantini)","Membresías","Premium",2690.00,1587.00,6,Activo,12,7
TRX-RD-9499,2025-11-10,097-7300350-5,"Laura Sánchez Martínez","Santiago (Los Jardines)","Membresías","Premium",2690.00,1594.00,10,Activo,10,8
TRX-RD-9551,2025-11-10,031-5503655-5,"Laura Reyes Reyes","Santo Domingo (Piantini)","Membresías","Básica",1690.00,1104.00,13,Activo,12,8
TRX-RD-9573,2025-11-10,001-6416894-0,"Gabriel Guzmán Castillo","Punta Cana (Bávaro)","Tienda Deportiva","Básica",1919.00,1018.00,9,Activo,6,7
TRX-RD-9687,2025-11-10,031-0415386-5,"Ana Vásquez García","Santo Domingo (Piantini)","Clases Guiadas","Premium",1137.00,1642.00,13,Activo,11,9
TRX-RD-9751,2025-11-10,002-9773654-8,"Ramón Guzmán García","Santo Domingo (Piantini)","Membresías","VIP",4890.00,2398.00,14,Activo,13,8
TRX-RD-9808,2025-11-10,001-1158293-8,"Manuel Sánchez García","Punta Cana (Bávaro)","Tienda Deportiva","Premium",1344.00,1670.00,5,Activo,12,8
TRX-RD-9834,2025-11-10,001-2826741-6,"Yamilka Santana Martínez","Santo Domingo Este (Zona Oriental)","Tienda Deportiva","Básica",1745.00,1389.00,12,Activo,8,9
TRX-RD-9868,2025-11-10,097-8097227-0,"Miguel Ventura Martínez","Santiago (Los Jardines)","Membresías","VIP",4890.00,2387.00,10,Activo,10,7
TRX-RD-9944,2025-11-10,002-3241056-3,"Carolina Sánchez Paulino","Santo Domingo (Piantini)","Tienda Deportiva","Básica",1748.00,1438.00,4,Cancelado,10,9
TRX-RD-9964,2025-11-10,402-5039105-5,"María Díaz Santana","Puerto Plata Club","Membresías","Básica",1690.00,1209.00,10,Activo,6,9
TRX-RD-9971,2025-11-10,031-0084252-9,"Yamilka Morales Cruz","Santo Domingo Este (Zona Oriental)","Personal Trainer","Básica",1248.00,1317.00,6,Cancelado,6,7
TRX-RD-9309,2025-11-11,402-6032335-3,"Rosa Pérez Martínez","Santo Domingo (Piantini)","Tienda Deportiva","VIP",1277.00,2308.00,11,Activo,11,6
TRX-RD-9382,2025-11-11,402-9497962-6,"Juan Sánchez Ventura","Santo Domingo Este (Zona Oriental)","Membresías","Premium",2690.00,1775.00,11,Activo,15,10
TRX-RD-9386,2025-11-11,011-9793610-5,"Luisa García Morales","Santo Domingo (Piantini)","Membresías","VIP",4890.00,2433.00,12,Activo,11,7
TRX-RD-9431,2025-11-11,402-2735504-3,"Ramón Marte Sánchez","Santiago (Los Jardines)","Membresías","Premium",2690.00,1446.00,12,Activo,7,8
TRX-RD-9464,2025-11-11,011-3176432-4,"Manuel Gómez Castillo","Santo Domingo Este (Zona Oriental)","Membresías","Básica",1690.00,1311.00,14,Activo,9,8
TRX-RD-9476,2025-11-11,097-4814056-4,"Alejandro Cruz Díaz","Punta Cana (Bávaro)","Membresías","VIP",4890.00,2397.00,15,Activo,12,9
TRX-RD-9483,2025-11-11,037-7016446-9,"Ana Cruz Peña","Santiago (Los Jardines)","Membresías","Básica",1690.00,1191.00,11,Activo,9,9
TRX-RD-9496,2025-11-11,031-8723636-3,"Carolina Cruz Marte","Santo Domingo Este (Zona Oriental)","Membresías","Básica",1690.00,1359.00,14,Activo,14,8
TRX-RD-9521,2025-11-11,001-0742516-7,"Luis Ventura Reyes","Santo Domingo Este (Zona Oriental)","Membresías","Básica",1690.00,1136.00,15,Activo,9,9
TRX-RD-9549,2025-11-11,037-0576050-6,"Patricia Guzmán Morales","Santiago (Los Jardines)","Membresías","Básica",1690.00,1340.00,6,Activo,13,8
TRX-RD-9612,2025-11-11,402-8434250-4,"Luisa Sánchez Cruz","Punta Cana (Bávaro)","Membresías","VIP",4890.00,2475.00,14,Activo,8,7
TRX-RD-9682,2025-11-11,011-9218691-2,"Ramón Santana Gómez","Santiago (Los Jardines)","Personal Trainer","Premium",1611.00,1586.00,11,Activo,9,10
TRX-RD-9690,2025-11-11,031-0115665-5,"Altagracia Vásquez Castillo","Santiago (Los Jardines)","Membresías","Básica",1690.00,1249.00,8,Activo,11,8
TRX-RD-9694,2025-11-11,002-3232256-0,"Patricia Santana Morales","Santo Domingo (Piantini)","Membresías","Básica",1690.00,1098.00,11,Activo,14,8
TRX-RD-9731,2025-11-11,011-8699091-5,"Stephanie Sánchez Martínez","Santo Domingo (Piantini)","Tienda Deportiva","Básica",1736.00,1133.00,14,Activo,13,8
TRX-RD-9745,2025-11-11,037-7827589-5,"Rafael Pérez Rosario","Santo Domingo (Piantini)","Personal Trainer","Premium",1505.00,1487.00,9,Activo,10,8
TRX-RD-9783,2025-11-11,097-7697463-7,"Altagracia Díaz Rodríguez","Santiago (Los Jardines)","Clases Guiadas","Básica",890.00,1064.00,11,Activo,8,8
TRX-RD-9839,2025-11-11,002-1719264-0,"Francisco Martínez Morales","Santiago (Los Jardines)","Membresías","Básica",1690.00,1168.00,12,Activo,15,9
TRX-RD-9848,2025-11-11,402-7258683-1,"Yudelka Jiménez Peña","Punta Cana (Bávaro)","Membresías","Básica",1690.00,960.00,5,Activo,12,7
TRX-RD-9977,2025-11-11,001-7706644-6,"Joan Marte Santana","Santo Domingo Este (Zona Oriental)","Tienda Deportiva","Básica",1630.00,1596.00,11,Activo,13,9
TRX-RD-9365,2025-11-12,011-2413859-3,"Luisa Rosario Guzmán","Santiago (Los Jardines)","Tienda Deportiva","Básica",1540.00,1192.00,7,Activo,8,7
TRX-RD-9403,2025-11-12,402-6347891-5,"Ramón Martínez Morales","Punta Cana (Bávaro)","Membresías","Básica",1690.00,1268.00,11,Activo,13,7
TRX-RD-9409,2025-11-12,001-8113511-2,"Altagracia Santana Pérez","Santo Domingo (Piantini)","Clases Guiadas","Premium",731.00,1587.00,6,Activo,12,7
TRX-RD-9437,2025-11-12,002-6952256-1,"Nicole Santana Reyes","Santo Domingo (Piantini)","Membresías","VIP",4890.00,2640.00,13,Activo,13,8
TRX-RD-9457,2025-11-12,002-8779724-5,"Carmen Gómez Jiménez","Santiago (Los Jardines)","Clases Guiadas","Premium",944.00,1637.00,11,Activo,7,8
TRX-RD-9532,2025-11-12,402-7986613-7,"Luis Sánchez Vásquez","Punta Cana (Bávaro)","Membresías","Básica",1690.00,1244.00,9,Activo,11,7
TRX-RD-9538,2025-11-12,037-3740762-1,"Pedro Morales Rosario","Santo Domingo Este (Zona Oriental)","Tienda Deportiva","Básica",1674.00,1223.00,6,Activo,5,10
TRX-RD-9556,2025-11-12,001-2220302-9,"Ana Martínez Santana","Punta Cana (Bávaro)","Clases Guiadas","Básica",1090.00,1409.00,11,Activo,8,7
TRX-RD-9593,2025-11-12,031-8796310-7,"Ana Marte Sánchez","Santo Domingo Este (Zona Oriental)","Personal Trainer","Básica",1477.00,1181.00,13,Activo,9,7
TRX-RD-9674,2025-11-12,002-5305764-0,"Patricia Castillo Santana","Punta Cana (Bávaro)","Membresías","Básica",1690.00,1329.00,9,Cancelado,9,7
TRX-RD-9676,2025-11-12,002-8632191-4,"Yamilka Jiménez Jiménez","Santiago (Los Jardines)","Membresías","Básica",1690.00,1169.00,14,Activo,13,9
TRX-RD-9701,2025-11-12,011-3083034-0,"Kelvin Marte Santana","Santiago (Los Jardines)","Membresías","Básica",1690.00,1259.00,7,Cancelado,3,5
TRX-RD-9739,2025-11-12,002-6627199-8,"Gabriel Ventura Ventura","Santo Domingo (Piantini)","Membresías","Básica",1690.00,1220.00,17,Activo,9,9
TRX-RD-9740,2025-11-12,002-2227557-0,"Kelvin Díaz García","Santo Domingo (Piantini)","Membresías","VIP",4890.00,2334.00,17,Activo,13,8
TRX-RD-9812,2025-11-12,001-7888720-4,"Pedro Peña Guzmán","Puerto Plata Club","Tienda Deportiva","VIP",1449.00,2841.00,13,Activo,10,8
TRX-RD-9888,2025-11-12,011-7002003-4,"Ramón Pérez Marte","Santo Domingo (Piantini)","Membresías","VIP",4890.00,2543.00,11,Activo,14,8
TRX-RD-9893,2025-11-12,031-5780704-5,"Joan Guzmán Rodríguez","Punta Cana (Bávaro)","Personal Trainer","VIP",1512.00,2509.00,13,Activo,15,8
TRX-RD-9956,2025-11-12,002-6200903-8,"Carmen Sánchez Castillo","Santiago (Los Jardines)","Membresías","Básica",1690.00,1560.00,8,Activo,8,8
TRX-RD-9342,2025-11-13,402-4917674-0,"Yamilka García Morales","Punta Cana (Bávaro)","Tienda Deportiva","VIP",834.00,2476.00,10,Activo,13,8
TRX-RD-9359,2025-11-13,031-4152428-4,"Yudelka Morales Morales","Punta Cana (Bávaro)","Membresías","Básica",1690.00,1253.00,11,Activo,15,8
TRX-RD-9374,2025-11-13,011-7722143-7,"Nicole Cruz Pérez","Punta Cana (Bávaro)","Clases Guiadas","Básica",823.00,1290.00,13,Activo,15,9
TRX-RD-9380,2025-11-13,011-4786136-1,"Altagracia Marte Jiménez","Santo Domingo Este (Zona Oriental)","Membresías","Básica",1690.00,1326.00,10,Activo,8,8
TRX-RD-9405,2025-11-13,002-1029560-6,"Manuel Gómez Cruz","Santiago (Los Jardines)","Membresías","Premium",2690.00,1537.00,11,Activo,9,9
TRX-RD-9436,2025-11-13,402-3864375-9,"Kelvin Ventura Pérez","Santo Domingo (Piantini)","Membresías","VIP",4890.00,2450.00,9,Cancelado,12,8
TRX-RD-9471,2025-11-13,001-7971463-9,"Luisa Peña Díaz","Punta Cana (Bávaro)","Membresías","VIP",4890.00,2491.00,11,Activo,11,6
TRX-RD-9717,2025-11-13,097-2566732-4,"Johanny Castillo Reyes","Santo Domingo Este (Zona Oriental)","Personal Trainer","Básica",1309.00,1137.00,7,Activo,10,10
TRX-RD-9728,2025-11-13,011-8699091-5,"Stephanie Sánchez Martínez","Santo Domingo (Piantini)","Membresías","Básica",1690.00,1133.00,14,Activo,13,8
TRX-RD-9743,2025-11-13,097-4631063-1,"Pedro Peña Vásquez","Santo Domingo (Piantini)","Membresías","Básica",1690.00,1244.00,9,Activo,11,8
TRX-RD-9769,2025-11-13,402-5541175-9,"Yamilka Sánchez Díaz","Santiago (Los Jardines)","Membresías","VIP",4890.00,2404.00,11,Activo,10,8
TRX-RD-9852,2025-11-13,402-9075402-3,"Ana Pérez Ventura","Santiago (Los Jardines)","Personal Trainer","Premium",1786.00,1899.00,6,Activo,7,8
TRX-RD-9866,2025-11-13,402-3799506-9,"Miguel Castillo Cruz","Santo Domingo Este (Zona Oriental)","Clases Guiadas","Básica",953.00,1112.00,15,Activo,10,7
TRX-RD-9874,2025-11-13,031-0544898-3,"Miguel Martínez Jiménez","Santo Domingo Este (Zona Oriental)","Membresías","Premium",2690.00,1940.00,7,Activo,9,7
TRX-RD-9907,2025-11-13,011-9506570-9,"Pedro Pérez Sánchez","Santo Domingo (Piantini)","Membresías","Premium",2690.00,1570.00,8,Activo,12,7
TRX-RD-9910,2025-11-13,001-5706299-3,"Carmen Rosario Pérez","Santo Domingo Este (Zona Oriental)","Membresías","Básica",1690.00,1294.00,7,Cancelado,15,8
TRX-RD-9336,2025-11-14,037-8530130-4,"Miguel Marte Castillo","Santiago (Los Jardines)","Membresías","Básica",1690.00,1247.00,5,Activo,8,7
TRX-RD-9355,2025-11-14,402-9451155-1,"Juan Marte Peña","Puerto Plata Club","Personal Trainer","Básica",1700.00,1221.00,10,Activo,6,7
TRX-RD-9406,2025-11-14,002-1029560-6,"Manuel Gómez Cruz","Santiago (Los Jardines)","Clases Guiadas","Premium",981.00,1537.00,11,Activo,9,9
TRX-RD-9410,2025-11-14,001-9939436-2,"Pedro Rosario Sánchez","Santo Domingo Este (Zona Oriental)","Membresías","Básica",1690.00,1328.00,12,Activo,10,9
TRX-RD-9432,2025-11-14,402-2735504-3,"Ramón Marte Sánchez","Santiago (Los Jardines)","Clases Guiadas","Premium",1004.00,1446.00,12,Activo,7,8
TRX-RD-9475,2025-11-14,011-9286017-7,"Miguel Reyes Santana","Punta Cana (Bávaro)","Membresías","Básica",1690.00,1359.00,6,Activo,8,8
TRX-RD-9480,2025-11-14,037-5645049-4,"José Gómez Jiménez","Santiago (Los Jardines)","Membresías","Premium",2690.00,2106.00,9,Activo,9,8
TRX-RD-9505,2025-11-14,001-3849562-7,"Joan Guzmán Santana","Santo Domingo (Piantini)","Membresías","VIP",4890.00,2406.00,12,Activo,9,7
TRX-RD-9540,2025-11-14,002-2514215-7,"Altagracia Rosario Guzmán","Santo Domingo (Piantini)","Membresías","VIP",4890.00,2503.00,9,Activo,9,7
TRX-RD-9567,2025-11-14,031-2974266-8,"Johanny Jiménez Jiménez","Santo Domingo (Piantini)","Clases Guiadas","Premium",826.00,1751.00,12,Activo,12,9
TRX-RD-9609,2025-11-14,002-6118565-6,"Pedro Guzmán Paulino","Punta Cana (Bávaro)","Membresías","Básica",1690.00,1055.00,5,Activo,13,8
TRX-RD-9624,2025-11-14,037-7869598-5,"Kelvin Ventura García","Punta Cana (Bávaro)","Membresías","Premium",2690.00,1596.00,13,Activo,13,8
TRX-RD-9642,2025-11-14,037-7274299-9,"Juan Díaz Rodríguez","Santo Domingo Este (Zona Oriental)","Membresías","Básica",1690.00,1358.00,8,Activo,13,7
TRX-RD-9651,2025-11-14,097-2331703-9,"María Jiménez Martínez","Santiago (Los Jardines)","Membresías","Básica",1690.00,1256.00,9,Activo,9,7
TRX-RD-9667,2025-11-14,037-7397599-4,"Luis Reyes Ventura","Santo Domingo (Piantini)","Membresías","Básica",1690.00,1334.00,12,Activo,12,9
TRX-RD-9684,2025-11-14,031-6441568-3,"Manuel Paulino Ventura","Puerto Plata Club","Membresías","VIP",4890.00,2333.00,12,Activo,12,10
TRX-RD-9686,2025-11-14,031-0415386-5,"Ana Vásquez García","Santo Domingo (Piantini)","Membresías","Premium",2690.00,1642.00,13,Activo,11,9
TRX-RD-9703,2025-11-14,001-6862823-8,"Kelvin Vásquez Pérez","Santo Domingo (Piantini)","Membresías","Básica",1690.00,1068.00,12,Activo,10,9
TRX-RD-9709,2025-11-14,011-0228573-9,"Laura Sánchez Peña","Santiago (Los Jardines)","Membresías","Premium",2690.00,1619.00,7,Activo,9,10
TRX-RD-9721,2025-11-14,031-7085259-8,"Carmen Díaz Rosario","Santiago (Los Jardines)","Clases Guiadas","Premium",935.00,1695.00,11,Activo,10,10
TRX-RD-9767,2025-11-14,097-2127106-3,"Manuel Sánchez Rodríguez","Punta Cana (Bávaro)","Personal Trainer","Básica",1987.00,1396.00,11,Activo,16,10
TRX-RD-9916,2025-11-14,002-5568091-0,"Gabriel Guzmán Martínez","Santo Domingo (Piantini)","Membresías","Básica",1690.00,948.00,11,Activo,11,9
TRX-RD-9961,2025-11-14,031-2693777-4,"Emmanuel Santana Reyes","Santo Domingo Este (Zona Oriental)","Membresías","Básica",1690.00,1388.00,12,Activo,12,8
TRX-RD-9969,2025-11-14,002-0860564-2,"Kelvin Santana Gómez","Punta Cana (Bávaro)","Membresías","Premium",2690.00,1422.00,8,Activo,14,9
TRX-RD-9307,2025-11-15,402-6032335-3,"Rosa Pérez Martínez","Santo Domingo (Piantini)","Membresías","VIP",4890.00,2308.00,11,Activo,11,6
TRX-RD-9314,2025-11-15,031-4201189-3,"Alejandro Díaz Castillo","Santo Domingo (Piantini)","Membresías","Básica",1690.00,949.00,11,Activo,10,8
TRX-RD-9317,2025-11-15,031-4625065-3,"Rosa Paulino Cruz","Santiago (Los Jardines)","Personal Trainer","Básica",1556.00,1280.00,7,Activo,8,7
TRX-RD-9318,2025-11-15,037-1550315-1,"Miguel Ventura Rodríguez","Punta Cana (Bávaro)","Membresías","Premium",2690.00,1579.00,8,Activo,8,10
TRX-RD-9321,2025-11-15,402-7362251-0,"Francisco Santana Reyes","Santiago (Los Jardines)","Tienda Deportiva","Básica",1103.00,1325.00,13,Activo,8,9
TRX-RD-9329,2025-11-15,001-4336709-2,"Ana Paulino Jiménez","Santo Domingo Este (Zona Oriental)","Tienda Deportiva","Básica",2000.00,1162.00,10,Cancelado,14,6
TRX-RD-9347,2025-11-15,037-4799381-8,"José Castillo Jiménez","Punta Cana (Bávaro)","Clases Guiadas","Premium",948.00,1686.00,12,Activo,11,8
TRX-RD-9367,2025-11-15,097-0737044-2,"Ana Rodríguez Paulino","Santo Domingo (Piantini)","Membresías","Premium",2690.00,1636.00,12,Activo,8,10
TRX-RD-9371,2025-11-15,037-4397113-1,"Pedro Marte García","Santo Domingo (Piantini)","Membresías","VIP",4890.00,2512.00,13,Activo,11,8
TRX-RD-9397,2025-11-15,402-9604871-9,"Rafael Guzmán Pérez","Punta Cana (Bávaro)","Membresías","Premium",2690.00,1714.00,9,Activo,15,9
TRX-RD-9429,2025-11-15,031-3850489-3,"Yamilka Guzmán Morales","Santo Domingo (Piantini)","Membresías","VIP",4890.00,2638.00,13,Activo,13,9
TRX-RD-9452,2025-11-15,037-4087860-2,"José Vásquez Gómez","Puerto Plata Club","Membresías","Premium",2690.00,1700.00,12,Activo,7,7
TRX-RD-9462,2025-11-15,031-8069871-8,"Miguel Martínez Cruz","Santo Domingo Este (Zona Oriental)","Membresías","Básica",1690.00,1173.00,12,Activo,8,7
TRX-RD-9515,2025-11-15,001-7943153-1,"Laura Martínez Reyes","Santo Domingo (Piantini)","Membresías","Básica",1690.00,1213.00,15,Activo,14,9
TRX-RD-9523,2025-11-15,001-0742516-7,"Luis Ventura Reyes","Santo Domingo Este (Zona Oriental)","Tienda Deportiva","Básica",1399.00,1136.00,15,Activo,9,9
TRX-RD-9535,2025-11-15,002-2421057-5,"Yamilka Pérez Vásquez","Santiago (Los Jardines)","Clases Guiadas","Básica",985.00,1190.00,11,Activo,12,8
TRX-RD-9542,2025-11-15,011-9577059-7,"Laura Paulino Jiménez","Santo Domingo Este (Zona Oriental)","Membresías","Básica",1690.00,1208.00,10,Activo,10,8
TRX-RD-9563,2025-11-15,037-0591246-1,"Luis Rodríguez Rosario","Santo Domingo Este (Zona Oriental)","Membresías","Básica",1690.00,1416.00,10,Activo,15,10
TRX-RD-9574,2025-11-15,002-3932879-2,"Juan Peña Ventura","Santo Domingo Este (Zona Oriental)","Membresías","Básica",1690.00,1100.00,8,Activo,13,9
TRX-RD-9583,2025-11-15,001-5280253-4,"Carlos Rodríguez Cruz","Santiago (Los Jardines)","Membresías","Básica",1690.00,1160.00,7,Activo,11,8
TRX-RD-9592,2025-11-15,031-8796310-7,"Ana Marte Sánchez","Santo Domingo Este (Zona Oriental)","Membresías","Básica",1690.00,1181.00,13,Activo,9,7
TRX-RD-9605,2025-11-15,011-7595168-8,"Juan Morales Reyes","Punta Cana (Bávaro)","Membresías","Básica",1690.00,1108.00,7,Activo,10,8
TRX-RD-9617,2025-11-15,011-2805876-3,"Nicole Rosario Reyes","Santo Domingo Este (Zona Oriental)","Personal Trainer","Básica",1754.00,1377.00,11,Activo,6,8
TRX-RD-9632,2025-11-15,002-0919408-3,"Laura Cruz Gómez","Santiago (Los Jardines)","Membresías","Básica",1690.00,1307.00,13,Activo,6,8
TRX-RD-9636,2025-11-15,002-9790082-1,"Emmanuel García Marte","Santiago (Los Jardines)","Personal Trainer","Premium",1589.00,1801.00,12,Activo,12,8
TRX-RD-9639,2025-11-15,402-0475896-1,"Carolina Reyes Rosario","Santo Domingo (Piantini)","Personal Trainer","Premium",1407.00,1762.00,12,Activo,10,7
TRX-RD-9658,2025-11-15,402-3202685-2,"Genesis Jiménez Ventura","Santo Domingo (Piantini)","Tienda Deportiva","Premium",1314.00,1779.00,8,Activo,12,7
TRX-RD-9661,2025-11-15,011-2788001-9,"Ramón Ventura Reyes","Santo Domingo (Piantini)","Membresías","VIP",4890.00,2662.00,13,Activo,11,8
TRX-RD-9695,2025-11-15,031-5457306-1,"Carlos Paulino Marte","Punta Cana (Bávaro)","Membresías","Básica",1690.00,1200.00,15,Activo,15,8
TRX-RD-9813,2025-11-15,037-6256257-1,"Ramón Díaz Jiménez","Santo Domingo Este (Zona Oriental)","Membresías","Básica",1690.00,1342.00,8,Activo,12,9
TRX-RD-9859,2025-11-15,031-6853975-1,"Francisco Ventura Rodríguez","Santo Domingo (Piantini)","Membresías","Premium",2690.00,1584.00,11,Activo,13,8
TRX-RD-9887,2025-11-15,031-0627540-1,"María Morales Guzmán","Punta Cana (Bávaro)","Tienda Deportiva","Básica",1721.00,1201.00,14,Activo,7,8
TRX-RD-9900,2025-11-15,037-7679995-3,"Juan Gómez Rodríguez","Punta Cana (Bávaro)","Membresías","Básica",1690.00,924.00,10,Cancelado,10,8
TRX-RD-9912,2025-11-15,002-8358439-9,"Alejandro Rosario Pérez","Santo Domingo (Piantini)","Membresías","VIP",4890.00,2657.00,15,Activo,14,7
TRX-RD-9921,2025-11-15,031-6366255-8,"Patricia Cruz Marte","Santo Domingo (Piantini)","Membresías","Básica",1690.00,1166.00,12,Activo,15,8
TRX-RD-9319,2025-11-16,037-1550315-1,"Miguel Ventura Rodríguez","Punta Cana (Bávaro)","Tienda Deportiva","Premium",1418.00,1579.00,8,Activo,8,10
TRX-RD-9330,2025-11-16,097-5926792-6,"Nicole Paulino Gómez","Santo Domingo (Piantini)","Membresías","Premium",2690.00,1546.00,9,Activo,9,8
TRX-RD-9357,2025-11-16,037-1324151-5,"Carlos Reyes Martínez","Puerto Plata Club","Tienda Deportiva","Premium",1690.00,1887.00,14,Activo,8,8
TRX-RD-9387,2025-11-16,002-5922083-8,"Laura Morales Rosario","Punta Cana (Bávaro)","Membresías","Premium",2690.00,1704.00,9,Activo,16,7
TRX-RD-9396,2025-11-16,002-2145915-9,"Juan Marte Paulino","Santo Domingo (Piantini)","Membresías","Premium",2690.00,1683.00,11,Activo,6,6
TRX-RD-9398,2025-11-16,011-8606403-4,"Rafael Paulino Gómez","Punta Cana (Bávaro)","Membresías","Básica",1690.00,1076.00,14,Activo,5,8
TRX-RD-9402,2025-11-16,001-5568775-9,"Emmanuel Jiménez Pérez","Santo Domingo Este (Zona Oriental)","Membresías","Premium",2690.00,1714.00,7,Activo,6,8
TRX-RD-9420,2025-11-16,402-0968845-2,"María Santana Sánchez","Santiago (Los Jardines)","Membresías","Básica",1690.00,998.00,8,Activo,7,7
TRX-RD-9461,2025-11-16,402-4830579-5,"Laura Marte Guzmán","Santiago (Los Jardines)","Personal Trainer","Básica",1703.00,999.00,12,Activo,13,7
TRX-RD-9467,2025-11-16,402-8428539-8,"Francisco Rodríguez Cruz","Santo Domingo Este (Zona Oriental)","Membresías","Básica",1690.00,1144.00,9,Activo,4,7
TRX-RD-9484,2025-11-16,037-7016446-9,"Ana Cruz Peña","Santiago (Los Jardines)","Personal Trainer","Básica",1917.00,1191.00,11,Activo,9,9
TRX-RD-9498,2025-11-16,031-8723636-3,"Carolina Cruz Marte","Santo Domingo Este (Zona Oriental)","Clases Guiadas","Básica",767.00,1359.00,14,Activo,14,8
TRX-RD-9507,2025-11-16,002-6232200-1,"Yamilka Pérez Gómez","Santo Domingo (Piantini)","Personal Trainer","Premium",1791.00,1347.00,16,Activo,5,10
TRX-RD-9539,2025-11-16,037-2074875-9,"Ramón Pérez Marte","Puerto Plata Club","Membresías","Básica",1690.00,1114.00,14,Activo,10,8
TRX-RD-9618,2025-11-16,011-2805876-3,"Nicole Rosario Reyes","Santo Domingo Este (Zona Oriental)","Clases Guiadas","Básica",911.00,1377.00,11,Activo,6,8
TRX-RD-9647,2025-11-16,402-7337520-0,"Yudelka Peña Jiménez","Santiago (Los Jardines)","Membresías","VIP",4890.00,2497.00,11,Activo,7,7
TRX-RD-9650,2025-11-16,402-2867257-8,"Pedro Castillo Rodríguez","Santo Domingo (Piantini)","Membresías","VIP",4890.00,2687.00,11,Activo,15,8
TRX-RD-9675,2025-11-16,001-1313633-7,"Genesis García Rosario","Puerto Plata Club","Membresías","Básica",1690.00,1207.00,14,Activo,11,8
TRX-RD-9707,2025-11-16,097-7852937-1,"Rafael Rosario Guzmán","Punta Cana (Bávaro)","Membresías","Básica",1690.00,1344.00,8,Cancelado,11,7
TRX-RD-9737,2025-11-16,011-1417102-6,"María Morales Morales","Santo Domingo Este (Zona Oriental)","Clases Guiadas","Básica",758.00,1084.00,14,Activo,12,8
TRX-RD-9738,2025-11-16,011-1417102-6,"María Morales Morales","Santo Domingo Este (Zona Oriental)","Tienda Deportiva","Básica",2027.00,1084.00,14,Activo,12,8
TRX-RD-9747,2025-11-16,031-7136987-3,"Emmanuel Morales Castillo","Santo Domingo (Piantini)","Tienda Deportiva","VIP",1526.00,2343.00,9,Activo,12,8
TRX-RD-9760,2025-11-16,011-5821589-5,"Carolina Rodríguez Vásquez","Santo Domingo Este (Zona Oriental)","Membresías","Básica",1690.00,1190.00,18,Activo,11,8
TRX-RD-9770,2025-11-16,402-8094202-6,"Luisa Jiménez Pérez","Santo Domingo Este (Zona Oriental)","Membresías","Básica",1690.00,1085.00,3,Cancelado,17,9
TRX-RD-9819,2025-11-16,097-8808961-4,"Nicole Vásquez Vásquez","Punta Cana (Bávaro)","Membresías","Básica",1690.00,1256.00,7,Activo,13,8
TRX-RD-9833,2025-11-16,001-2826741-6,"Yamilka Santana Martínez","Santo Domingo Este (Zona Oriental)","Membresías","Básica",1690.00,1389.00,12,Activo,8,9
TRX-RD-9837,2025-11-16,037-2632060-3,"Nicole Castillo Rodríguez","Santo Domingo (Piantini)","Membresías","VIP",4890.00,2417.00,12,Activo,15,8
TRX-RD-9838,2025-11-16,031-4380637-4,"Patricia Gómez Díaz","Puerto Plata Club","Membresías","Premium",2690.00,1726.00,10,Activo,2,8
TRX-RD-9854,2025-11-16,402-0934530-1,"Johanny Ventura Santana","Santiago (Los Jardines)","Personal Trainer","Básica",1663.00,1432.00,11,Activo,14,8
TRX-RD-9871,2025-11-16,031-2023540-7,"Nicole Peña Pérez","Santo Domingo (Piantini)","Membresías","VIP",4890.00,2393.00,8,Activo,20,10
TRX-RD-9914,2025-11-16,001-4699582-4,"Emmanuel Pérez Martínez","Santo Domingo (Piantini)","Membresías","Premium",2690.00,1485.00,13,Activo,11,8
TRX-RD-9941,2025-11-16,011-3817674-6,"Manuel Reyes Rodríguez","Santiago (Los Jardines)","Personal Trainer","VIP",1691.00,2435.00,12,Activo,8,9
TRX-RD-9945,2025-11-16,402-8956547-1,"Luis Cruz Gómez","Punta Cana (Bávaro)","Membresías","VIP",4890.00,2558.00,11,Activo,9,7
TRX-RD-9375,2025-11-17,097-6356440-9,"Carlos Rodríguez Castillo","Punta Cana (Bávaro)","Membresías","Premium",2690.00,1472.00,13,Activo,10,7
TRX-RD-9393,2025-11-17,402-0624088-5,"Carlos Sánchez Guzmán","Santo Domingo (Piantini)","Clases Guiadas","Básica",1036.00,1359.00,14,Activo,11,8
TRX-RD-9449,2025-11-17,002-4743620-7,"Stephanie Pérez Pérez","Santo Domingo (Piantini)","Clases Guiadas","Básica",1048.00,1141.00,14,Activo,10,8
TRX-RD-9466,2025-11-17,011-2564054-8,"Pedro García Reyes","Puerto Plata Club","Clases Guiadas","Premium",1029.00,1702.00,13,Activo,16,9
TRX-RD-9469,2025-11-17,011-7655157-8,"Emmanuel Pérez Díaz","Santo Domingo (Piantini)","Personal Trainer","Premium",1241.00,1568.00,11,Activo,9,8
TRX-RD-9478,2025-11-17,402-4369425-0,"Altagracia Cruz Martínez","Santiago (Los Jardines)","Membresías","Básica",1690.00,1427.00,13,Activo,10,9
TRX-RD-9545,2025-11-17,001-6323693-8,"Manuel Vásquez Sánchez","Punta Cana (Bávaro)","Membresías","VIP",4890.00,2549.00,11,Activo,17,8
TRX-RD-9559,2025-11-17,031-8246707-0,"Alejandro Marte Morales","Puerto Plata Club","Membresías","VIP",4890.00,2388.00,11,Activo,12,7
TRX-RD-9598,2025-11-17,002-7569082-4,"Altagracia Sánchez Morales","Santo Domingo (Piantini)","Tienda Deportiva","VIP",1732.00,2428.00,12,Activo,15,8
TRX-RD-9619,2025-11-17,002-2155877-8,"Genesis Jiménez García","Santiago (Los Jardines)","Membresías","Premium",2690.00,1357.00,13,Activo,8,8
TRX-RD-9637,2025-11-17,011-9170360-0,"Johanny Rodríguez Rosario","Santiago (Los Jardines)","Membresías","VIP",4890.00,2399.00,8,Activo,6,8
TRX-RD-9656,2025-11-17,001-2868275-4,"Ramón Peña García","Santo Domingo (Piantini)","Membresías","VIP",4890.00,2577.00,11,Activo,12,9
TRX-RD-9671,2025-11-17,001-2207218-4,"Luisa Marte Vásquez","Santo Domingo Este (Zona Oriental)","Personal Trainer","VIP",1575.00,2660.00,9,Cancelado,6,6
TRX-RD-9768,2025-11-17,037-7443702-8,"José Martínez Díaz","Santo Domingo (Piantini)","Membresías","Premium",2690.00,1742.00,7,Cancelado,6,6
TRX-RD-9795,2025-11-17,001-7434335-0,"Ramón Morales Santana","Santo Domingo (Piantini)","Personal Trainer","Premium",1289.00,1388.00,11,Activo,13,10
TRX-RD-9858,2025-11-17,001-6303143-8,"Rosa Castillo Ventura","Santiago (Los Jardines)","Membresías","VIP",4890.00,2315.00,5,Activo,14,6
TRX-RD-9870,2025-11-17,097-8097227-0,"Miguel Ventura Martínez","Santiago (Los Jardines)","Clases Guiadas","VIP",995.00,2387.00,10,Activo,10,7
TRX-RD-9882,2025-11-17,001-4994562-8,"Pedro Marte Marte","Santo Domingo Este (Zona Oriental)","Membresías","Básica",1690.00,1370.00,11,Activo,11,7
TRX-RD-9353,2025-11-18,002-7517997-6,"Yamilka Guzmán Santana","Santiago (Los Jardines)","Membresías","VIP",4890.00,2635.00,9,Activo,15,9
TRX-RD-9361,2025-11-18,097-5613607-4,"Miguel Díaz Cruz","Punta Cana (Bávaro)","Membresías","Básica",1690.00,1355.00,14,Activo,9,8
TRX-RD-9404,2025-11-18,001-6658590-1,"Manuel Ventura Pérez","Punta Cana (Bávaro)","Membresías","VIP",4890.00,2573.00,10,Activo,14,7
TRX-RD-9451,2025-11-18,402-9335168-6,"Francisco Paulino Guzmán","Puerto Plata Club","Membresías","Básica",1690.00,1199.00,7,Activo,12,10
TRX-RD-9504,2025-11-18,031-1102942-1,"Miguel Sánchez Sánchez","Santo Domingo (Piantini)","Clases Guiadas","Básica",1045.00,1329.00,19,Activo,18,9
TRX-RD-9533,2025-11-18,011-4552476-3,"Johanny Cruz Guzmán","Santiago (Los Jardines)","Membresías","Básica",1690.00,1242.00,10,Activo,11,6
TRX-RD-9564,2025-11-18,097-8090752-4,"Juan Martínez Castillo","Santo Domingo (Piantini)","Membresías","Premium",2690.00,1545.00,7,Activo,10,8
TRX-RD-9575,2025-11-18,097-3530510-5,"Alejandro Marte Reyes","Puerto Plata Club","Membresías","VIP",4890.00,2566.00,8,Activo,8,6
TRX-RD-9577,2025-11-18,002-9235870-2,"Juan Castillo Cruz","Punta Cana (Bávaro)","Clases Guiadas","VIP",856.00,2478.00,10,Activo,10,8
TRX-RD-9580,2025-11-18,002-6000131-8,"María Jiménez Santana","Puerto Plata Club","Membresías","Premium",2690.00,1598.00,10,Activo,10,8
TRX-RD-9652,2025-11-18,097-2331703-9,"María Jiménez Martínez","Santiago (Los Jardines)","Clases Guiadas","Básica",909.00,1256.00,9,Activo,9,7
TRX-RD-9672,2025-11-18,011-2999115-2,"Yamilka Jiménez Peña","Santo Domingo (Piantini)","Membresías","Básica",1690.00,1390.00,13,Activo,9,7
TRX-RD-9678,2025-11-18,031-0389221-6,"Laura Reyes Marte","Santo Domingo (Piantini)","Personal Trainer","Premium",1585.00,1788.00,9,Cancelado,10,8
TRX-RD-9692,2025-11-18,002-9847295-2,"Johanny Vásquez Sánchez","Punta Cana (Bávaro)","Membresías","Básica",1690.00,1315.00,8,Activo,10,7
TRX-RD-9702,2025-11-18,011-3083034-0,"Kelvin Marte Santana","Santiago (Los Jardines)","Clases Guiadas","Básica",921.00,1259.00,7,Cancelado,3,5
TRX-RD-9711,2025-11-18,001-1274666-4,"Kelvin Marte Guzmán","Santiago (Los Jardines)","Clases Guiadas","Premium",1096.00,1496.00,10,Activo,13,7
TRX-RD-9715,2025-11-18,031-8359069-8,"Alejandro Cruz Gómez","Santiago (Los Jardines)","Membresías","Básica",1690.00,1312.00,9,Activo,7,7
TRX-RD-9727,2025-11-18,031-8639038-5,"Manuel Cruz Santana","Santiago (Los Jardines)","Membresías","Premium",2690.00,1556.00,10,Cancelado,13,6
TRX-RD-9741,2025-11-18,002-2227557-0,"Kelvin Díaz García","Santo Domingo (Piantini)","Clases Guiadas","VIP",1027.00,2334.00,17,Activo,13,8
TRX-RD-9802,2025-11-18,402-5462716-5,"Genesis García García","Punta Cana (Bávaro)","Clases Guiadas","Premium",766.00,1764.00,13,Activo,10,8
TRX-RD-9865,2025-11-18,402-3799506-9,"Miguel Castillo Cruz","Santo Domingo Este (Zona Oriental)","Personal Trainer","Básica",1538.00,1112.00,15,Activo,10,7
TRX-RD-9876,2025-11-18,402-1332067-0,"Carlos Díaz Martínez","Santo Domingo Este (Zona Oriental)","Membresías","Básica",1690.00,1485.00,10,Activo,11,8
TRX-RD-9884,2025-11-18,402-6097595-4,"Miguel Rosario Martínez","Santiago (Los Jardines)","Membresías","Premium",2690.00,1653.00,13,Activo,15,7
TRX-RD-9904,2025-11-18,037-3862730-0,"Miguel Díaz Reyes","Puerto Plata Club","Membresías","Básica",1690.00,809.00,15,Activo,11,7
TRX-RD-9939,2025-11-18,002-0888852-9,"Kelvin Reyes García","Santo Domingo (Piantini)","Membresías","Básica",1690.00,1261.00,14,Activo,12,8
TRX-RD-9954,2025-11-18,037-7816548-4,"Manuel Jiménez Martínez","Santiago (Los Jardines)","Membresías","Premium",2690.00,1719.00,11,Activo,10,6
TRX-RD-9959,2025-11-18,097-4974915-7,"Laura Santana Vásquez","Punta Cana (Bávaro)","Membresías","Básica",1690.00,1537.00,11,Activo,13,7
TRX-RD-9338,2025-11-19,037-8530130-4,"Miguel Marte Castillo","Santiago (Los Jardines)","Tienda Deportiva","Básica",1370.00,1247.00,5,Activo,8,7
TRX-RD-9344,2025-11-19,037-5983058-5,"María Díaz Pérez","Santo Domingo Este (Zona Oriental)","Clases Guiadas","VIP",938.00,2320.00,11,Activo,11,7
TRX-RD-9349,2025-11-19,402-3725711-4,"Genesis Rodríguez Sánchez","Punta Cana (Bávaro)","Membresías","Básica",1690.00,1179.00,14,Activo,7,8
TRX-RD-9358,2025-11-19,097-6836691-7,"Kelvin Gómez García","Santo Domingo (Piantini)","Membresías","Básica",1690.00,1283.00,8,Activo,10,7
TRX-RD-9372,2025-11-19,037-4397113-1,"Pedro Marte García","Santo Domingo (Piantini)","Personal Trainer","VIP",1840.00,2512.00,13,Activo,11,8
TRX-RD-9421,2025-11-19,402-0968845-2,"María Santana Sánchez","Santiago (Los Jardines)","Clases Guiadas","Básica",831.00,998.00,8,Activo,7,7
TRX-RD-9423,2025-11-19,011-6895563-9,"Kelvin Rodríguez Gómez","Santo Domingo Este (Zona Oriental)","Tienda Deportiva","Básica",1144.00,1157.00,12,Activo,8,8
TRX-RD-9433,2025-11-19,002-0039098-7,"Alejandro Rodríguez Castillo","Punta Cana (Bávaro)","Membresías","Premium",2690.00,1582.00,10,Cancelado,11,5
TRX-RD-9490,2025-11-19,031-1874374-3,"Gabriel Martínez Pérez","Santo Domingo Este (Zona Oriental)","Personal Trainer","Básica",1583.00,1181.00,8,Activo,5,7
TRX-RD-9510,2025-11-19,031-1282880-5,"María Martínez Peña","Santiago (Los Jardines)","Personal Trainer","Premium",1423.00,1493.00,7,Cancelado,14,8
TRX-RD-9591,2025-11-19,097-0213742-4,"Kelvin Castillo Díaz","Santiago (Los Jardines)","Tienda Deportiva","Básica",1486.00,1434.00,14,Activo,10,9
TRX-RD-9628,2025-11-19,031-8253717-9,"Juan Castillo Pérez","Santo Domingo (Piantini)","Membresías","Básica",1690.00,1057.00,14,Activo,15,6
TRX-RD-9659,2025-11-19,011-0803242-4,"Laura Gómez Ventura","Santiago (Los Jardines)","Membresías","VIP",4890.00,2719.00,12,Activo,13,9
TRX-RD-9681,2025-11-19,011-9218691-2,"Ramón Santana Gómez","Santiago (Los Jardines)","Membresías","Premium",2690.00,1586.00,11,Activo,9,10
TRX-RD-9713,2025-11-19,002-7964571-7,"Yamilka Ventura Peña","Punta Cana (Bávaro)","Membresías","Básica",1690.00,1430.00,11,Activo,9,7
TRX-RD-9756,2025-11-19,002-3335454-7,"Manuel Rodríguez Reyes","Santo Domingo Este (Zona Oriental)","Membresías","Básica",1690.00,1007.00,10,Activo,9,8
TRX-RD-9762,2025-11-19,037-6202217-0,"Stephanie Marte Castillo","Santiago (Los Jardines)","Membresías","Básica",1690.00,1333.00,11,Activo,14,10
TRX-RD-9793,2025-11-19,402-6610369-2,"Stephanie Sánchez Vásquez","Punta Cana (Bávaro)","Personal Trainer","Premium",1118.00,1434.00,16,Activo,8,8
TRX-RD-9807,2025-11-19,001-1158293-8,"Manuel Sánchez García","Punta Cana (Bávaro)","Clases Guiadas","Premium",1121.00,1670.00,5,Activo,12,8
TRX-RD-9814,2025-11-19,037-6256257-1,"Ramón Díaz Jiménez","Santo Domingo Este (Zona Oriental)","Clases Guiadas","Básica",864.00,1342.00,8,Activo,12,9
TRX-RD-9816,2025-11-19,037-4771277-0,"Johanny Santana Santana","Santiago (Los Jardines)","Clases Guiadas","Básica",698.00,1270.00,8,Activo,10,7
TRX-RD-9817,2025-11-19,002-4930097-1,"Alejandro Paulino Jiménez","Santo Domingo (Piantini)","Membresías","Básica",1690.00,1333.00,7,Activo,11,8
TRX-RD-9867,2025-11-19,402-3799506-9,"Miguel Castillo Cruz","Santo Domingo Este (Zona Oriental)","Tienda Deportiva","Básica",1782.00,1112.00,15,Activo,10,7
TRX-RD-9881,2025-11-19,037-1003202-4,"Gabriel Díaz Martínez","Santo Domingo Este (Zona Oriental)","Tienda Deportiva","Básica",1805.00,1256.00,8,Activo,7,9
TRX-RD-9895,2025-11-19,402-5274340-2,"Altagracia Morales Sánchez","Santiago (Los Jardines)","Clases Guiadas","Premium",991.00,1875.00,9,Cancelado,13,8
TRX-RD-9922,2025-11-19,031-6366255-8,"Patricia Cruz Marte","Santo Domingo (Piantini)","Personal Trainer","Básica",1439.00,1166.00,12,Activo,15,8
TRX-RD-9926,2025-11-19,001-9581794-5,"Carlos Sánchez Martínez","Puerto Plata Club","Personal Trainer","VIP",1335.00,2196.00,12,Activo,11,8
TRX-RD-9962,2025-11-19,011-4966584-4,"Emmanuel Vásquez Sánchez","Santo Domingo Este (Zona Oriental)","Membresías","Premium",2690.00,1777.00,13,Activo,8,9
TRX-RD-9331,2025-11-20,037-7793362-7,"Pedro Díaz Cruz","Santiago (Los Jardines)","Membresías","Básica",1690.00,1318.00,11,Activo,13,5
TRX-RD-9352,2025-11-20,001-4916795-9,"Manuel Rosario Jiménez","Santo Domingo (Piantini)","Membresías","Básica",1690.00,1356.00,8,Activo,12,9
TRX-RD-9385,2025-11-20,402-9497962-6,"Juan Sánchez Ventura","Santo Domingo Este (Zona Oriental)","Tienda Deportiva","Premium",1740.00,1775.00,11,Activo,15,10
TRX-RD-9407,2025-11-20,402-4689026-9,"Gabriel Santana García","Santiago (Los Jardines)","Membresías","Premium",2690.00,1701.00,9,Activo,20,7
TRX-RD-9430,2025-11-20,001-3787669-4,"Ramón Díaz Rodríguez","Punta Cana (Bávaro)","Membresías","Premium",2690.00,1538.00,11,Activo,8,9
TRX-RD-9455,2025-11-20,002-8779724-5,"Carmen Gómez Jiménez","Santiago (Los Jardines)","Membresías","Premium",2690.00,1637.00,11,Activo,7,8
TRX-RD-9458,2025-11-20,011-6483844-1,"Luis Cruz Jiménez","Punta Cana (Bávaro)","Membresías","Premium",2690.00,1584.00,14,Activo,11,7
TRX-RD-9518,2025-11-20,001-0668806-2,"Genesis Gómez Ventura","Santo Domingo (Piantini)","Tienda Deportiva","VIP",1933.00,2342.00,8,Activo,12,8
TRX-RD-9548,2025-11-20,002-3523658-5,"Kelvin Sánchez Guzmán","Santiago (Los Jardines)","Tienda Deportiva","Premium",1324.00,1872.00,15,Activo,8,9
TRX-RD-9555,2025-11-20,001-2220302-9,"Ana Martínez Santana","Punta Cana (Bávaro)","Personal Trainer","Básica",1753.00,1409.00,11,Activo,8,7
TRX-RD-9560,2025-11-20,402-8831087-9,"Manuel Ventura Rosario","Santiago (Los Jardines)","Membresías","Básica",1690.00,1141.00,12,Activo,8,9
TRX-RD-9594,2025-11-20,402-1618967-6,"Carlos Paulino Guzmán","Punta Cana (Bávaro)","Membresías","Básica",1690.00,1128.00,10,Activo,11,9
TRX-RD-9633,2025-11-20,002-0919408-3,"Laura Cruz Gómez","Santiago (Los Jardines)","Personal Trainer","Básica",998.00,1307.00,13,Activo,6,8
TRX-RD-9666,2025-11-20,002-5106576-9,"Kelvin Díaz Gómez","Santo Domingo (Piantini)","Membresías","VIP",4890.00,2557.00,10,Activo,13,9
TRX-RD-9698,2025-11-20,011-6804141-4,"Carmen Díaz Rodríguez","Santiago (Los Jardines)","Membresías","Básica",1690.00,1081.00,10,Activo,11,10
TRX-RD-9699,2025-11-20,011-4788643-4,"Emmanuel Santana Martínez","Santo Domingo (Piantini)","Membresías","Básica",1690.00,1197.00,13,Activo,14,8
TRX-RD-9718,2025-11-20,097-2566732-4,"Johanny Castillo Reyes","Santo Domingo Este (Zona Oriental)","Tienda Deportiva","Básica",1569.00,1137.00,7,Activo,10,10
TRX-RD-9753,2025-11-20,031-6698507-1,"Carolina Castillo Guzmán","Santo Domingo Este (Zona Oriental)","Membresías","Básica",1690.00,1338.00,11,Activo,12,9
TRX-RD-9763,2025-11-20,037-6202217-0,"Stephanie Marte Castillo","Santiago (Los Jardines)","Personal Trainer","Básica",1421.00,1333.00,11,Activo,14,10
TRX-RD-9786,2025-11-20,097-2693594-4,"Nicole Castillo Sánchez","Santo Domingo (Piantini)","Tienda Deportiva","Básica",1475.00,1174.00,8,Activo,9,8
TRX-RD-9796,2025-11-20,001-7434335-0,"Ramón Morales Santana","Santo Domingo (Piantini)","Clases Guiadas","Premium",1076.00,1388.00,11,Activo,13,10
TRX-RD-9933,2025-11-20,011-9652373-0,"Rosa Gómez Rodríguez","Santo Domingo (Piantini)","Membresías","Básica",1690.00,1353.00,11,Activo,8,10
TRX-RD-9955,2025-11-20,002-7588872-5,"Carlos Rosario Rodríguez","Santiago (Los Jardines)","Membresías","Básica",1690.00,1200.00,10,Activo,15,7
TRX-RD-9963,2025-11-20,002-9208152-8,"Carlos Ventura Morales","Santiago (Los Jardines)","Membresías","Básica",1690.00,1289.00,6,Activo,10,7
TRX-RD-9976,2025-11-20,001-7706644-6,"Joan Marte Santana","Santo Domingo Este (Zona Oriental)","Clases Guiadas","Básica",727.00,1596.00,11,Activo,13,9
TRX-RD-9339,2025-11-21,037-8576786-8,"Johanny Ventura Díaz","Santo Domingo (Piantini)","Membresías","Básica",1690.00,1393.00,12,Activo,13,7
TRX-RD-9340,2025-11-21,402-6826092-0,"Juan Rodríguez Reyes","Santo Domingo Este (Zona Oriental)","Membresías","Básica",1690.00,1398.00,7,Activo,8,9
TRX-RD-9343,2025-11-21,037-5983058-5,"María Díaz Pérez","Santo Domingo Este (Zona Oriental)","Membresías","VIP",4890.00,2320.00,11,Activo,11,7
TRX-RD-9346,2025-11-21,037-4799381-8,"José Castillo Jiménez","Punta Cana (Bávaro)","Membresías","Premium",2690.00,1686.00,12,Activo,11,8
TRX-RD-9351,2025-11-21,097-7028978-4,"Carlos Guzmán Gómez","Punta Cana (Bávaro)","Membresías","Básica",1690.00,855.00,6,Activo,12,8
TRX-RD-9388,2025-11-21,001-1088222-2,"Altagracia Rodríguez García","Santiago (Los Jardines)","Membresías","Básica",1690.00,946.00,8,Activo,12,7
TRX-RD-9425,2025-11-21,097-1884385-8,"Ana Santana Rodríguez","Santo Domingo (Piantini)","Membresías","Premium",2690.00,1659.00,11,Activo,10,8
TRX-RD-9470,2025-11-21,011-7655157-8,"Emmanuel Pérez Díaz","Santo Domingo (Piantini)","Clases Guiadas","Premium",1019.00,1568.00,11,Activo,9,8
TRX-RD-9500,2025-11-21,097-7300350-5,"Laura Sánchez Martínez","Santiago (Los Jardines)","Clases Guiadas","Premium",659.00,1594.00,10,Activo,10,8
TRX-RD-9519,2025-11-21,011-1679631-7,"Laura Gómez Paulino","Santiago (Los Jardines)","Membresías","Premium",2690.00,1581.00,11,Activo,12,9
TRX-RD-9541,2025-11-21,002-2514215-7,"Altagracia Rosario Guzmán","Santo Domingo (Piantini)","Personal Trainer","VIP",1284.00,2503.00,9,Activo,9,7
TRX-RD-9600,2025-11-21,037-1267098-7,"Joan Morales Reyes","Santiago (Los Jardines)","Personal Trainer","Básica",1283.00,1254.00,8,Activo,9,9
TRX-RD-9664,2025-11-21,037-6459188-3,"Joan Reyes Morales","Punta Cana (Bávaro)","Membresías","Premium",2690.00,1588.00,9,Activo,13,8
TRX-RD-9669,2025-11-21,031-4768533-7,"Carolina García Castillo","Santiago (Los Jardines)","Membresías","Básica",1690.00,1267.00,12,Activo,12,7
TRX-RD-9730,2025-11-21,011-8699091-5,"Stephanie Sánchez Martínez","Santo Domingo (Piantini)","Clases Guiadas","Básica",827.00,1133.00,14,Activo,13,8
TRX-RD-9742,2025-11-21,001-7084713-1,"María Vásquez Marte","Santo Domingo Este (Zona Oriental)","Membresías","Premium",2690.00,1471.00,9,Activo,17,8
TRX-RD-9754,2025-11-21,031-6698507-1,"Carolina Castillo Guzmán","Santo Domingo Este (Zona Oriental)","Personal Trainer","Básica",1330.00,1338.00,11,Activo,12,9
TRX-RD-9771,2025-11-21,037-5710505-5,"Manuel Reyes Paulino","Santo Domingo Este (Zona Oriental)","Membresías","Básica",1690.00,1187.00,13,Activo,12,8
TRX-RD-9825,2025-11-21,402-0309719-7,"Yudelka Rodríguez Guzmán","Santo Domingo (Piantini)","Membresías","VIP",4890.00,2215.00,16,Activo,11,8
TRX-RD-9891,2025-11-21,097-0712831-1,"Miguel Rodríguez Paulino","Santo Domingo (Piantini)","Membresías","Premium",2690.00,1658.00,13,Activo,10,8
TRX-RD-9966,2025-11-21,011-6281236-4,"Gabriel Sánchez Pérez","Santiago (Los Jardines)","Membresías","Premium",2690.00,1729.00,8,Activo,20,7
TRX-RD-9315,2025-11-22,031-4201189-3,"Alejandro Díaz Castillo","Santo Domingo (Piantini)","Tienda Deportiva","Básica",2083.00,949.00,11,Activo,10,8
TRX-RD-9362,2025-11-22,097-5613607-4,"Miguel Díaz Cruz","Punta Cana (Bávaro)","Personal Trainer","Básica",1635.00,1355.00,14,Activo,9,8
TRX-RD-9364,2025-11-22,011-2413859-3,"Luisa Rosario Guzmán","Santiago (Los Jardines)","Membresías","Básica",1690.00,1192.00,7,Activo,8,7
TRX-RD-9454,2025-11-22,031-7139591-0,"Rafael Sánchez Paulino","Santo Domingo Este (Zona Oriental)","Membresías","Básica",1690.00,1135.00,11,Activo,9,9
TRX-RD-9459,2025-11-22,031-7249144-5,"Kelvin Marte Vásquez","Puerto Plata Club","Membresías","Básica",1690.00,1096.00,9,Activo,10,10
TRX-RD-9487,2025-11-22,001-9152930-4,"María Díaz Morales","Santo Domingo (Piantini)","Tienda Deportiva","Premium",1755.00,1749.00,14,Activo,11,8
TRX-RD-9527,2025-11-22,037-7029147-8,"Carlos Marte Pérez","Santiago (Los Jardines)","Membresías","Premium",2690.00,1534.00,8,Activo,11,9
TRX-RD-9550,2025-11-22,037-0576050-6,"Patricia Guzmán Morales","Santiago (Los Jardines)","Tienda Deportiva","Básica",1660.00,1340.00,6,Activo,13,8
TRX-RD-9578,2025-11-22,031-8363385-2,"Nicole Reyes Vásquez","Santiago (Los Jardines)","Membresías","Básica",1690.00,1343.00,14,Activo,6,8
TRX-RD-9602,2025-11-22,031-7501314-7,"Gabriel Ventura Vásquez","Santo Domingo (Piantini)","Clases Guiadas","VIP",1026.00,2312.00,8,Activo,8,7
TRX-RD-9604,2025-11-22,002-0478549-7,"Luis Guzmán Díaz","Santo Domingo Este (Zona Oriental)","Clases Guiadas","VIP",659.00,2524.00,10,Activo,13,7
TRX-RD-9657,2025-11-22,402-3202685-2,"Genesis Jiménez Ventura","Santo Domingo (Piantini)","Membresías","Premium",2690.00,1779.00,8,Activo,12,7
TRX-RD-9668,2025-11-22,011-4453841-8,"Manuel Morales Paulino","Puerto Plata Club","Membresías","Básica",1690.00,1143.00,10,Activo,10,7
TRX-RD-9670,2025-11-22,001-2207218-4,"Luisa Marte Vásquez","Santo Domingo Este (Zona Oriental)","Membresías","VIP",4890.00,2660.00,9,Cancelado,6,6
TRX-RD-9679,2025-11-22,031-0389221-6,"Laura Reyes Marte","Santo Domingo (Piantini)","Tienda Deportiva","Premium",1400.00,1788.00,9,Cancelado,10,8
TRX-RD-9700,2025-11-22,011-4788643-4,"Emmanuel Santana Martínez","Santo Domingo (Piantini)","Tienda Deportiva","Básica",894.00,1197.00,13,Activo,14,8
TRX-RD-9719,2025-11-22,097-9542972-0,"Ramón Reyes Díaz","Santiago (Los Jardines)","Membresías","Básica",1690.00,1245.00,14,Activo,9,7
TRX-RD-9724,2025-11-22,002-4145283-8,"Stephanie Martínez Rodríguez","Punta Cana (Bávaro)","Tienda Deportiva","Básica",2238.00,1446.00,10,Cancelado,12,9
TRX-RD-9748,2025-11-22,037-9921219-0,"Stephanie Sánchez Martínez","Santo Domingo (Piantini)","Membresías","Básica",1690.00,1205.00,11,Activo,9,8
TRX-RD-9749,2025-11-22,402-2814003-0,"Miguel Paulino García","Punta Cana (Bávaro)","Membresías","Premium",2690.00,1773.00,6,Activo,5,6
TRX-RD-9806,2025-11-22,001-1158293-8,"Manuel Sánchez García","Punta Cana (Bávaro)","Membresías","Premium",2690.00,1670.00,5,Activo,12,8
TRX-RD-9809,2025-11-22,402-0790624-5,"Stephanie Gómez Díaz","Santiago (Los Jardines)","Membresías","Básica",1690.00,1220.00,10,Activo,13,8
TRX-RD-9836,2025-11-22,011-3380860-8,"José Díaz Vásquez","Santo Domingo (Piantini)","Membresías","Básica",1690.00,1353.00,5,Activo,9,9
TRX-RD-9844,2025-11-22,402-9645729-0,"María Ventura García","Punta Cana (Bávaro)","Membresías","Básica",1690.00,1174.00,8,Activo,9,8
TRX-RD-9845,2025-11-22,037-8180441-8,"Juan Cruz Ventura","Santiago (Los Jardines)","Membresías","Premium",2690.00,1802.00,7,Activo,14,8
TRX-RD-9872,2025-11-22,031-2023540-7,"Nicole Peña Pérez","Santo Domingo (Piantini)","Tienda Deportiva","VIP",1413.00,2393.00,8,Activo,20,10
TRX-RD-9901,2025-11-22,037-7679995-3,"Juan Gómez Rodríguez","Punta Cana (Bávaro)","Personal Trainer","Básica",1279.00,924.00,10,Cancelado,10,8
TRX-RD-9906,2025-11-22,037-3862730-0,"Miguel Díaz Reyes","Puerto Plata Club","Clases Guiadas","Básica",926.00,809.00,15,Activo,11,7
TRX-RD-9333,2025-11-23,402-5436022-1,"Stephanie Marte Paulino","Santiago (Los Jardines)","Membresías","Básica",1690.00,1136.00,14,Activo,6,8
TRX-RD-9354,2025-11-23,402-9451155-1,"Juan Marte Peña","Puerto Plata Club","Membresías","Básica",1690.00,1221.00,10,Activo,6,7
TRX-RD-9370,2025-11-23,402-3548220-1,"Laura Díaz García","Santo Domingo Este (Zona Oriental)","Membresías","VIP",4890.00,2357.00,12,Activo,8,8
TRX-RD-9376,2025-11-23,097-6356440-9,"Carlos Rodríguez Castillo","Punta Cana (Bávaro)","Tienda Deportiva","Premium",1465.00,1472.00,13,Activo,10,7
TRX-RD-9414,2025-11-23,011-3620797-2,"Francisco Marte Morales","Santo Domingo (Piantini)","Tienda Deportiva","VIP",1857.00,2664.00,11,Activo,17,8
TRX-RD-9418,2025-11-23,002-0939135-8,"Stephanie Guzmán Morales","Santiago (Los Jardines)","Membresías","Básica",1690.00,1115.00,11,Activo,9,9
TRX-RD-9427,2025-11-23,402-1269910-8,"Ramón Cruz Guzmán","Santiago (Los Jardines)","Membresías","Básica",1690.00,1246.00,9,Activo,14,8
TRX-RD-9448,2025-11-23,002-4743620-7,"Stephanie Pérez Pérez","Santo Domingo (Piantini)","Membresías","Básica",1690.00,1141.00,14,Activo,10,8
TRX-RD-9525,2025-11-23,402-3519826-0,"José Peña Marte","Punta Cana (Bávaro)","Membresías","Básica",1690.00,1467.00,11,Activo,11,8
TRX-RD-9561,2025-11-23,402-8831087-9,"Manuel Ventura Rosario","Santiago (Los Jardines)","Tienda Deportiva","Básica",2117.00,1141.00,12,Activo,8,9
TRX-RD-9597,2025-11-23,002-7569082-4,"Altagracia Sánchez Morales","Santo Domingo (Piantini)","Membresías","VIP",4890.00,2428.00,12,Activo,15,8
TRX-RD-9599,2025-11-23,037-1267098-7,"Joan Morales Reyes","Santiago (Los Jardines)","Membresías","Básica",1690.00,1254.00,8,Activo,9,9
TRX-RD-9638,2025-11-23,402-0475896-1,"Carolina Reyes Rosario","Santo Domingo (Piantini)","Membresías","Premium",2690.00,1762.00,12,Activo,10,7
TRX-RD-9693,2025-11-23,002-1834056-0,"Rafael Sánchez Ventura","Santo Domingo (Piantini)","Membresías","Básica",1690.00,1305.00,12,Activo,8,8
TRX-RD-9761,2025-11-23,011-5821589-5,"Carolina Rodríguez Vásquez","Santo Domingo Este (Zona Oriental)","Personal Trainer","Básica",1479.00,1190.00,18,Activo,11,8
TRX-RD-9781,2025-11-23,097-7697463-7,"Altagracia Díaz Rodríguez","Santiago (Los Jardines)","Membresías","Básica",1690.00,1064.00,11,Activo,8,8
TRX-RD-9788,2025-11-23,037-0534406-1,"Yudelka Guzmán Martínez","Punta Cana (Bávaro)","Membresías","Premium",2690.00,1985.00,9,Cancelado,13,8
TRX-RD-9811,2025-11-23,001-7888720-4,"Pedro Peña Guzmán","Puerto Plata Club","Membresías","VIP",4890.00,2841.00,13,Activo,10,8
TRX-RD-9824,2025-11-23,097-5339295-1,"Juan Santana Díaz","Puerto Plata Club","Membresías","Básica",1690.00,1374.00,7,Activo,13,7
TRX-RD-9840,2025-11-23,402-7075109-8,"Carolina Peña Santana","Punta Cana (Bávaro)","Membresías","Premium",2690.00,1597.00,10,Activo,11,9
TRX-RD-9855,2025-11-23,097-8847478-2,"Patricia Paulino Jiménez","Santo Domingo (Piantini)","Membresías","VIP",4890.00,2568.00,10,Activo,16,8
TRX-RD-9862,2025-11-23,037-8345657-1,"Altagracia Guzmán Rodríguez","Santo Domingo (Piantini)","Membresías","VIP",4890.00,2412.00,9,Activo,15,10
TRX-RD-9864,2025-11-23,402-3799506-9,"Miguel Castillo Cruz","Santo Domingo Este (Zona Oriental)","Membresías","Básica",1690.00,1112.00,15,Activo,10,7
TRX-RD-9873,2025-11-23,002-6362877-8,"Gabriel Jiménez Rosario","Puerto Plata Club","Membresías","Premium",2690.00,1692.00,7,Activo,10,6
TRX-RD-9885,2025-11-23,031-0627540-1,"María Morales Guzmán","Punta Cana (Bávaro)","Membresías","Básica",1690.00,1201.00,14,Activo,7,8
TRX-RD-9960,2025-11-23,097-4974915-7,"Laura Santana Vásquez","Punta Cana (Bávaro)","Personal Trainer","Básica",1465.00,1537.00,11,Activo,13,7
TRX-RD-9970,2025-11-23,031-0084252-9,"Yamilka Morales Cruz","Santo Domingo Este (Zona Oriental)","Membresías","Básica",1690.00,1317.00,6,Cancelado,6,7
TRX-RD-9310,2025-11-24,037-0076365-3,"Ana Jiménez Peña","Santo Domingo Este (Zona Oriental)","Membresías","Básica",1690.00,1070.00,15,Activo,7,7
TRX-RD-9311,2025-11-24,011-2000056-5,"Carmen Vásquez Rosario","Santo Domingo (Piantini)","Membresías","Básica",1690.00,999.00,9,Activo,15,7
TRX-RD-9312,2025-11-24,011-2000056-5,"Carmen Vásquez Rosario","Santo Domingo (Piantini)","Tienda Deportiva","Básica",1787.00,999.00,9,Activo,15,7
TRX-RD-9350,2025-11-24,402-3725711-4,"Genesis Rodríguez Sánchez","Punta Cana (Bávaro)","Tienda Deportiva","Básica",1380.00,1179.00,14,Activo,7,8
TRX-RD-9399,2025-11-24,011-8606403-4,"Rafael Paulino Gómez","Punta Cana (Bávaro)","Clases Guiadas","Básica",808.00,1076.00,14,Activo,5,8
TRX-RD-9460,2025-11-24,402-4830579-5,"Laura Marte Guzmán","Santiago (Los Jardines)","Membresías","Básica",1690.00,999.00,12,Activo,13,7
TRX-RD-9569,2025-11-24,001-9905757-1,"Alejandro Marte Paulino","Punta Cana (Bávaro)","Membresías","Premium",2690.00,1944.00,13,Activo,9,7
TRX-RD-9584,2025-11-24,001-5280253-4,"Carlos Rodríguez Cruz","Santiago (Los Jardines)","Personal Trainer","Básica",1476.00,1160.00,7,Activo,11,8
TRX-RD-9587,2025-11-24,097-6771051-1,"Nicole Cruz Morales","Santo Domingo (Piantini)","Membresías","Premium",2690.00,1626.00,11,Activo,17,7
TRX-RD-9635,2025-11-24,002-9790082-1,"Emmanuel García Marte","Santiago (Los Jardines)","Membresías","Premium",2690.00,1801.00,12,Activo,12,8
TRX-RD-9665,2025-11-24,037-6459188-3,"Joan Reyes Morales","Punta Cana (Bávaro)","Tienda Deportiva","Premium",1562.00,1588.00,9,Activo,13,8
TRX-RD-9722,2025-11-24,002-4145283-8,"Stephanie Martínez Rodríguez","Punta Cana (Bávaro)","Membresías","Básica",1690.00,1446.00,10,Cancelado,12,9
TRX-RD-9755,2025-11-24,037-4720712-8,"Alejandro Paulino Gómez","Santiago (Los Jardines)","Membresías","Básica",1690.00,1054.00,13,Activo,14,7
TRX-RD-9810,2025-11-24,402-0790624-5,"Stephanie Gómez Díaz","Santiago (Los Jardines)","Personal Trainer","Básica",1397.00,1220.00,10,Activo,13,8
TRX-RD-9853,2025-11-24,402-0934530-1,"Johanny Ventura Santana","Santiago (Los Jardines)","Membresías","Básica",1690.00,1432.00,11,Activo,14,8
TRX-RD-9869,2025-11-24,097-8097227-0,"Miguel Ventura Martínez","Santiago (Los Jardines)","Personal Trainer","VIP",1507.00,2387.00,10,Activo,10,7
TRX-RD-9879,2025-11-24,097-1092080-3,"Carolina Reyes Ventura","Punta Cana (Bávaro)","Membresías","Premium",2690.00,1673.00,12,Activo,12,9
TRX-RD-9892,2025-11-24,031-5780704-5,"Joan Guzmán Rodríguez","Punta Cana (Bávaro)","Membresías","VIP",4890.00,2509.00,13,Activo,15,8
TRX-RD-9949,2025-11-24,037-0461767-3,"Luis Vásquez Díaz","Puerto Plata Club","Membresías","Premium",2690.00,1417.00,10,Activo,11,8
TRX-RD-9973,2025-11-24,037-3006683-8,"Carmen Peña Peña","Punta Cana (Bávaro)","Personal Trainer","Básica",1710.00,1406.00,10,Cancelado,6,7
TRX-RD-9313,2025-11-25,402-9746499-8,"Rosa Paulino Gómez","Santiago (Los Jardines)","Membresías","Básica",1690.00,1303.00,13,Activo,9,8
TRX-RD-9360,2025-11-25,002-9985685-6,"Ana Reyes Santana","Santiago (Los Jardines)","Membresías","Básica",1690.00,1420.00,10,Activo,11,8
TRX-RD-9379,2025-11-25,037-5764630-6,"Yamilka Sánchez Sánchez","Santiago (Los Jardines)","Membresías","VIP",4890.00,2364.00,17,Activo,13,9
TRX-RD-9468,2025-11-25,011-7655157-8,"Emmanuel Pérez Díaz","Santo Domingo (Piantini)","Membresías","Premium",2690.00,1568.00,11,Activo,9,8
TRX-RD-9552,2025-11-25,031-5503655-5,"Laura Reyes Reyes","Santo Domingo (Piantini)","Clases Guiadas","Básica",988.00,1104.00,13,Activo,12,8
TRX-RD-9565,2025-11-25,402-7439845-8,"Nicole Sánchez Santana","Santiago (Los Jardines)","Membresías","VIP",4890.00,2334.00,10,Cancelado,13,9
TRX-RD-9646,2025-11-25,097-3288495-3,"Luis Sánchez Peña","Santiago (Los Jardines)","Clases Guiadas","VIP",1146.00,2380.00,11,Activo,11,7
TRX-RD-9677,2025-11-25,031-0389221-6,"Laura Reyes Marte","Santo Domingo (Piantini)","Membresías","Premium",2690.00,1788.00,9,Cancelado,10,8
TRX-RD-9732,2025-11-25,031-0979907-6,"Yamilka Peña Sánchez","Puerto Plata Club","Membresías","VIP",4890.00,2596.00,8,Activo,9,9
TRX-RD-9832,2025-11-25,402-6753909-2,"Rosa Gómez Ventura","Santo Domingo Este (Zona Oriental)","Personal Trainer","Básica",1355.00,1429.00,8,Activo,17,8
TRX-RD-9843,2025-11-25,097-6751381-6,"Carmen Gómez Martínez","Santiago (Los Jardines)","Membresías","Básica",1690.00,1385.00,11,Activo,10,8
TRX-RD-9851,2025-11-25,402-9075402-3,"Ana Pérez Ventura","Santiago (Los Jardines)","Membresías","Premium",2690.00,1899.00,6,Activo,7,8
TRX-RD-9894,2025-11-25,402-5274340-2,"Altagracia Morales Sánchez","Santiago (Los Jardines)","Membresías","Premium",2690.00,1875.00,9,Cancelado,13,8
TRX-RD-9903,2025-11-25,002-2682440-7,"María Marte Guzmán","Santo Domingo Este (Zona Oriental)","Tienda Deportiva","Básica",1268.00,1248.00,13,Activo,6,8
TRX-RD-9909,2025-11-25,002-8193156-8,"Altagracia Martínez Castillo","Punta Cana (Bávaro)","Membresías","Básica",1690.00,1073.00,9,Cancelado,9,7
TRX-RD-9918,2025-11-25,097-8381334-9,"Carmen Rosario Ventura","Puerto Plata Club","Membresías","Premium",2690.00,1763.00,12,Activo,12,10
TRX-RD-9924,2025-11-25,031-2956002-9,"Manuel Pérez Guzmán","Santo Domingo Este (Zona Oriental)","Membresías","Premium",2690.00,1777.00,12,Activo,16,8
TRX-RD-9366,2025-11-26,402-7493032-6,"Emmanuel Paulino Reyes","Puerto Plata Club","Membresías","VIP",4890.00,2353.00,9,Activo,16,8
TRX-RD-9368,2025-11-26,097-0737044-2,"Ana Rodríguez Paulino","Santo Domingo (Piantini)","Tienda Deportiva","Premium",1198.00,1636.00,12,Activo,8,10
TRX-RD-9369,2025-11-26,031-1919018-3,"Patricia Rodríguez Pérez","Santiago (Los Jardines)","Membresías","VIP",4890.00,2539.00,11,Activo,15,8
TRX-RD-9428,2025-11-26,011-7673531-2,"Luis Jiménez Santana","Punta Cana (Bávaro)","Membresías","Premium",2690.00,1534.00,16,Activo,9,9
TRX-RD-9443,2025-11-26,037-4959824-3,"Laura Morales Sánchez","Santo Domingo (Piantini)","Clases Guiadas","Premium",696.00,1713.00,5,Activo,11,8
TRX-RD-9447,2025-11-26,097-4883894-4,"Stephanie Vásquez Guzmán","Santiago (Los Jardines)","Membresías","Básica",1690.00,1041.00,8,Cancelado,10,7
TRX-RD-9511,2025-11-26,031-1282880-5,"María Martínez Peña","Santiago (Los Jardines)","Tienda Deportiva","Premium",1712.00,1493.00,7,Cancelado,14,8
TRX-RD-9524,2025-11-26,037-9815671-1,"Altagracia Jiménez Peña","Punta Cana (Bávaro)","Membresías","Premium",2690.00,1605.00,15,Activo,10,7
TRX-RD-9537,2025-11-26,037-3740762-1,"Pedro Morales Rosario","Santo Domingo Este (Zona Oriental)","Personal Trainer","Básica",1622.00,1223.00,6,Activo,5,10
TRX-RD-9554,2025-11-26,001-2220302-9,"Ana Martínez Santana","Punta Cana (Bávaro)","Membresías","Básica",1690.00,1409.00,11,Activo,8,7
TRX-RD-9581,2025-11-26,002-5206211-2,"Kelvin Cruz Morales","Puerto Plata Club","Membresías","Premium",2690.00,2020.00,10,Activo,13,6
TRX-RD-9595,2025-11-26,402-1618967-6,"Carlos Paulino Guzmán","Punta Cana (Bávaro)","Clases Guiadas","Básica",737.00,1128.00,10,Activo,11,9
TRX-RD-9623,2025-11-26,011-9238115-8,"Pedro Rosario Sánchez","Santiago (Los Jardines)","Tienda Deportiva","Básica",2077.00,1324.00,13,Activo,14,9
TRX-RD-9644,2025-11-26,037-7274299-9,"Juan Díaz Rodríguez","Santo Domingo Este (Zona Oriental)","Tienda Deportiva","Básica",1549.00,1358.00,8,Activo,13,7
TRX-RD-9683,2025-11-26,031-4831108-1,"José Paulino Guzmán","Puerto Plata Club","Membresías","VIP",4890.00,2245.00,10,Activo,7,7
TRX-RD-9820,2025-11-26,031-3993669-8,"Carolina Vásquez Pérez","Punta Cana (Bávaro)","Membresías","Premium",2690.00,1428.00,8,Activo,10,10
TRX-RD-9828,2025-11-26,402-0044725-4,"Nicole Rosario Castillo","Santo Domingo (Piantini)","Membresías","VIP",4890.00,2318.00,9,Activo,11,8
TRX-RD-9860,2025-11-26,097-2914681-2,"Ana Rosario Peña","Punta Cana (Bávaro)","Membresías","Premium",2690.00,1545.00,14,Activo,11,7
TRX-RD-9883,2025-11-26,097-2512172-8,"Yamilka Santana Rosario","Santo Domingo (Piantini)","Membresías","Básica",1690.00,1168.00,7,Cancelado,11,9
TRX-RD-9896,2025-11-26,037-1066493-3,"Manuel Gómez Cruz","Santo Domingo Este (Zona Oriental)","Membresías","Básica",1690.00,1152.00,8,Activo,12,9
TRX-RD-9897,2025-11-26,402-0146305-2,"Rafael García Morales","Santo Domingo (Piantini)","Membresías","Básica",1690.00,1466.00,8,Activo,15,8
TRX-RD-9898,2025-11-26,402-0146305-2,"Rafael García Morales","Santo Domingo (Piantini)","Clases Guiadas","Básica",855.00,1466.00,8,Activo,15,8
TRX-RD-9917,2025-11-26,001-1182612-9,"Rafael Rodríguez Guzmán","Santiago (Los Jardines)","Membresías","Básica",1690.00,1193.00,11,Activo,9,9
TRX-RD-9931,2025-11-26,011-4532392-7,"Gabriel Marte Vásquez","Santo Domingo Este (Zona Oriental)","Membresías","Premium",2690.00,1474.00,14,Activo,14,7
TRX-RD-9942,2025-11-26,002-3241056-3,"Carolina Sánchez Paulino","Santo Domingo (Piantini)","Membresías","Básica",1690.00,1438.00,4,Cancelado,10,9
TRX-RD-9377,2025-11-27,002-6149066-8,"Carolina Jiménez Jiménez","Santo Domingo (Piantini)","Membresías","Básica",1690.00,1195.00,10,Activo,14,7
TRX-RD-9394,2025-11-27,037-2758457-9,"José Cruz Vásquez","Santo Domingo Este (Zona Oriental)","Membresías","Premium",2690.00,1678.00,12,Activo,11,8
TRX-RD-9416,2025-11-27,037-9879283-8,"Carmen Morales Cruz","Santo Domingo (Piantini)","Personal Trainer","Básica",1423.00,1237.00,10,Activo,18,7
TRX-RD-9479,2025-11-27,011-6392860-7,"Ana Guzmán Sánchez","Santo Domingo (Piantini)","Membresías","Premium",2690.00,1611.00,15,Activo,9,9
TRX-RD-9517,2025-11-27,001-0668806-2,"Genesis Gómez Ventura","Santo Domingo (Piantini)","Membresías","VIP",4890.00,2342.00,8,Activo,12,8
TRX-RD-9566,2025-11-27,031-2974266-8,"Johanny Jiménez Jiménez","Santo Domingo (Piantini)","Membresías","Premium",2690.00,1751.00,12,Activo,12,9
TRX-RD-9648,2025-11-27,402-7337520-0,"Yudelka Peña Jiménez","Santiago (Los Jardines)","Personal Trainer","VIP",1732.00,2497.00,11,Activo,7,7
TRX-RD-9654,2025-11-27,031-8068577-2,"Francisco Ventura Martínez","Santo Domingo (Piantini)","Clases Guiadas","Premium",1032.00,1788.00,11,Activo,7,8
TRX-RD-9655,2025-11-27,011-8180435-0,"Ramón García Peña","Santiago (Los Jardines)","Membresías","Básica",1690.00,1183.00,6,Activo,14,8
TRX-RD-9689,2025-11-27,001-1398005-6,"José Morales Paulino","Punta Cana (Bávaro)","Clases Guiadas","Premium",829.00,1722.00,9,Activo,12,8
TRX-RD-9697,2025-11-27,031-5457306-1,"Carlos Paulino Marte","Punta Cana (Bávaro)","Tienda Deportiva","Básica",1257.00,1200.00,15,Activo,15,8
TRX-RD-9708,2025-11-27,097-7852937-1,"Rafael Rosario Guzmán","Punta Cana (Bávaro)","Clases Guiadas","Básica",718.00,1344.00,8,Cancelado,11,7
TRX-RD-9712,2025-11-27,037-1499715-6,"Ana Castillo Cruz","Santo Domingo (Piantini)","Membresías","VIP",4890.00,2452.00,14,Activo,14,8
TRX-RD-9734,2025-11-27,002-8357825-0,"Laura Cruz Ventura","Puerto Plata Club","Membresías","Premium",2690.00,1794.00,12,Activo,8,10
TRX-RD-9758,2025-11-27,002-6259335-3,"Emmanuel Guzmán Rosario","Santo Domingo Este (Zona Oriental)","Membresías","Premium",2690.00,2156.00,16,Activo,15,7
TRX-RD-9766,2025-11-27,097-2127106-3,"Manuel Sánchez Rodríguez","Punta Cana (Bávaro)","Membresías","Básica",1690.00,1396.00,11,Activo,16,10
TRX-RD-9791,2025-11-27,097-0440943-3,"Juan Ventura Sánchez","Punta Cana (Bávaro)","Tienda Deportiva","VIP",1482.00,2444.00,8,Activo,9,7
TRX-RD-9792,2025-11-27,402-6610369-2,"Stephanie Sánchez Vásquez","Punta Cana (Bávaro)","Membresías","Premium",2690.00,1434.00,16,Activo,8,8
TRX-RD-9800,2025-11-27,402-5462716-5,"Genesis García García","Punta Cana (Bávaro)","Membresías","Premium",2690.00,1764.00,13,Activo,10,8
TRX-RD-9861,2025-11-27,031-7376796-7,"Laura Martínez Marte","Santiago (Los Jardines)","Membresías","VIP",4890.00,2424.00,10,Activo,11,7
TRX-RD-9920,2025-11-27,402-6446294-2,"Carolina Morales Guzmán","Punta Cana (Bávaro)","Clases Guiadas","Básica",1083.00,1314.00,9,Activo,17,9
TRX-RD-9923,2025-11-27,031-6366255-8,"Patricia Cruz Marte","Santo Domingo (Piantini)","Clases Guiadas","Básica",960.00,1166.00,12,Activo,15,8
TRX-RD-9929,2025-11-27,031-3353004-2,"Emmanuel Reyes Marte","Santiago (Los Jardines)","Tienda Deportiva","Básica",2088.00,1007.00,7,Activo,10,8
TRX-RD-9958,2025-11-27,002-8585690-2,"Gabriel Cruz Rosario","Punta Cana (Bávaro)","Membresías","Premium",2690.00,1358.00,9,Activo,8,8
TRX-RD-9395,2025-11-28,037-0679343-1,"Carlos Rodríguez Martínez","Santo Domingo Este (Zona Oriental)","Membresías","Básica",1690.00,1155.00,13,Activo,11,8
TRX-RD-9401,2025-11-28,002-4974312-1,"Patricia Guzmán Pérez","Santo Domingo (Piantini)","Membresías","Premium",2690.00,1678.00,10,Cancelado,12,8
TRX-RD-9424,2025-11-28,011-0658246-1,"Manuel Jiménez Rosario","Puerto Plata Club","Membresías","Premium",2690.00,1298.00,12,Activo,14,7
TRX-RD-9440,2025-11-28,097-4067578-1,"Stephanie Ventura Pérez","Santo Domingo (Piantini)","Membresías","Premium",2690.00,1813.00,11,Activo,7,8
TRX-RD-9441,2025-11-28,097-4067578-1,"Stephanie Ventura Pérez","Santo Domingo (Piantini)","Clases Guiadas","Premium",781.00,1813.00,11,Activo,7,8
TRX-RD-9442,2025-11-28,037-4959824-3,"Laura Morales Sánchez","Santo Domingo (Piantini)","Membresías","Premium",2690.00,1713.00,5,Activo,11,8
TRX-RD-9481,2025-11-28,037-5645049-4,"José Gómez Jiménez","Santiago (Los Jardines)","Personal Trainer","Premium",1137.00,2106.00,9,Activo,9,8
TRX-RD-9526,2025-11-28,011-5213746-7,"Johanny Morales Santana","Santiago (Los Jardines)","Membresías","Premium",2690.00,1557.00,7,Activo,10,10
TRX-RD-9536,2025-11-28,037-3740762-1,"Pedro Morales Rosario","Santo Domingo Este (Zona Oriental)","Membresías","Básica",1690.00,1223.00,6,Activo,5,10
TRX-RD-9547,2025-11-28,002-3523658-5,"Kelvin Sánchez Guzmán","Santiago (Los Jardines)","Membresías","Premium",2690.00,1872.00,15,Activo,8,9
TRX-RD-9629,2025-11-28,031-8253717-9,"Juan Castillo Pérez","Santo Domingo (Piantini)","Personal Trainer","Básica",1235.00,1057.00,14,Activo,15,6
TRX-RD-9716,2025-11-28,097-2566732-4,"Johanny Castillo Reyes","Santo Domingo Este (Zona Oriental)","Membresías","Básica",1690.00,1137.00,7,Activo,10,10
TRX-RD-9772,2025-11-28,037-6030232-7,"Rosa Vásquez Jiménez","Santiago (Los Jardines)","Membresías","VIP",4890.00,2326.00,10,Activo,13,9
TRX-RD-9773,2025-11-28,037-6030232-7,"Rosa Vásquez Jiménez","Santiago (Los Jardines)","Clases Guiadas","VIP",1096.00,2326.00,10,Activo,13,9
TRX-RD-9780,2025-11-28,031-1611272-7,"Carmen Vásquez Gómez","Santiago (Los Jardines)","Membresías","Básica",1690.00,1263.00,11,Activo,10,8
TRX-RD-9782,2025-11-28,097-7697463-7,"Altagracia Díaz Rodríguez","Santiago (Los Jardines)","Personal Trainer","Básica",1563.00,1064.00,11,Activo,8,8
TRX-RD-9878,2025-11-28,001-1139539-8,"Emmanuel Ventura Pérez","Puerto Plata Club","Membresías","Básica",1690.00,1259.00,10,Activo,11,8
TRX-RD-9935,2025-11-28,011-7533243-4,"Kelvin Ventura Sánchez","Santiago (Los Jardines)","Membresías","Premium",2690.00,1646.00,16,Activo,13,7
TRX-RD-9950,2025-11-28,037-0461767-3,"Luis Vásquez Díaz","Puerto Plata Club","Tienda Deportiva","Premium",1670.00,1417.00,10,Activo,11,8
TRX-RD-9953,2025-11-28,011-2784457-7,"Kelvin Jiménez Gómez","Santiago (Los Jardines)","Personal Trainer","Básica",1614.00,1191.00,17,Activo,15,8
TRX-RD-9989,2025-12-01,031-4625065-3,"Rosa Paulino Cruz","Santiago (Los Jardines)","Membresías","Básica",1690.00,1280.00,7,Activo,10,7
TRX-RD-10007,2025-12-01,037-5983058-5,"María Díaz Pérez","Santo Domingo Este (Zona Oriental)","Clases Guiadas","VIP",1246.00,2320.00,11,Activo,13,7
TRX-RD-10022,2025-12-01,037-1324151-5,"Carlos Reyes Martínez","Puerto Plata Club","Personal Trainer","Premium",1604.00,1887.00,14,Activo,14,9
TRX-RD-10064,2025-12-01,402-9604871-9,"Rafael Guzmán Pérez","Punta Cana (Bávaro)","Tienda Deportiva","Premium",1894.00,1714.00,9,Activo,12,9
TRX-RD-10094,2025-12-01,097-1884385-8,"Ana Santana Rodríguez","Santo Domingo (Piantini)","Membresías","Premium",2690.00,1659.00,11,Activo,12,9
TRX-RD-10106,2025-12-01,002-6952256-1,"Nicole Santana Reyes","Santo Domingo (Piantini)","Membresías","VIP",4890.00,2640.00,13,Activo,9,7
TRX-RD-10234,2025-12-01,002-3932879-2,"Juan Peña Ventura","Santo Domingo Este (Zona Oriental)","Membresías","Básica",1690.00,1100.00,8,Activo,12,7
TRX-RD-10238,2025-12-01,002-9235870-2,"Juan Castillo Cruz","Punta Cana (Bávaro)","Tienda Deportiva","VIP",1992.00,2478.00,10,Activo,12,6
TRX-RD-10257,2025-12-01,002-7569082-4,"Altagracia Sánchez Morales","Santo Domingo (Piantini)","Membresías","VIP",4890.00,2428.00,12,Activo,15,9
TRX-RD-10271,2025-12-01,402-7419040-0,"Manuel Morales Martínez","Santiago (Los Jardines)","Clases Guiadas","VIP",1055.00,2232.00,14,Activo,11,8
TRX-RD-10274,2025-12-01,011-2805876-3,"Nicole Rosario Reyes","Santo Domingo Este (Zona Oriental)","Tienda Deportiva","Básica",1784.00,1377.00,11,Activo,12,9
TRX-RD-10288,2025-12-01,002-6804390-8,"Alejandro Morales Ventura","Santiago (Los Jardines)","Personal Trainer","Básica",1663.00,1291.00,11,Activo,11,6
TRX-RD-10325,2025-12-01,002-2795339-5,"Ramón Martínez Vásquez","Santo Domingo (Piantini)","Membresías","Básica",1690.00,1134.00,12,Activo,15,7
TRX-RD-10358,2025-12-01,031-3994908-9,"Genesis Martínez Pérez","Santo Domingo (Piantini)","Membresías","VIP",4890.00,2456.00,12,Activo,12,7
TRX-RD-10390,2025-12-01,037-9921219-0,"Stephanie Sánchez Martínez","Santo Domingo (Piantini)","Tienda Deportiva","Básica",1067.00,1205.00,11,Activo,10,8
TRX-RD-10415,2025-12-01,402-1090617-4,"Ramón Peña Rodríguez","Puerto Plata Club","Clases Guiadas","VIP",1035.00,2434.00,8,Activo,11,7
TRX-RD-10435,2025-12-01,402-6610369-2,"Stephanie Sánchez Vásquez","Punta Cana (Bávaro)","Membresías","Premium",2690.00,1434.00,16,Activo,10,7
TRX-RD-10450,2025-12-01,037-4771277-0,"Johanny Santana Santana","Santiago (Los Jardines)","Tienda Deportiva","Básica",1789.00,1270.00,8,Activo,18,7
TRX-RD-10469,2025-12-01,002-7118342-8,"Alejandro Paulino Ventura","Puerto Plata Club","Tienda Deportiva","Básica",996.00,1198.00,12,Activo,7,8
TRX-RD-10478,2025-12-01,001-3344357-2,"Rosa Marte Martínez","Santo Domingo (Piantini)","Personal Trainer","Básica",1515.00,1036.00,9,Activo,12,7
TRX-RD-10486,2025-12-01,037-9856364-3,"Pedro Rosario Rosario","Santo Domingo Este (Zona Oriental)","Membresías","Básica",1690.00,1322.00,13,Activo,10,8
TRX-RD-10501,2025-12-01,031-7376796-7,"Laura Martínez Marte","Santiago (Los Jardines)","Personal Trainer","VIP",1660.00,2424.00,10,Activo,10,8
TRX-RD-10554,2025-12-01,097-8381334-9,"Carmen Rosario Ventura","Puerto Plata Club","Membresías","Premium",2690.00,1763.00,12,Activo,8,7
TRX-RD-10562,2025-12-01,031-3353004-2,"Emmanuel Reyes Marte","Santiago (Los Jardines)","Membresías","Básica",1690.00,1007.00,7,Activo,15,9
TRX-RD-10600,2025-12-01,011-6281236-4,"Gabriel Sánchez Pérez","Santiago (Los Jardines)","Membresías","Premium",2690.00,1729.00,8,Activo,11,8
TRX-RD-10040,2025-12-02,011-7722143-7,"Nicole Cruz Pérez","Punta Cana (Bávaro)","Clases Guiadas","Básica",703.00,1290.00,13,Activo,16,7
TRX-RD-10089,2025-12-02,402-0968845-2,"María Santana Sánchez","Santiago (Los Jardines)","Membresías","Básica",1690.00,998.00,8,Activo,19,8
TRX-RD-10223,2025-12-02,031-8246707-0,"Alejandro Marte Morales","Puerto Plata Club","Personal Trainer","VIP",1840.00,2388.00,11,Activo,8,9
TRX-RD-10233,2025-12-02,001-6416894-0,"Gabriel Guzmán Castillo","Punta Cana (Bávaro)","Membresías","Básica",1690.00,1018.00,9,Activo,11,8
TRX-RD-10272,2025-12-02,011-2805876-3,"Nicole Rosario Reyes","Santo Domingo Este (Zona Oriental)","Membresías","Básica",1690.00,1377.00,11,Activo,12,9
TRX-RD-10281,2025-12-02,011-9238115-8,"Pedro Rosario Sánchez","Santiago (Los Jardines)","Clases Guiadas","Básica",1015.00,1324.00,13,Activo,11,8
TRX-RD-10327,2025-12-02,002-5106576-9,"Kelvin Díaz Gómez","Santo Domingo (Piantini)","Membresías","VIP",4890.00,2557.00,10,Activo,11,7
TRX-RD-10341,2025-12-02,031-0415386-5,"Ana Vásquez García","Santo Domingo (Piantini)","Membresías","Premium",2690.00,1642.00,13,Activo,12,9
TRX-RD-10346,2025-12-02,002-9847295-2,"Johanny Vásquez Sánchez","Punta Cana (Bávaro)","Clases Guiadas","Básica",762.00,1315.00,8,Activo,10,7
TRX-RD-10475,2025-12-02,002-1719264-0,"Francisco Martínez Morales","Santiago (Los Jardines)","Membresías","Básica",1690.00,1168.00,12,Activo,16,9
TRX-RD-10504,2025-12-02,037-8345657-1,"Altagracia Guzmán Rodríguez","Santo Domingo (Piantini)","Membresías","VIP",4890.00,2412.00,9,Activo,9,8
TRX-RD-10522,2025-12-02,097-1092080-3,"Carolina Reyes Ventura","Punta Cana (Bávaro)","Personal Trainer","Premium",1289.00,1673.00,12,Activo,10,8
TRX-RD-10580,2025-12-02,011-3392304-3,"Pedro Gómez Díaz","Santiago (Los Jardines)","Tienda Deportiva","Básica",1473.00,1229.00,16,Activo,5,7
TRX-RD-9981,2025-12-03,037-0076365-3,"Ana Jiménez Peña","Santo Domingo Este (Zona Oriental)","Personal Trainer","Básica",1471.00,1070.00,15,Activo,13,9
TRX-RD-10014,2025-12-03,402-3725711-4,"Genesis Rodríguez Sánchez","Punta Cana (Bávaro)","Personal Trainer","Básica",1424.00,1179.00,14,Activo,8,8
TRX-RD-10032,2025-12-03,011-2413859-3,"Luisa Rosario Guzmán","Santiago (Los Jardines)","Tienda Deportiva","Básica",1564.00,1192.00,7,Activo,9,9
TRX-RD-10034,2025-12-03,097-0737044-2,"Ana Rodríguez Paulino","Santo Domingo (Piantini)","Membresías","Premium",2690.00,1636.00,12,Activo,8,6
TRX-RD-10057,2025-12-03,402-0624088-5,"Carlos Sánchez Guzmán","Santo Domingo (Piantini)","Membresías","Básica",1690.00,1359.00,14,Activo,11,10
TRX-RD-10063,2025-12-03,402-9604871-9,"Rafael Guzmán Pérez","Punta Cana (Bávaro)","Membresías","Premium",2690.00,1714.00,9,Activo,12,9
TRX-RD-10132,2025-12-03,031-7249144-5,"Kelvin Marte Vásquez","Puerto Plata Club","Membresías","Básica",1690.00,1096.00,9,Activo,12,7
TRX-RD-10133,2025-12-03,031-7249144-5,"Kelvin Marte Vásquez","Puerto Plata Club","Clases Guiadas","Básica",789.00,1096.00,9,Activo,12,7
TRX-RD-10176,2025-12-03,002-6232200-1,"Yamilka Pérez Gómez","Santo Domingo (Piantini)","Membresías","Premium",2690.00,1347.00,16,Activo,11,8
TRX-RD-10258,2025-12-03,037-1267098-7,"Joan Morales Reyes","Santiago (Los Jardines)","Membresías","Básica",1690.00,1254.00,8,Activo,11,7
TRX-RD-10278,2025-12-03,037-8021183-9,"Miguel Pérez Rodríguez","Santiago (Los Jardines)","Personal Trainer","Premium",1596.00,1509.00,8,Activo,13,7
TRX-RD-10320,2025-12-03,402-3202685-2,"Genesis Jiménez Ventura","Santo Domingo (Piantini)","Membresías","Premium",2690.00,1779.00,8,Activo,18,7
TRX-RD-10324,2025-12-03,011-2788001-9,"Ramón Ventura Reyes","Santo Domingo (Piantini)","Membresías","VIP",4890.00,2662.00,13,Activo,11,8
TRX-RD-10365,2025-12-03,002-7964571-7,"Yamilka Ventura Peña","Punta Cana (Bávaro)","Membresías","Básica",1690.00,1430.00,11,Activo,9,8
TRX-RD-10434,2025-12-03,097-0440943-3,"Juan Ventura Sánchez","Punta Cana (Bávaro)","Personal Trainer","VIP",1623.00,2444.00,8,Activo,14,8
TRX-RD-10442,2025-12-03,001-1158293-8,"Manuel Sánchez García","Punta Cana (Bávaro)","Membresías","Premium",2690.00,1670.00,5,Activo,12,8
TRX-RD-10460,2025-12-03,402-0309719-7,"Yudelka Rodríguez Guzmán","Santo Domingo (Piantini)","Clases Guiadas","VIP",861.00,2215.00,16,Activo,7,9
TRX-RD-10489,2025-12-03,097-8847478-2,"Patricia Paulino Jiménez","Santo Domingo (Piantini)","Membresías","VIP",4890.00,2568.00,10,Activo,11,6
TRX-RD-10494,2025-12-03,001-6303143-8,"Rosa Castillo Ventura","Santiago (Los Jardines)","Clases Guiadas","VIP",1294.00,2315.00,5,Activo,5,9
TRX-RD-10516,2025-12-03,402-1332067-0,"Carlos Díaz Martínez","Santo Domingo Este (Zona Oriental)","Clases Guiadas","Básica",975.00,1485.00,10,Activo,12,6
TRX-RD-10584,2025-12-03,031-1342744-1,"Patricia Pérez Díaz","Puerto Plata Club","Tienda Deportiva","Básica",1898.00,1141.00,11,Activo,6,8
TRX-RD-10593,2025-12-03,002-8585690-2,"Gabriel Cruz Rosario","Punta Cana (Bávaro)","Clases Guiadas","Premium",865.00,1358.00,9,Activo,14,8
TRX-RD-10599,2025-12-03,402-5039105-5,"María Díaz Santana","Puerto Plata Club","Tienda Deportiva","Básica",1735.00,1209.00,10,Activo,9,8
TRX-RD-10601,2025-12-03,011-5398339-8,"Rafael Paulino Jiménez","Santo Domingo Este (Zona Oriental)","Membresías","Básica",1690.00,1136.00,10,Activo,12,9
TRX-RD-9979,2025-12-04,402-6032335-3,"Rosa Pérez Martínez","Santo Domingo (Piantini)","Membresías","VIP",4890.00,2308.00,11,Activo,2,9
TRX-RD-10011,2025-12-04,037-4799381-8,"José Castillo Jiménez","Punta Cana (Bávaro)","Clases Guiadas","Premium",897.00,1686.00,12,Activo,17,8
TRX-RD-10017,2025-12-04,001-4916795-9,"Manuel Rosario Jiménez","Santo Domingo (Piantini)","Membresías","Básica",1690.00,1356.00,8,Activo,13,9
TRX-RD-10037,2025-12-04,037-4397113-1,"Pedro Marte García","Santo Domingo (Piantini)","Membresías","VIP",4890.00,2512.00,13,Activo,14,9
TRX-RD-10061,2025-12-04,037-0679343-1,"Carlos Rodríguez Martínez","Santo Domingo Este (Zona Oriental)","Tienda Deportiva","Básica",1617.00,1155.00,13,Activo,9,7
TRX-RD-10066,2025-12-04,011-8606403-4,"Rafael Paulino Gómez","Punta Cana (Bávaro)","Clases Guiadas","Básica",1159.00,1076.00,14,Activo,13,8
TRX-RD-10100,2025-12-04,031-3850489-3,"Yamilka Guzmán Morales","Santo Domingo (Piantini)","Clases Guiadas","VIP",719.00,2638.00,13,Activo,19,5
TRX-RD-10142,2025-12-04,011-7655157-8,"Emmanuel Pérez Díaz","Santo Domingo (Piantini)","Membresías","Premium",2690.00,1568.00,11,Activo,15,8
TRX-RD-10202,2025-12-04,037-3740762-1,"Pedro Morales Rosario","Santo Domingo Este (Zona Oriental)","Membresías","Básica",1690.00,1223.00,6,Activo,10,6
TRX-RD-10254,2025-12-04,031-8796310-7,"Ana Marte Sánchez","Santo Domingo Este (Zona Oriental)","Membresías","Básica",1690.00,1181.00,13,Activo,2,7
TRX-RD-10332,2025-12-04,001-1313633-7,"Genesis García Rosario","Puerto Plata Club","Membresías","Básica",1690.00,1207.00,14,Activo,16,8
TRX-RD-10378,2025-12-04,011-1417102-6,"María Morales Morales","Santo Domingo Este (Zona Oriental)","Personal Trainer","Básica",1310.00,1084.00,14,Activo,13,8
TRX-RD-10445,2025-12-04,001-7888720-4,"Pedro Peña Guzmán","Puerto Plata Club","Membresías","VIP",4890.00,2841.00,13,Activo,11,9
TRX-RD-10447,2025-12-04,037-4771277-0,"Johanny Santana Santana","Santiago (Los Jardines)","Membresías","Básica",1690.00,1270.00,8,Activo,18,7
TRX-RD-10455,2025-12-04,097-8808961-4,"Nicole Vásquez Vásquez","Punta Cana (Bávaro)","Membresías","Básica",1690.00,1256.00,7,Activo,8,9
TRX-RD-10471,2025-12-04,037-2632060-3,"Nicole Castillo Rodríguez","Santo Domingo (Piantini)","Membresías","VIP",4890.00,2417.00,12,Activo,14,9
TRX-RD-10474,2025-12-04,031-4380637-4,"Patricia Gómez Díaz","Puerto Plata Club","Personal Trainer","Premium",1539.00,1726.00,10,Activo,9,8
TRX-RD-10477,2025-12-04,001-3344357-2,"Rosa Marte Martínez","Santo Domingo (Piantini)","Membresías","Básica",1690.00,1036.00,9,Activo,12,7
TRX-RD-10509,2025-12-04,031-2023540-7,"Nicole Peña Pérez","Santo Domingo (Piantini)","Membresías","VIP",4890.00,2393.00,8,Activo,9,7
TRX-RD-10533,2025-12-04,037-6341494-7,"Juan Guzmán García","Santiago (Los Jardines)","Membresías","Básica",1690.00,1478.00,8,Activo,8,10
TRX-RD-10558,2025-12-04,031-6366255-8,"Patricia Cruz Marte","Santo Domingo (Piantini)","Membresías","Básica",1690.00,1166.00,12,Activo,13,8
TRX-RD-10003,2025-12-05,037-8576786-8,"Johanny Ventura Díaz","Santo Domingo (Piantini)","Membresías","Básica",1690.00,1393.00,12,Activo,16,8
TRX-RD-10021,2025-12-05,037-1324151-5,"Carlos Reyes Martínez","Puerto Plata Club","Membresías","Premium",2690.00,1887.00,14,Activo,14,9
TRX-RD-10069,2025-12-05,001-5568775-9,"Emmanuel Jiménez Pérez","Santo Domingo Este (Zona Oriental)","Membresías","Premium",2690.00,1714.00,7,Activo,10,8
TRX-RD-10070,2025-12-05,001-5568775-9,"Emmanuel Jiménez Pérez","Santo Domingo Este (Zona Oriental)","Personal Trainer","Premium",1586.00,1714.00,7,Activo,10,8
TRX-RD-10095,2025-12-05,402-1269910-8,"Ramón Cruz Guzmán","Santiago (Los Jardines)","Membresías","Básica",1690.00,1246.00,9,Activo,18,7
TRX-RD-10098,2025-12-05,031-3850489-3,"Yamilka Guzmán Morales","Santo Domingo (Piantini)","Membresías","VIP",4890.00,2638.00,13,Activo,19,5
TRX-RD-10099,2025-12-05,031-3850489-3,"Yamilka Guzmán Morales","Santo Domingo (Piantini)","Personal Trainer","VIP",1297.00,2638.00,13,Activo,19,5
TRX-RD-10123,2025-12-05,037-4087860-2,"José Vásquez Gómez","Puerto Plata Club","Membresías","Premium",2690.00,1700.00,12,Activo,7,6
TRX-RD-10127,2025-12-05,002-8779724-5,"Carmen Gómez Jiménez","Santiago (Los Jardines)","Membresías","Premium",2690.00,1637.00,11,Activo,14,10
TRX-RD-10130,2025-12-05,011-6483844-1,"Luis Cruz Jiménez","Punta Cana (Bávaro)","Personal Trainer","Premium",1384.00,1584.00,14,Activo,5,9
TRX-RD-10151,2025-12-05,097-4814056-4,"Alejandro Cruz Díaz","Punta Cana (Bávaro)","Tienda Deportiva","VIP",1834.00,2397.00,15,Activo,11,9
TRX-RD-10159,2025-12-05,037-7016446-9,"Ana Cruz Peña","Santiago (Los Jardines)","Tienda Deportiva","Básica",2036.00,1191.00,11,Activo,14,9
TRX-RD-10162,2025-12-05,031-1874374-3,"Gabriel Martínez Pérez","Santo Domingo Este (Zona Oriental)","Membresías","Básica",1690.00,1181.00,8,Activo,8,9
TRX-RD-10169,2025-12-05,097-7300350-5,"Laura Sánchez Martínez","Santiago (Los Jardines)","Membresías","Premium",2690.00,1594.00,10,Activo,5,9
TRX-RD-10182,2025-12-05,001-7943153-1,"Laura Martínez Reyes","Santo Domingo (Piantini)","Membresías","Básica",1690.00,1213.00,15,Activo,9,8
TRX-RD-10345,2025-12-05,002-9847295-2,"Johanny Vásquez Sánchez","Punta Cana (Bávaro)","Membresías","Básica",1690.00,1315.00,8,Activo,10,7
TRX-RD-10351,2025-12-05,031-5457306-1,"Carlos Paulino Marte","Punta Cana (Bávaro)","Membresías","Básica",1690.00,1200.00,15,Activo,5,10
TRX-RD-10392,2025-12-05,002-9773654-8,"Ramón Guzmán García","Santo Domingo (Piantini)","Membresías","VIP",4890.00,2398.00,14,Activo,11,7
TRX-RD-10429,2025-12-05,097-2693594-4,"Nicole Castillo Sánchez","Santo Domingo (Piantini)","Membresías","Básica",1690.00,1174.00,8,Activo,11,9
TRX-RD-10440,2025-12-05,001-0197774-2,"Stephanie Peña Ventura","Santo Domingo (Piantini)","Membresías","VIP",4890.00,2497.00,10,Activo,9,9
TRX-RD-10498,2025-12-05,031-6853975-1,"Francisco Ventura Rodríguez","Santo Domingo (Piantini)","Tienda Deportiva","Premium",1524.00,1584.00,11,Activo,4,8
TRX-RD-10512,2025-12-05,031-2023540-7,"Nicole Peña Pérez","Santo Domingo (Piantini)","Tienda Deportiva","VIP",2039.00,2393.00,8,Activo,9,7
TRX-RD-10514,2025-12-05,031-0544898-3,"Miguel Martínez Jiménez","Santo Domingo Este (Zona Oriental)","Membresías","Premium",2690.00,1940.00,7,Activo,9,8
TRX-RD-10540,2025-12-05,002-2682440-7,"María Marte Guzmán","Santo Domingo Este (Zona Oriental)","Membresías","Básica",1690.00,1248.00,13,Activo,11,8
TRX-RD-10039,2025-12-06,011-7722143-7,"Nicole Cruz Pérez","Punta Cana (Bávaro)","Personal Trainer","Básica",1253.00,1290.00,13,Activo,16,7
TRX-RD-10050,2025-12-06,011-9793610-5,"Luisa García Morales","Santo Domingo (Piantini)","Membresías","VIP",4890.00,2433.00,12,Activo,14,7
TRX-RD-10081,2025-12-06,001-9939436-2,"Pedro Rosario Sánchez","Santo Domingo Este (Zona Oriental)","Membresías","Básica",1690.00,1328.00,12,Activo,11,7
TRX-RD-10154,2025-12-06,037-5645049-4,"José Gómez Jiménez","Santiago (Los Jardines)","Membresías","Premium",2690.00,2106.00,9,Activo,15,9
TRX-RD-10166,2025-12-06,002-3031991-5,"Emmanuel Reyes Morales","Santo Domingo (Piantini)","Personal Trainer","Premium",1615.00,1671.00,7,Activo,13,9
TRX-RD-10196,2025-12-06,037-8528078-9,"Carmen Rodríguez Vásquez","Santo Domingo Este (Zona Oriental)","Membresías","Básica",1690.00,1505.00,8,Activo,7,7
TRX-RD-10221,2025-12-06,097-7940625-6,"Carlos Reyes Rosario","Santo Domingo (Piantini)","Membresías","VIP",4890.00,2633.00,9,Activo,14,9
TRX-RD-10224,2025-12-06,402-8831087-9,"Manuel Ventura Rosario","Santiago (Los Jardines)","Membresías","Básica",1690.00,1141.00,12,Activo,12,7
TRX-RD-10228,2025-12-06,037-0591246-1,"Luis Rodríguez Rosario","Santo Domingo Este (Zona Oriental)","Membresías","Básica",1690.00,1416.00,10,Activo,9,8
TRX-RD-10235,2025-12-06,002-3932879-2,"Juan Peña Ventura","Santo Domingo Este (Zona Oriental)","Personal Trainer","Básica",1638.00,1100.00,8,Activo,12,7
TRX-RD-10260,2025-12-06,031-7501314-7,"Gabriel Ventura Vásquez","Santo Domingo (Piantini)","Membresías","VIP",4890.00,2312.00,8,Activo,9,9
TRX-RD-10381,2025-12-06,002-2227557-0,"Kelvin Díaz García","Santo Domingo (Piantini)","Membresías","VIP",4890.00,2334.00,17,Activo,9,5
TRX-RD-10472,2025-12-06,037-2632060-3,"Nicole Castillo Rodríguez","Santo Domingo (Piantini)","Personal Trainer","VIP",1646.00,2417.00,12,Activo,14,9
TRX-RD-10542,2025-12-06,037-3862730-0,"Miguel Díaz Reyes","Puerto Plata Club","Membresías","Básica",1690.00,809.00,15,Activo,9,9
TRX-RD-10543,2025-12-06,011-9506570-9,"Pedro Pérez Sánchez","Santo Domingo (Piantini)","Membresías","Premium",2690.00,1570.00,8,Activo,12,7
TRX-RD-10577,2025-12-06,402-8956547-1,"Luis Cruz Gómez","Punta Cana (Bávaro)","Membresías","VIP",4890.00,2558.00,11,Activo,11,8
TRX-RD-9982,2025-12-07,037-0076365-3,"Ana Jiménez Peña","Santo Domingo Este (Zona Oriental)","Clases Guiadas","Básica",792.00,1070.00,15,Activo,13,9
TRX-RD-9996,2025-12-07,002-7106673-0,"Emmanuel Santana Paulino","Santiago (Los Jardines)","Membresías","Premium",2690.00,1582.00,12,Activo,7,9
TRX-RD-10053,2025-12-07,002-5922083-8,"Laura Morales Rosario","Punta Cana (Bávaro)","Clases Guiadas","Premium",946.00,1704.00,9,Activo,10,10
TRX-RD-10073,2025-12-07,001-6658590-1,"Manuel Ventura Pérez","Punta Cana (Bávaro)","Membresías","VIP",4890.00,2573.00,10,Activo,8,8
TRX-RD-10085,2025-12-07,097-9220691-5,"Patricia Pérez Jiménez","Santo Domingo Este (Zona Oriental)","Membresías","Básica",1690.00,1468.00,14,Activo,9,8
TRX-RD-10086,2025-12-07,097-9220691-5,"Patricia Pérez Jiménez","Santo Domingo Este (Zona Oriental)","Personal Trainer","Básica",1916.00,1468.00,14,Activo,9,8
TRX-RD-10185,2025-12-07,011-1679631-7,"Laura Gómez Paulino","Santiago (Los Jardines)","Membresías","Premium",2690.00,1581.00,11,Activo,9,10
TRX-RD-10188,2025-12-07,001-0742516-7,"Luis Ventura Reyes","Santo Domingo Este (Zona Oriental)","Membresías","Básica",1690.00,1136.00,15,Activo,14,8
TRX-RD-10207,2025-12-07,011-9577059-7,"Laura Paulino Jiménez","Santo Domingo Este (Zona Oriental)","Membresías","Básica",1690.00,1208.00,10,Activo,10,8
TRX-RD-10279,2025-12-07,011-9238115-8,"Pedro Rosario Sánchez","Santiago (Los Jardines)","Membresías","Básica",1690.00,1324.00,13,Activo,11,8
TRX-RD-10322,2025-12-07,011-0803242-4,"Laura Gómez Ventura","Santiago (Los Jardines)","Membresías","VIP",4890.00,2719.00,12,Activo,15,6
TRX-RD-10330,2025-12-07,031-4768533-7,"Carolina García Castillo","Santiago (Los Jardines)","Membresías","Básica",1690.00,1267.00,12,Activo,15,8
TRX-RD-10377,2025-12-07,011-1417102-6,"María Morales Morales","Santo Domingo Este (Zona Oriental)","Membresías","Básica",1690.00,1084.00,14,Activo,13,8
TRX-RD-10414,2025-12-07,402-1090617-4,"Ramón Peña Rodríguez","Puerto Plata Club","Membresías","VIP",4890.00,2434.00,8,Activo,11,7
TRX-RD-10424,2025-12-07,031-1611272-7,"Carmen Vásquez Gómez","Santiago (Los Jardines)","Tienda Deportiva","Básica",1848.00,1263.00,11,Activo,11,9
TRX-RD-10446,2025-12-07,037-6256257-1,"Ramón Díaz Jiménez","Santo Domingo Este (Zona Oriental)","Membresías","Básica",1690.00,1342.00,8,Activo,6,7
TRX-RD-10454,2025-12-07,097-4316545-9,"José Sánchez García","Punta Cana (Bávaro)","Tienda Deportiva","Básica",2075.00,1229.00,9,Activo,15,10
TRX-RD-10464,2025-12-07,402-6753909-2,"Rosa Gómez Ventura","Santo Domingo Este (Zona Oriental)","Membresías","Básica",1690.00,1429.00,8,Activo,15,8
TRX-RD-10476,2025-12-07,402-7075109-8,"Carolina Peña Santana","Punta Cana (Bávaro)","Membresías","Premium",2690.00,1597.00,10,Activo,12,9
TRX-RD-10507,2025-12-07,402-3799506-9,"Miguel Castillo Cruz","Santo Domingo Este (Zona Oriental)","Tienda Deportiva","Básica",1406.00,1112.00,15,Activo,11,6
TRX-RD-10527,2025-12-07,402-6097595-4,"Miguel Rosario Martínez","Santiago (Los Jardines)","Membresías","Premium",2690.00,1653.00,13,Activo,12,8
TRX-RD-10541,2025-12-07,002-2682440-7,"María Marte Guzmán","Santo Domingo Este (Zona Oriental)","Clases Guiadas","Básica",975.00,1248.00,13,Activo,11,8
TRX-RD-10547,2025-12-07,002-8358439-9,"Alejandro Rosario Pérez","Santo Domingo (Piantini)","Membresías","VIP",4890.00,2657.00,15,Activo,13,9
TRX-RD-10573,2025-12-07,037-4105850-1,"Rosa Paulino Gómez","Santiago (Los Jardines)","Personal Trainer","Premium",1608.00,1652.00,7,Activo,13,9
TRX-RD-10008,2025-12-08,402-8041676-5,"Alejandro Vásquez García","Punta Cana (Bávaro)","Membresías","Premium",2690.00,1752.00,12,Activo,9,9
TRX-RD-10018,2025-12-08,002-7517997-6,"Yamilka Guzmán Santana","Santiago (Los Jardines)","Membresías","VIP",4890.00,2635.00,9,Activo,12,8
TRX-RD-10024,2025-12-08,097-6836691-7,"Kelvin Gómez García","Santo Domingo (Piantini)","Membresías","Básica",1690.00,1283.00,8,Activo,13,7
TRX-RD-10026,2025-12-08,002-9985685-6,"Ana Reyes Santana","Santiago (Los Jardines)","Membresías","Básica",1690.00,1420.00,10,Activo,13,9
TRX-RD-10055,2025-12-08,001-1088222-2,"Altagracia Rodríguez García","Santiago (Los Jardines)","Tienda Deportiva","Básica",1804.00,946.00,8,Activo,12,7
TRX-RD-10058,2025-12-08,037-2758457-9,"José Cruz Vásquez","Santo Domingo Este (Zona Oriental)","Membresías","Premium",2690.00,1678.00,12,Activo,15,6
TRX-RD-10108,2025-12-08,002-6952256-1,"Nicole Santana Reyes","Santo Domingo (Piantini)","Tienda Deportiva","VIP",1778.00,2640.00,13,Activo,9,7
TRX-RD-10118,2025-12-08,037-2913086-8,"Luisa Rodríguez Guzmán","Santo Domingo (Piantini)","Membresías","Básica",1690.00,1150.00,7,Activo,11,8
TRX-RD-10134,2025-12-08,402-4830579-5,"Laura Marte Guzmán","Santiago (Los Jardines)","Membresías","Básica",1690.00,999.00,12,Activo,5,7
TRX-RD-10152,2025-12-08,402-4369425-0,"Altagracia Cruz Martínez","Santiago (Los Jardines)","Membresías","Básica",1690.00,1427.00,13,Activo,9,6
TRX-RD-10165,2025-12-08,002-3031991-5,"Emmanuel Reyes Morales","Santo Domingo (Piantini)","Membresías","Premium",2690.00,1671.00,7,Activo,13,9
TRX-RD-10212,2025-12-08,001-6323693-8,"Manuel Vásquez Sánchez","Punta Cana (Bávaro)","Membresías","VIP",4890.00,2549.00,11,Activo,8,7
TRX-RD-10213,2025-12-08,002-3523658-5,"Kelvin Sánchez Guzmán","Santiago (Los Jardines)","Membresías","Premium",2690.00,1872.00,15,Activo,12,6
TRX-RD-10246,2025-12-08,402-4204423-4,"Ramón Guzmán Paulino","Santiago (Los Jardines)","Clases Guiadas","Básica",978.00,1178.00,9,Activo,11,8
TRX-RD-10250,2025-12-08,001-0419364-4,"Ramón Jiménez Santana","Santo Domingo (Piantini)","Personal Trainer","Básica",1286.00,1238.00,12,Activo,13,9
TRX-RD-10253,2025-12-08,097-0213742-4,"Kelvin Castillo Díaz","Santiago (Los Jardines)","Clases Guiadas","Básica",1081.00,1434.00,14,Activo,6,7
TRX-RD-10262,2025-12-08,002-0478549-7,"Luis Guzmán Díaz","Santo Domingo Este (Zona Oriental)","Personal Trainer","VIP",1517.00,2524.00,10,Activo,8,8
TRX-RD-10318,2025-12-08,001-2868275-4,"Ramón Peña García","Santo Domingo (Piantini)","Membresías","VIP",4890.00,2577.00,11,Activo,10,10
TRX-RD-10331,2025-12-08,011-2999115-2,"Yamilka Jiménez Peña","Santo Domingo (Piantini)","Membresías","Básica",1690.00,1390.00,13,Activo,9,8
TRX-RD-10355,2025-12-08,011-4788643-4,"Emmanuel Santana Martínez","Santo Domingo (Piantini)","Membresías","Básica",1690.00,1197.00,13,Activo,11,8
TRX-RD-10406,2025-12-08,037-0024297-1,"Pedro Guzmán Vásquez","Santo Domingo (Piantini)","Membresías","VIP",4890.00,2327.00,17,Activo,17,7
TRX-RD-10426,2025-12-08,097-7697463-7,"Altagracia Díaz Rodríguez","Santiago (Los Jardines)","Clases Guiadas","Básica",849.00,1064.00,11,Activo,13,10
TRX-RD-10503,2025-12-08,031-7376796-7,"Laura Martínez Marte","Santiago (Los Jardines)","Tienda Deportiva","VIP",1534.00,2424.00,10,Activo,10,8
TRX-RD-10548,2025-12-08,002-8358439-9,"Alejandro Rosario Pérez","Santo Domingo (Piantini)","Tienda Deportiva","VIP",1550.00,2657.00,15,Activo,13,9
TRX-RD-9988,2025-12-09,031-4201189-3,"Alejandro Díaz Castillo","Santo Domingo (Piantini)","Personal Trainer","Básica",1645.00,949.00,11,Activo,8,8
TRX-RD-10001,2025-12-09,402-5436022-1,"Stephanie Marte Paulino","Santiago (Los Jardines)","Membresías","Básica",1690.00,1136.00,14,Activo,12,9
TRX-RD-10004,2025-12-09,402-6826092-0,"Juan Rodríguez Reyes","Santo Domingo Este (Zona Oriental)","Membresías","Básica",1690.00,1398.00,7,Activo,14,7
TRX-RD-10047,2025-12-09,011-4786136-1,"Altagracia Marte Jiménez","Santo Domingo Este (Zona Oriental)","Membresías","Básica",1690.00,1326.00,10,Activo,11,7
TRX-RD-10068,2025-12-09,402-0910953-3,"Miguel Marte Vásquez","Puerto Plata Club","Membresías","Básica",1690.00,1155.00,5,Activo,13,7
TRX-RD-10113,2025-12-09,031-5697088-5,"Altagracia Paulino Castillo","Santo Domingo (Piantini)","Membresías","VIP",4890.00,2503.00,11,Activo,6,4
TRX-RD-10137,2025-12-09,002-0153299-1,"Alejandro Sánchez Marte","Punta Cana (Bávaro)","Membresías","Básica",1690.00,1148.00,7,Activo,14,9
TRX-RD-10157,2025-12-09,031-3445475-4,"Luis Rodríguez Morales","Punta Cana (Bávaro)","Tienda Deportiva","Premium",1658.00,1471.00,14,Activo,9,9
TRX-RD-10160,2025-12-09,001-9152930-4,"María Díaz Morales","Santo Domingo (Piantini)","Membresías","Premium",2690.00,1749.00,14,Activo,8,7
TRX-RD-10167,2025-12-09,037-5690806-1,"Miguel Cruz Pérez","Santo Domingo (Piantini)","Membresías","VIP",4890.00,2289.00,10,Activo,11,8
TRX-RD-10174,2025-12-09,031-1102942-1,"Miguel Sánchez Sánchez","Santo Domingo (Piantini)","Clases Guiadas","Básica",842.00,1329.00,19,Activo,16,8
TRX-RD-10177,2025-12-09,002-6232200-1,"Yamilka Pérez Gómez","Santo Domingo (Piantini)","Personal Trainer","Premium",1466.00,1347.00,16,Activo,11,8
TRX-RD-10190,2025-12-09,037-9815671-1,"Altagracia Jiménez Peña","Punta Cana (Bávaro)","Membresías","Premium",2690.00,1605.00,15,Activo,13,8
TRX-RD-10191,2025-12-09,402-3519826-0,"José Peña Marte","Punta Cana (Bávaro)","Membresías","Básica",1690.00,1467.00,11,Activo,17,8
TRX-RD-10215,2025-12-09,037-0576050-6,"Patricia Guzmán Morales","Santiago (Los Jardines)","Membresías","Básica",1690.00,1340.00,6,Activo,13,7
TRX-RD-10218,2025-12-09,001-2220302-9,"Ana Martínez Santana","Punta Cana (Bávaro)","Membresías","Básica",1690.00,1409.00,11,Activo,12,10
TRX-RD-10282,2025-12-09,037-7869598-5,"Kelvin Ventura García","Punta Cana (Bávaro)","Membresías","Premium",2690.00,1596.00,13,Activo,16,9
TRX-RD-10284,2025-12-09,037-7869598-5,"Kelvin Ventura García","Punta Cana (Bávaro)","Tienda Deportiva","Premium",1103.00,1596.00,13,Activo,16,9
TRX-RD-10293,2025-12-09,031-1608619-4,"Joan Díaz Rodríguez","Santo Domingo (Piantini)","Membresías","Básica",1690.00,1531.00,12,Activo,11,8
TRX-RD-10296,2025-12-09,002-0919408-3,"Laura Cruz Gómez","Santiago (Los Jardines)","Clases Guiadas","Básica",927.00,1307.00,13,Activo,8,9
TRX-RD-10379,2025-12-09,011-1417102-6,"María Morales Morales","Santo Domingo Este (Zona Oriental)","Tienda Deportiva","Básica",1508.00,1084.00,14,Activo,13,8
TRX-RD-10411,2025-12-09,037-5710505-5,"Manuel Reyes Paulino","Santo Domingo Este (Zona Oriental)","Membresías","Básica",1690.00,1187.00,13,Activo,12,8
TRX-RD-10417,2025-12-09,011-1481876-6,"Yudelka Marte Santana","Punta Cana (Bávaro)","Membresías","Premium",2690.00,1662.00,10,Activo,15,7
TRX-RD-10490,2025-12-09,097-8847478-2,"Patricia Paulino Jiménez","Santo Domingo (Piantini)","Personal Trainer","VIP",1824.00,2568.00,10,Activo,11,6
TRX-RD-10491,2025-12-09,097-8847478-2,"Patricia Paulino Jiménez","Santo Domingo (Piantini)","Clases Guiadas","VIP",1165.00,2568.00,10,Activo,11,6
TRX-RD-10513,2025-12-09,002-6362877-8,"Gabriel Jiménez Rosario","Puerto Plata Club","Membresías","Premium",2690.00,1692.00,7,Activo,14,8
TRX-RD-10530,2025-12-09,011-7002003-4,"Ramón Pérez Marte","Santo Domingo (Piantini)","Membresías","VIP",4890.00,2543.00,11,Activo,9,10
TRX-RD-10531,2025-12-09,011-7002003-4,"Ramón Pérez Marte","Santo Domingo (Piantini)","Clases Guiadas","VIP",816.00,2543.00,11,Activo,9,10
TRX-RD-10555,2025-12-09,097-8381334-9,"Carmen Rosario Ventura","Puerto Plata Club","Personal Trainer","Premium",1615.00,1763.00,12,Activo,8,7
TRX-RD-10588,2025-12-09,002-7588872-5,"Carlos Rosario Rodríguez","Santiago (Los Jardines)","Membresías","Básica",1690.00,1200.00,10,Activo,13,6
TRX-RD-9993,2025-12-10,402-7362251-0,"Francisco Santana Reyes","Santiago (Los Jardines)","Membresías","Básica",1690.00,1325.00,13,Activo,10,8
TRX-RD-10012,2025-12-10,011-2093698-2,"Miguel Ventura Guzmán","Santo Domingo Este (Zona Oriental)","Membresías","Básica",1690.00,1283.00,12,Activo,11,8
TRX-RD-10020,2025-12-10,402-9451155-1,"Juan Marte Peña","Puerto Plata Club","Personal Trainer","Básica",1929.00,1221.00,10,Activo,17,8
TRX-RD-10048,2025-12-10,011-4786136-1,"Altagracia Marte Jiménez","Santo Domingo Este (Zona Oriental)","Personal Trainer","Básica",961.00,1326.00,10,Activo,11,7
TRX-RD-10074,2025-12-10,001-6658590-1,"Manuel Ventura Pérez","Punta Cana (Bávaro)","Tienda Deportiva","VIP",1296.00,2573.00,10,Activo,8,8
TRX-RD-10097,2025-12-10,011-7673531-2,"Luis Jiménez Santana","Punta Cana (Bávaro)","Membresías","Premium",2690.00,1534.00,16,Activo,15,9
TRX-RD-10119,2025-12-10,002-4743620-7,"Stephanie Pérez Pérez","Santo Domingo (Piantini)","Membresías","Básica",1690.00,1141.00,14,Activo,6,8
TRX-RD-10129,2025-12-10,011-6483844-1,"Luis Cruz Jiménez","Punta Cana (Bávaro)","Membresías","Premium",2690.00,1584.00,14,Activo,5,9
TRX-RD-10232,2025-12-10,001-9905757-1,"Alejandro Marte Paulino","Punta Cana (Bávaro)","Membresías","Premium",2690.00,1944.00,13,Activo,8,7
TRX-RD-10290,2025-12-10,031-8253717-9,"Juan Castillo Pérez","Santo Domingo (Piantini)","Personal Trainer","Básica",1534.00,1057.00,14,Activo,9,9
TRX-RD-10297,2025-12-10,002-9790082-1,"Emmanuel García Marte","Santiago (Los Jardines)","Membresías","Premium",2690.00,1801.00,12,Activo,8,7
TRX-RD-10323,2025-12-10,011-0803242-4,"Laura Gómez Ventura","Santiago (Los Jardines)","Personal Trainer","VIP",1587.00,2719.00,12,Activo,15,6
TRX-RD-10354,2025-12-10,011-6804141-4,"Carmen Díaz Rodríguez","Santiago (Los Jardines)","Membresías","Básica",1690.00,1081.00,10,Activo,13,9
TRX-RD-10362,2025-12-10,011-0228573-9,"Laura Sánchez Peña","Santiago (Los Jardines)","Tienda Deportiva","Premium",1944.00,1619.00,7,Activo,13,8
TRX-RD-10384,2025-12-10,001-7084713-1,"María Vásquez Marte","Santo Domingo Este (Zona Oriental)","Membresías","Premium",2690.00,1471.00,9,Activo,12,10
TRX-RD-10418,2025-12-10,031-9583417-5,"Alejandro Cruz Vásquez","Santiago (Los Jardines)","Membresías","Premium",2690.00,1421.00,12,Activo,9,8
TRX-RD-10433,2025-12-10,097-0440943-3,"Juan Ventura Sánchez","Punta Cana (Bávaro)","Membresías","VIP",4890.00,2444.00,8,Activo,14,8
TRX-RD-10468,2025-12-10,002-7118342-8,"Alejandro Paulino Ventura","Puerto Plata Club","Membresías","Básica",1690.00,1198.00,12,Activo,7,8
TRX-RD-10487,2025-12-10,402-9075402-3,"Ana Pérez Ventura","Santiago (Los Jardines)","Membresías","Premium",2690.00,1899.00,6,Activo,12,6
TRX-RD-10526,2025-12-10,001-4994562-8,"Pedro Marte Marte","Santo Domingo Este (Zona Oriental)","Membresías","Básica",1690.00,1370.00,11,Activo,10,8
TRX-RD-9986,2025-12-11,402-9746499-8,"Rosa Paulino Gómez","Santiago (Los Jardines)","Personal Trainer","Básica",1703.00,1303.00,13,Activo,13,9
TRX-RD-9994,2025-12-11,002-2999348-0,"Carmen Vásquez Paulino","Punta Cana (Bávaro)","Membresías","Básica",1690.00,1561.00,11,Activo,8,8
TRX-RD-10000,2025-12-11,037-7793362-7,"Pedro Díaz Cruz","Santiago (Los Jardines)","Membresías","Básica",1690.00,1318.00,11,Activo,7,8
TRX-RD-10033,2025-12-11,402-7493032-6,"Emmanuel Paulino Reyes","Puerto Plata Club","Membresías","VIP",4890.00,2353.00,9,Activo,10,8
TRX-RD-10035,2025-12-11,031-1919018-3,"Patricia Rodríguez Pérez","Santiago (Los Jardines)","Membresías","VIP",4890.00,2539.00,11,Activo,7,8
TRX-RD-10049,2025-12-11,402-9497962-6,"Juan Sánchez Ventura","Santo Domingo Este (Zona Oriental)","Membresías","Premium",2690.00,1775.00,11,Activo,9,7
TRX-RD-10059,2025-12-11,037-0679343-1,"Carlos Rodríguez Martínez","Santo Domingo Este (Zona Oriental)","Membresías","Básica",1690.00,1155.00,13,Activo,9,7
TRX-RD-10067,2025-12-11,011-8606403-4,"Rafael Paulino Gómez","Punta Cana (Bávaro)","Tienda Deportiva","Básica",1147.00,1076.00,14,Activo,13,8
TRX-RD-10090,2025-12-11,402-0968845-2,"María Santana Sánchez","Santiago (Los Jardines)","Personal Trainer","Básica",1378.00,998.00,8,Activo,19,8
TRX-RD-10117,2025-12-11,097-6534532-8,"Yamilka Sánchez Jiménez","Santo Domingo (Piantini)","Clases Guiadas","Premium",944.00,1448.00,9,Activo,8,9
TRX-RD-10121,2025-12-11,402-9335168-6,"Francisco Paulino Guzmán","Puerto Plata Club","Personal Trainer","Básica",1635.00,1199.00,7,Activo,4,9
TRX-RD-10178,2025-12-11,011-5946538-2,"Carmen Díaz Guzmán","Santo Domingo Este (Zona Oriental)","Membresías","Básica",1690.00,1308.00,9,Activo,13,8
TRX-RD-10204,2025-12-11,037-2074875-9,"Ramón Pérez Marte","Puerto Plata Club","Membresías","Básica",1690.00,1114.00,14,Activo,6,8
TRX-RD-10219,2025-12-11,001-2220302-9,"Ana Martínez Santana","Punta Cana (Bávaro)","Personal Trainer","Básica",1339.00,1409.00,11,Activo,12,10
TRX-RD-10227,2025-12-11,037-7391172-6,"Yudelka Paulino Castillo","Santo Domingo (Piantini)","Clases Guiadas","Premium",951.00,1548.00,8,Activo,15,8
TRX-RD-10243,2025-12-11,097-6767830-4,"Francisco Díaz García","Puerto Plata Club","Membresías","Premium",2690.00,1732.00,4,Activo,14,9
TRX-RD-10259,2025-12-11,037-1267098-7,"Joan Morales Reyes","Santiago (Los Jardines)","Personal Trainer","Básica",982.00,1254.00,8,Activo,11,7
TRX-RD-10292,2025-12-11,011-7420481-6,"Ramón Reyes García","Santo Domingo Este (Zona Oriental)","Clases Guiadas","Básica",691.00,1608.00,11,Activo,16,7
TRX-RD-10328,2025-12-11,037-7397599-4,"Luis Reyes Ventura","Santo Domingo (Piantini)","Membresías","Básica",1690.00,1334.00,12,Activo,10,9
TRX-RD-10371,2025-12-11,031-7085259-8,"Carmen Díaz Rosario","Santiago (Los Jardines)","Membresías","Premium",2690.00,1695.00,11,Activo,13,8
TRX-RD-10389,2025-12-11,037-9921219-0,"Stephanie Sánchez Martínez","Santo Domingo (Piantini)","Clases Guiadas","Básica",887.00,1205.00,11,Activo,10,8
TRX-RD-10419,2025-12-11,037-2317067-0,"Kelvin Jiménez Sánchez","Santo Domingo Este (Zona Oriental)","Membresías","VIP",4890.00,2731.00,19,Activo,19,10
TRX-RD-10421,2025-12-11,037-2317067-0,"Kelvin Jiménez Sánchez","Santo Domingo Este (Zona Oriental)","Tienda Deportiva","VIP",1399.00,2731.00,19,Activo,19,10
TRX-RD-10461,2025-12-11,097-7382184-9,"Ana Díaz Reyes","Santo Domingo (Piantini)","Membresías","Premium",2690.00,1649.00,10,Activo,7,9
TRX-RD-10517,2025-12-11,001-4573372-1,"Carolina Ventura Pérez","Santo Domingo Este (Zona Oriental)","Membresías","Básica",1690.00,1256.00,5,Activo,6,8
TRX-RD-10553,2025-12-11,001-1182612-9,"Rafael Rodríguez Guzmán","Santiago (Los Jardines)","Membresías","Básica",1690.00,1193.00,11,Activo,12,8
TRX-RD-10564,2025-12-11,031-3353004-2,"Emmanuel Reyes Marte","Santiago (Los Jardines)","Tienda Deportiva","Básica",1666.00,1007.00,7,Activo,15,9
TRX-RD-10572,2025-12-11,037-4105850-1,"Rosa Paulino Gómez","Santiago (Los Jardines)","Membresías","Premium",2690.00,1652.00,7,Activo,13,9
TRX-RD-10581,2025-12-11,031-1859472-4,"Laura Martínez García","Puerto Plata Club","Membresías","VIP",4890.00,2690.00,10,Activo,18,8
TRX-RD-10583,2025-12-11,031-1342744-1,"Patricia Pérez Díaz","Puerto Plata Club","Membresías","Básica",1690.00,1141.00,11,Activo,6,8
TRX-RD-10594,2025-12-11,097-4974915-7,"Laura Santana Vásquez","Punta Cana (Bávaro)","Membresías","Básica",1690.00,1537.00,11,Activo,8,7
TRX-RD-9980,2025-12-12,037-0076365-3,"Ana Jiménez Peña","Santo Domingo Este (Zona Oriental)","Membresías","Básica",1690.00,1070.00,15,Activo,13,9
TRX-RD-9985,2025-12-12,402-9746499-8,"Rosa Paulino Gómez","Santiago (Los Jardines)","Membresías","Básica",1690.00,1303.00,13,Activo,13,9
TRX-RD-10006,2025-12-12,037-5983058-5,"María Díaz Pérez","Santo Domingo Este (Zona Oriental)","Membresías","VIP",4890.00,2320.00,11,Activo,13,7
TRX-RD-10025,2025-12-12,031-4152428-4,"Yudelka Morales Morales","Punta Cana (Bávaro)","Membresías","Básica",1690.00,1253.00,11,Activo,11,8
TRX-RD-10041,2025-12-12,097-6356440-9,"Carlos Rodríguez Castillo","Punta Cana (Bávaro)","Membresías","Premium",2690.00,1472.00,13,Activo,13,8
TRX-RD-10096,2025-12-12,402-1269910-8,"Ramón Cruz Guzmán","Santiago (Los Jardines)","Personal Trainer","Básica",1352.00,1246.00,9,Activo,18,7
TRX-RD-10184,2025-12-12,001-0668806-2,"Genesis Gómez Ventura","Santo Domingo (Piantini)","Membresías","VIP",4890.00,2342.00,8,Activo,19,7
TRX-RD-10189,2025-12-12,001-0742516-7,"Luis Ventura Reyes","Santo Domingo Este (Zona Oriental)","Tienda Deportiva","Básica",1796.00,1136.00,15,Activo,14,8
TRX-RD-10231,2025-12-12,031-2974266-8,"Johanny Jiménez Jiménez","Santo Domingo (Piantini)","Personal Trainer","Premium",1355.00,1751.00,12,Activo,12,6
TRX-RD-10251,2025-12-12,001-0419364-4,"Ramón Jiménez Santana","Santo Domingo (Piantini)","Tienda Deportiva","Básica",2097.00,1238.00,12,Activo,13,9
TRX-RD-10269,2025-12-12,402-8434250-4,"Luisa Sánchez Cruz","Punta Cana (Bávaro)","Clases Guiadas","VIP",842.00,2475.00,14,Activo,11,9
TRX-RD-10294,2025-12-12,031-1608619-4,"Joan Díaz Rodríguez","Santo Domingo (Piantini)","Personal Trainer","Básica",1391.00,1531.00,12,Activo,11,8
TRX-RD-10301,2025-12-12,402-0475896-1,"Carolina Reyes Rosario","Santo Domingo (Piantini)","Membresías","Premium",2690.00,1762.00,12,Activo,11,8
TRX-RD-10308,2025-12-12,402-7337520-0,"Yudelka Peña Jiménez","Santiago (Los Jardines)","Membresías","VIP",4890.00,2497.00,11,Activo,12,7
TRX-RD-10315,2025-12-12,097-2331703-9,"María Jiménez Martínez","Santiago (Los Jardines)","Clases Guiadas","Básica",846.00,1256.00,9,Activo,12,8
TRX-RD-10340,2025-12-12,002-0728408-4,"Juan Vásquez Castillo","Santo Domingo Este (Zona Oriental)","Clases Guiadas","Básica",978.00,1460.00,12,Activo,9,9
TRX-RD-10388,2025-12-12,037-9921219-0,"Stephanie Sánchez Martínez","Santo Domingo (Piantini)","Membresías","Básica",1690.00,1205.00,11,Activo,10,8
TRX-RD-10401,2025-12-12,037-7381306-2,"Carmen Gómez Martínez","Punta Cana (Bávaro)","Clases Guiadas","Premium",923.00,1895.00,10,Activo,9,9
TRX-RD-10457,2025-12-12,097-5339295-1,"Juan Santana Díaz","Puerto Plata Club","Membresías","Básica",1690.00,1374.00,7,Activo,11,8
TRX-RD-10495,2025-12-12,001-6303143-8,"Rosa Castillo Ventura","Santiago (Los Jardines)","Tienda Deportiva","VIP",1680.00,2315.00,5,Activo,5,9
TRX-RD-10528,2025-12-12,031-0627540-1,"María Morales Guzmán","Punta Cana (Bávaro)","Membresías","Básica",1690.00,1201.00,14,Activo,7,8
TRX-RD-10537,2025-12-12,037-1066493-3,"Manuel Gómez Cruz","Santo Domingo Este (Zona Oriental)","Membresías","Básica",1690.00,1152.00,8,Activo,4,8
TRX-RD-10585,2025-12-12,011-2784457-7,"Kelvin Jiménez Gómez","Santiago (Los Jardines)","Membresías","Básica",1690.00,1191.00,17,Activo,15,8
TRX-RD-10603,2025-12-12,001-7706644-6,"Joan Marte Santana","Santo Domingo Este (Zona Oriental)","Membresías","Básica",1690.00,1596.00,11,Activo,3,8
TRX-RD-9990,2025-12-13,031-4625065-3,"Rosa Paulino Cruz","Santiago (Los Jardines)","Tienda Deportiva","Básica",1551.00,1280.00,7,Activo,10,7
TRX-RD-9991,2025-12-13,037-1550315-1,"Miguel Ventura Rodríguez","Punta Cana (Bávaro)","Membresías","Premium",2690.00,1579.00,8,Activo,7,8
TRX-RD-10005,2025-12-13,402-4917674-0,"Yamilka García Morales","Punta Cana (Bávaro)","Membresías","VIP",4890.00,2476.00,10,Activo,3,8
TRX-RD-10030,2025-12-13,011-2413859-3,"Luisa Rosario Guzmán","Santiago (Los Jardines)","Membresías","Básica",1690.00,1192.00,7,Activo,9,9
TRX-RD-10051,2025-12-13,002-5922083-8,"Laura Morales Rosario","Punta Cana (Bávaro)","Membresías","Premium",2690.00,1704.00,9,Activo,10,10
TRX-RD-10052,2025-12-13,002-5922083-8,"Laura Morales Rosario","Punta Cana (Bávaro)","Personal Trainer","Premium",1588.00,1704.00,9,Activo,10,10
TRX-RD-10105,2025-12-13,001-4914206-9,"Gabriel Díaz Reyes","Santiago (Los Jardines)","Membresías","Premium",2690.00,1504.00,15,Activo,9,9
TRX-RD-10124,2025-12-13,037-4087860-2,"José Vásquez Gómez","Puerto Plata Club","Clases Guiadas","Premium",1200.00,1700.00,12,Activo,7,6
TRX-RD-10210,2025-12-13,037-8163497-1,"Carolina Marte Reyes","Santo Domingo (Piantini)","Membresías","VIP",4890.00,2270.00,10,Activo,9,9
TRX-RD-10236,2025-12-13,097-3530510-5,"Alejandro Marte Reyes","Puerto Plata Club","Membresías","VIP",4890.00,2566.00,8,Activo,12,7
TRX-RD-10239,2025-12-13,031-8363385-2,"Nicole Reyes Vásquez","Santiago (Los Jardines)","Membresías","Básica",1690.00,1343.00,14,Activo,10,8
TRX-RD-10276,2025-12-13,002-2155877-8,"Genesis Jiménez García","Santiago (Los Jardines)","Clases Guiadas","Premium",799.00,1357.00,13,Activo,10,8
TRX-RD-10329,2025-12-13,011-4453841-8,"Manuel Morales Paulino","Puerto Plata Club","Membresías","Básica",1690.00,1143.00,10,Activo,12,9
TRX-RD-10363,2025-12-13,001-1274666-4,"Kelvin Marte Guzmán","Santiago (Los Jardines)","Membresías","Premium",2690.00,1496.00,10,Activo,10,7
TRX-RD-10367,2025-12-13,031-8359069-8,"Alejandro Cruz Gómez","Santiago (Los Jardines)","Membresías","Básica",1690.00,1312.00,9,Activo,11,9
TRX-RD-10394,2025-12-13,002-9773654-8,"Ramón Guzmán García","Santo Domingo (Piantini)","Clases Guiadas","VIP",833.00,2398.00,14,Activo,11,7
TRX-RD-10402,2025-12-13,011-5821589-5,"Carolina Rodríguez Vásquez","Santo Domingo Este (Zona Oriental)","Membresías","Básica",1690.00,1190.00,18,Activo,15,8
TRX-RD-10423,2025-12-13,031-1611272-7,"Carmen Vásquez Gómez","Santiago (Los Jardines)","Clases Guiadas","Básica",789.00,1263.00,11,Activo,11,9
TRX-RD-10425,2025-12-13,097-7697463-7,"Altagracia Díaz Rodríguez","Santiago (Los Jardines)","Membresías","Básica",1690.00,1064.00,11,Activo,13,10
TRX-RD-10444,2025-12-13,402-0790624-5,"Stephanie Gómez Díaz","Santiago (Los Jardines)","Clases Guiadas","Básica",972.00,1220.00,10,Activo,19,9
TRX-RD-10465,2025-12-13,402-6753909-2,"Rosa Gómez Ventura","Santo Domingo Este (Zona Oriental)","Personal Trainer","Básica",1469.00,1429.00,8,Activo,15,8
TRX-RD-10521,2025-12-13,097-1092080-3,"Carolina Reyes Ventura","Punta Cana (Bávaro)","Membresías","Premium",2690.00,1673.00,12,Activo,10,8
TRX-RD-10023,2025-12-14,037-1324151-5,"Carlos Reyes Martínez","Puerto Plata Club","Tienda Deportiva","Premium",1720.00,1887.00,14,Activo,14,9
TRX-RD-10043,2025-12-14,002-6149066-8,"Carolina Jiménez Jiménez","Santo Domingo (Piantini)","Membresías","Básica",1690.00,1195.00,10,Activo,12,6
TRX-RD-10045,2025-12-14,037-5764630-6,"Yamilka Sánchez Sánchez","Santiago (Los Jardines)","Membresías","VIP",4890.00,2364.00,17,Activo,9,7
TRX-RD-10153,2025-12-14,011-6392860-7,"Ana Guzmán Sánchez","Santo Domingo (Piantini)","Membresías","Premium",2690.00,1611.00,15,Activo,10,8
TRX-RD-10155,2025-12-14,031-3445475-4,"Luis Rodríguez Morales","Punta Cana (Bávaro)","Membresías","Premium",2690.00,1471.00,14,Activo,9,9
TRX-RD-10193,2025-12-14,037-7029147-8,"Carlos Marte Pérez","Santiago (Los Jardines)","Membresías","Premium",2690.00,1534.00,8,Activo,12,7
TRX-RD-10216,2025-12-14,031-5503655-5,"Laura Reyes Reyes","Santo Domingo (Piantini)","Membresías","Básica",1690.00,1104.00,13,Activo,15,8
TRX-RD-10225,2025-12-14,402-8831087-9,"Manuel Ventura Rosario","Santiago (Los Jardines)","Clases Guiadas","Básica",994.00,1141.00,12,Activo,12,7
TRX-RD-10242,2025-12-14,002-5206211-2,"Kelvin Cruz Morales","Puerto Plata Club","Personal Trainer","Premium",1229.00,2020.00,10,Activo,12,7
TRX-RD-10244,2025-12-14,001-5280253-4,"Carlos Rodríguez Cruz","Santiago (Los Jardines)","Membresías","Básica",1690.00,1160.00,7,Activo,5,9
TRX-RD-10245,2025-12-14,402-4204423-4,"Ramón Guzmán Paulino","Santiago (Los Jardines)","Membresías","Básica",1690.00,1178.00,9,Activo,11,8
TRX-RD-10356,2025-12-14,001-6862823-8,"Kelvin Vásquez Pérez","Santo Domingo (Piantini)","Membresías","Básica",1690.00,1068.00,12,Activo,9,7
TRX-RD-10370,2025-12-14,097-9542972-0,"Ramón Reyes Díaz","Santiago (Los Jardines)","Clases Guiadas","Básica",961.00,1245.00,14,Activo,9,7
TRX-RD-10398,2025-12-14,002-3335454-7,"Manuel Rodríguez Reyes","Santo Domingo Este (Zona Oriental)","Personal Trainer","Básica",1218.00,1007.00,10,Activo,12,6
TRX-RD-10482,2025-12-14,037-8180441-8,"Juan Cruz Ventura","Santiago (Los Jardines)","Clases Guiadas","Premium",929.00,1802.00,7,Activo,8,8
TRX-RD-10520,2025-12-14,001-1139539-8,"Emmanuel Ventura Pérez","Puerto Plata Club","Membresías","Básica",1690.00,1259.00,10,Activo,12,6
TRX-RD-10534,2025-12-14,097-0712831-1,"Miguel Rodríguez Paulino","Santo Domingo (Piantini)","Membresías","Premium",2690.00,1658.00,13,Activo,14,7
TRX-RD-10536,2025-12-14,031-5780704-5,"Joan Guzmán Rodríguez","Punta Cana (Bávaro)","Clases Guiadas","VIP",816.00,2509.00,13,Activo,13,9
TRX-RD-10538,2025-12-14,402-0146305-2,"Rafael García Morales","Santo Domingo (Piantini)","Membresías","Básica",1690.00,1466.00,8,Activo,11,8
TRX-RD-10539,2025-12-14,002-4726579-6,"Emmanuel Paulino Jiménez","Punta Cana (Bávaro)","Membresías","Básica",1690.00,1176.00,8,Activo,11,8
TRX-RD-10545,2025-12-14,002-8546073-9,"Altagracia García Ventura","Punta Cana (Bávaro)","Membresías","Básica",1690.00,1224.00,10,Activo,11,9
TRX-RD-10574,2025-12-14,097-0573763-4,"Pedro Rosario Marte","Santiago (Los Jardines)","Membresías","Básica",1690.00,1277.00,13,Activo,12,7
TRX-RD-9983,2025-12-15,011-2000056-5,"Carmen Vásquez Rosario","Santo Domingo (Piantini)","Membresías","Básica",1690.00,999.00,9,Activo,13,10
TRX-RD-10015,2025-12-15,097-7028978-4,"Carlos Guzmán Gómez","Punta Cana (Bávaro)","Membresías","Básica",1690.00,855.00,6,Activo,5,8
TRX-RD-10060,2025-12-15,037-0679343-1,"Carlos Rodríguez Martínez","Santo Domingo Este (Zona Oriental)","Personal Trainer","Básica",1434.00,1155.00,13,Activo,9,7
TRX-RD-10114,2025-12-15,031-5697088-5,"Altagracia Paulino Castillo","Santo Domingo (Piantini)","Personal Trainer","VIP",1650.00,2503.00,11,Activo,6,4
TRX-RD-10139,2025-12-15,011-2564054-8,"Pedro García Reyes","Puerto Plata Club","Membresías","Premium",2690.00,1702.00,13,Activo,9,8
TRX-RD-10143,2025-12-15,001-7971463-9,"Luisa Peña Díaz","Punta Cana (Bávaro)","Membresías","VIP",4890.00,2491.00,11,Activo,11,9
TRX-RD-10203,2025-12-15,037-3740762-1,"Pedro Morales Rosario","Santo Domingo Este (Zona Oriental)","Personal Trainer","Básica",1270.00,1223.00,6,Activo,10,6
TRX-RD-10214,2025-12-15,002-3523658-5,"Kelvin Sánchez Guzmán","Santiago (Los Jardines)","Personal Trainer","Premium",1404.00,1872.00,15,Activo,12,6
TRX-RD-10226,2025-12-15,037-7391172-6,"Yudelka Paulino Castillo","Santo Domingo (Piantini)","Membresías","Premium",2690.00,1548.00,8,Activo,15,8
TRX-RD-10237,2025-12-15,002-9235870-2,"Juan Castillo Cruz","Punta Cana (Bávaro)","Membresías","VIP",4890.00,2478.00,10,Activo,12,6
TRX-RD-10263,2025-12-15,002-0478549-7,"Luis Guzmán Díaz","Santo Domingo Este (Zona Oriental)","Tienda Deportiva","VIP",1182.00,2524.00,10,Activo,8,8
TRX-RD-10298,2025-12-15,002-9790082-1,"Emmanuel García Marte","Santiago (Los Jardines)","Personal Trainer","Premium",1705.00,1801.00,12,Activo,8,7
TRX-RD-10309,2025-12-15,402-7337520-0,"Yudelka Peña Jiménez","Santiago (Los Jardines)","Clases Guiadas","VIP",738.00,2497.00,11,Activo,12,7
TRX-RD-10334,2025-12-15,002-8632191-4,"Yamilka Jiménez Jiménez","Santiago (Los Jardines)","Clases Guiadas","Básica",677.00,1169.00,14,Activo,8,9
TRX-RD-10364,2025-12-15,037-1499715-6,"Ana Castillo Cruz","Santo Domingo (Piantini)","Membresías","VIP",4890.00,2452.00,14,Activo,10,8
TRX-RD-10374,2025-12-15,011-8699091-5,"Stephanie Sánchez Martínez","Santo Domingo (Piantini)","Membresías","Básica",1690.00,1133.00,14,Activo,12,9
TRX-RD-10380,2025-12-15,002-6627199-8,"Gabriel Ventura Ventura","Santo Domingo (Piantini)","Membresías","Básica",1690.00,1220.00,17,Activo,10,7
TRX-RD-10382,2025-12-15,002-2227557-0,"Kelvin Díaz García","Santo Domingo (Piantini)","Personal Trainer","VIP",1385.00,2334.00,17,Activo,9,5
TRX-RD-10386,2025-12-15,037-7827589-5,"Rafael Pérez Rosario","Santo Domingo (Piantini)","Membresías","Premium",2690.00,1487.00,9,Activo,14,8
TRX-RD-10403,2025-12-15,037-6202217-0,"Stephanie Marte Castillo","Santiago (Los Jardines)","Membresías","Básica",1690.00,1333.00,11,Activo,10,9
TRX-RD-10438,2025-12-15,031-7945376-0,"Kelvin Pérez Pérez","Santiago (Los Jardines)","Membresías","Básica",1690.00,1178.00,8,Activo,14,9
TRX-RD-10443,2025-12-15,402-0790624-5,"Stephanie Gómez Díaz","Santiago (Los Jardines)","Membresías","Básica",1690.00,1220.00,10,Activo,19,9
TRX-RD-10458,2025-12-15,097-5339295-1,"Juan Santana Díaz","Puerto Plata Club","Clases Guiadas","Básica",985.00,1374.00,7,Activo,11,8
TRX-RD-9995,2025-12-16,002-6892455-2,"Rafael Jiménez Guzmán","Santo Domingo Este (Zona Oriental)","Membresías","Básica",1690.00,1399.00,13,Activo,9,7
TRX-RD-10019,2025-12-16,402-9451155-1,"Juan Marte Peña","Puerto Plata Club","Membresías","Básica",1690.00,1221.00,10,Activo,17,8
TRX-RD-10083,2025-12-16,011-3620797-2,"Francisco Marte Morales","Santo Domingo (Piantini)","Membresías","VIP",4890.00,2664.00,11,Activo,16,7
TRX-RD-10156,2025-12-16,031-3445475-4,"Luis Rodríguez Morales","Punta Cana (Bávaro)","Personal Trainer","Premium",1372.00,1471.00,14,Activo,9,9
TRX-RD-10186,2025-12-16,011-1679631-7,"Laura Gómez Paulino","Santiago (Los Jardines)","Personal Trainer","Premium",1315.00,1581.00,11,Activo,9,10
TRX-RD-10199,2025-12-16,011-4552476-3,"Johanny Cruz Guzmán","Santiago (Los Jardines)","Personal Trainer","Básica",1279.00,1242.00,10,Activo,3,10
TRX-RD-10201,2025-12-16,002-2421057-5,"Yamilka Pérez Vásquez","Santiago (Los Jardines)","Personal Trainer","Básica",1508.00,1190.00,11,Activo,7,10
TRX-RD-10211,2025-12-16,037-8163497-1,"Carolina Marte Reyes","Santo Domingo (Piantini)","Personal Trainer","VIP",1323.00,2270.00,10,Activo,9,9
TRX-RD-10252,2025-12-16,097-0213742-4,"Kelvin Castillo Díaz","Santiago (Los Jardines)","Membresías","Básica",1690.00,1434.00,14,Activo,6,7
TRX-RD-10255,2025-12-16,031-8796310-7,"Ana Marte Sánchez","Santo Domingo Este (Zona Oriental)","Tienda Deportiva","Básica",1873.00,1181.00,13,Activo,2,7
TRX-RD-10264,2025-12-16,011-7595168-8,"Juan Morales Reyes","Punta Cana (Bávaro)","Membresías","Básica",1690.00,1108.00,7,Activo,11,6
TRX-RD-10316,2025-12-16,031-8068577-2,"Francisco Ventura Martínez","Santo Domingo (Piantini)","Membresías","Premium",2690.00,1788.00,11,Activo,11,8
TRX-RD-10352,2025-12-16,031-5457306-1,"Carlos Paulino Marte","Punta Cana (Bávaro)","Clases Guiadas","Básica",824.00,1200.00,15,Activo,5,10
TRX-RD-10357,2025-12-16,001-6862823-8,"Kelvin Vásquez Pérez","Santo Domingo (Piantini)","Clases Guiadas","Básica",1006.00,1068.00,12,Activo,9,7
TRX-RD-10360,2025-12-16,011-0228573-9,"Laura Sánchez Peña","Santiago (Los Jardines)","Personal Trainer","Premium",1377.00,1619.00,7,Activo,13,8
TRX-RD-10399,2025-12-16,002-6259335-3,"Emmanuel Guzmán Rosario","Santo Domingo Este (Zona Oriental)","Membresías","Premium",2690.00,2156.00,16,Activo,8,8
TRX-RD-10431,2025-12-16,402-2759002-9,"Carmen Gómez Castillo","Santo Domingo (Piantini)","Membresías","Premium",2690.00,1966.00,8,Activo,8,8
TRX-RD-10448,2025-12-16,037-4771277-0,"Johanny Santana Santana","Santiago (Los Jardines)","Personal Trainer","Básica",1265.00,1270.00,8,Activo,18,7
TRX-RD-10485,2025-12-16,402-7258683-1,"Yudelka Jiménez Peña","Punta Cana (Bávaro)","Membresías","Básica",1690.00,960.00,5,Activo,9,7
TRX-RD-10519,2025-12-16,001-4573372-1,"Carolina Ventura Pérez","Santo Domingo Este (Zona Oriental)","Clases Guiadas","Básica",897.00,1256.00,5,Activo,6,8
TRX-RD-10552,2025-12-16,002-5568091-0,"Gabriel Guzmán Martínez","Santo Domingo (Piantini)","Clases Guiadas","Básica",853.00,948.00,11,Activo,14,9
TRX-RD-10592,2025-12-16,002-8585690-2,"Gabriel Cruz Rosario","Punta Cana (Bávaro)","Membresías","Premium",2690.00,1358.00,9,Activo,14,8
TRX-RD-10002,2025-12-17,037-8530130-4,"Miguel Marte Castillo","Santiago (Los Jardines)","Membresías","Básica",1690.00,1247.00,5,Activo,11,7
TRX-RD-10028,2025-12-17,097-5613607-4,"Miguel Díaz Cruz","Punta Cana (Bávaro)","Clases Guiadas","Básica",1169.00,1355.00,14,Activo,6,9
TRX-RD-10036,2025-12-17,402-3548220-1,"Laura Díaz García","Santo Domingo Este (Zona Oriental)","Membresías","VIP",4890.00,2357.00,12,Activo,9,9
TRX-RD-10084,2025-12-17,037-9879283-8,"Carmen Morales Cruz","Santo Domingo (Piantini)","Membresías","Básica",1690.00,1237.00,10,Activo,11,9
TRX-RD-10087,2025-12-17,002-0939135-8,"Stephanie Guzmán Morales","Santiago (Los Jardines)","Membresías","Básica",1690.00,1115.00,11,Activo,10,8
TRX-RD-10101,2025-12-17,001-3787669-4,"Ramón Díaz Rodríguez","Punta Cana (Bávaro)","Membresías","Premium",2690.00,1538.00,11,Activo,15,9
TRX-RD-10128,2025-12-17,002-8779724-5,"Carmen Gómez Jiménez","Santiago (Los Jardines)","Personal Trainer","Premium",1692.00,1637.00,11,Activo,14,10
TRX-RD-10205,2025-12-17,002-2514215-7,"Altagracia Rosario Guzmán","Santo Domingo (Piantini)","Membresías","VIP",4890.00,2503.00,9,Activo,8,8
TRX-RD-10265,2025-12-17,031-6302745-5,"Luisa Cruz García","Santo Domingo Este (Zona Oriental)","Membresías","Básica",1690.00,1192.00,14,Activo,15,7
TRX-RD-10300,2025-12-17,011-9170360-0,"Johanny Rodríguez Rosario","Santiago (Los Jardines)","Tienda Deportiva","VIP",1849.00,2399.00,8,Activo,15,8
TRX-RD-10305,2025-12-17,037-7274299-9,"Juan Díaz Rodríguez","Santo Domingo Este (Zona Oriental)","Membresías","Básica",1690.00,1358.00,8,Activo,9,7
TRX-RD-10337,2025-12-17,031-4831108-1,"José Paulino Guzmán","Puerto Plata Club","Membresías","VIP",4890.00,2245.00,10,Activo,7,7
TRX-RD-10353,2025-12-17,031-5457306-1,"Carlos Paulino Marte","Punta Cana (Bávaro)","Tienda Deportiva","Básica",1442.00,1200.00,15,Activo,5,10
TRX-RD-10366,2025-12-17,037-1652013-9,"Francisco Peña Marte","Santiago (Los Jardines)","Membresías","Premium",2690.00,1585.00,8,Activo,13,10
TRX-RD-10376,2025-12-17,002-8357825-0,"Laura Cruz Ventura","Puerto Plata Club","Membresías","Premium",2690.00,1794.00,12,Activo,12,7
TRX-RD-10391,2025-12-17,402-2814003-0,"Miguel Paulino García","Punta Cana (Bávaro)","Membresías","Premium",2690.00,1773.00,6,Activo,13,8
TRX-RD-10395,2025-12-17,031-6698507-1,"Carolina Castillo Guzmán","Santo Domingo Este (Zona Oriental)","Membresías","Básica",1690.00,1338.00,11,Activo,14,7
TRX-RD-10400,2025-12-17,037-7381306-2,"Carmen Gómez Martínez","Punta Cana (Bávaro)","Membresías","Premium",2690.00,1895.00,10,Activo,9,9
TRX-RD-10492,2025-12-17,402-0766543-7,"Gabriel Cruz Díaz","Santo Domingo (Piantini)","Membresías","Premium",2690.00,1829.00,10,Activo,8,7
TRX-RD-10493,2025-12-17,001-6303143-8,"Rosa Castillo Ventura","Santiago (Los Jardines)","Membresías","VIP",4890.00,2315.00,5,Activo,5,9
TRX-RD-10567,2025-12-17,011-9652373-0,"Rosa Gómez Rodríguez","Santo Domingo (Piantini)","Membresías","Básica",1690.00,1353.00,11,Activo,10,5
TRX-RD-10589,2025-12-17,002-7588872-5,"Carlos Rosario Rodríguez","Santiago (Los Jardines)","Tienda Deportiva","Básica",1326.00,1200.00,10,Activo,13,6
TRX-RD-10590,2025-12-17,002-6200903-8,"Carmen Sánchez Castillo","Santiago (Los Jardines)","Membresías","Básica",1690.00,1560.00,8,Activo,10,8
TRX-RD-9984,2025-12-18,011-2000056-5,"Carmen Vásquez Rosario","Santo Domingo (Piantini)","Personal Trainer","Básica",1570.00,999.00,9,Activo,13,10
TRX-RD-9999,2025-12-18,097-5926792-6,"Nicole Paulino Gómez","Santo Domingo (Piantini)","Personal Trainer","Premium",1288.00,1546.00,9,Activo,15,6
TRX-RD-10009,2025-12-18,037-4799381-8,"José Castillo Jiménez","Punta Cana (Bávaro)","Membresías","Premium",2690.00,1686.00,12,Activo,17,8
TRX-RD-10054,2025-12-18,001-1088222-2,"Altagracia Rodríguez García","Santiago (Los Jardines)","Membresías","Básica",1690.00,946.00,8,Activo,12,7
TRX-RD-10056,2025-12-18,037-5881311-1,"Luisa Santana Guzmán","Santo Domingo (Piantini)","Membresías","Premium",2690.00,1676.00,8,Activo,11,8
TRX-RD-10082,2025-12-18,031-6593414-6,"Joan Ventura Sánchez","Santo Domingo Este (Zona Oriental)","Membresías","Básica",1690.00,1251.00,13,Activo,10,9
TRX-RD-10150,2025-12-18,097-4814056-4,"Alejandro Cruz Díaz","Punta Cana (Bávaro)","Personal Trainer","VIP",1168.00,2397.00,15,Activo,11,9
TRX-RD-10168,2025-12-18,031-8723636-3,"Carolina Cruz Marte","Santo Domingo Este (Zona Oriental)","Membresías","Básica",1690.00,1359.00,14,Activo,11,7
TRX-RD-10172,2025-12-18,031-1102942-1,"Miguel Sánchez Sánchez","Santo Domingo (Piantini)","Membresías","Básica",1690.00,1329.00,19,Activo,16,8
TRX-RD-10187,2025-12-18,011-1679631-7,"Laura Gómez Paulino","Santiago (Los Jardines)","Clases Guiadas","Premium",916.00,1581.00,11,Activo,9,10
TRX-RD-10198,2025-12-18,011-4552476-3,"Johanny Cruz Guzmán","Santiago (Los Jardines)","Membresías","Básica",1690.00,1242.00,10,Activo,3,10
TRX-RD-10247,2025-12-18,097-6771051-1,"Nicole Cruz Morales","Santo Domingo (Piantini)","Membresías","Premium",2690.00,1626.00,11,Activo,6,8
TRX-RD-10333,2025-12-18,002-8632191-4,"Yamilka Jiménez Jiménez","Santiago (Los Jardines)","Membresías","Básica",1690.00,1169.00,14,Activo,8,9
TRX-RD-10359,2025-12-18,011-0228573-9,"Laura Sánchez Peña","Santiago (Los Jardines)","Membresías","Premium",2690.00,1619.00,7,Activo,13,8
TRX-RD-10372,2025-12-18,402-5491149-4,"Francisco Rodríguez Sánchez","Santo Domingo Este (Zona Oriental)","Membresías","Básica",1690.00,1206.00,16,Activo,13,8
TRX-RD-10410,2025-12-18,402-5541175-9,"Yamilka Sánchez Díaz","Santiago (Los Jardines)","Membresías","VIP",4890.00,2404.00,11,Activo,16,7
TRX-RD-10525,2025-12-18,037-1003202-4,"Gabriel Díaz Martínez","Santo Domingo Este (Zona Oriental)","Clases Guiadas","Básica",1039.00,1256.00,8,Activo,11,9
TRX-RD-9998,2025-12-19,097-5926792-6,"Nicole Paulino Gómez","Santo Domingo (Piantini)","Membresías","Premium",2690.00,1546.00,9,Activo,15,6
TRX-RD-10046,2025-12-19,037-5764630-6,"Yamilka Sánchez Sánchez","Santiago (Los Jardines)","Clases Guiadas","VIP",846.00,2364.00,17,Activo,9,7
TRX-RD-10071,2025-12-19,402-6347891-5,"Ramón Martínez Morales","Punta Cana (Bávaro)","Membresías","Básica",1690.00,1268.00,11,Activo,5,7
TRX-RD-10170,2025-12-19,097-7300350-5,"Laura Sánchez Martínez","Santiago (Los Jardines)","Clases Guiadas","Premium",954.00,1594.00,10,Activo,5,9
TRX-RD-10197,2025-12-19,402-7986613-7,"Luis Sánchez Vásquez","Punta Cana (Bávaro)","Membresías","Básica",1690.00,1244.00,9,Activo,13,8
TRX-RD-10200,2025-12-19,002-2421057-5,"Yamilka Pérez Vásquez","Santiago (Los Jardines)","Membresías","Básica",1690.00,1190.00,11,Activo,7,10
TRX-RD-10208,2025-12-19,011-9577059-7,"Laura Paulino Jiménez","Santo Domingo Este (Zona Oriental)","Personal Trainer","Básica",1561.00,1208.00,10,Activo,10,8
TRX-RD-10222,2025-12-19,031-8246707-0,"Alejandro Marte Morales","Puerto Plata Club","Membresías","VIP",4890.00,2388.00,11,Activo,8,9
TRX-RD-10261,2025-12-19,002-0478549-7,"Luis Guzmán Díaz","Santo Domingo Este (Zona Oriental)","Membresías","VIP",4890.00,2524.00,10,Activo,8,8
TRX-RD-10267,2025-12-19,031-5240580-3,"Rafael Rosario Rosario","Santiago (Los Jardines)","Membresías","Premium",2690.00,1595.00,8,Activo,13,8
TRX-RD-10285,2025-12-19,011-4990913-5,"Luis Sánchez Díaz","Santo Domingo (Piantini)","Membresías","VIP",4890.00,2605.00,10,Activo,15,6
TRX-RD-10295,2025-12-19,002-0919408-3,"Laura Cruz Gómez","Santiago (Los Jardines)","Membresías","Básica",1690.00,1307.00,13,Activo,8,9
TRX-RD-10321,2025-12-19,402-3202685-2,"Genesis Jiménez Ventura","Santo Domingo (Piantini)","Clases Guiadas","Premium",973.00,1779.00,8,Activo,18,7
TRX-RD-10335,2025-12-19,097-9613201-8,"Johanny Marte Castillo","Santo Domingo Este (Zona Oriental)","Membresías","Básica",1690.00,954.00,14,Activo,6,8
TRX-RD-10369,2025-12-19,097-9542972-0,"Ramón Reyes Díaz","Santiago (Los Jardines)","Membresías","Básica",1690.00,1245.00,14,Activo,9,7
TRX-RD-10387,2025-12-19,031-7136987-3,"Emmanuel Morales Castillo","Santo Domingo (Piantini)","Membresías","VIP",4890.00,2343.00,9,Activo,9,6
TRX-RD-10393,2025-12-19,002-9773654-8,"Ramón Guzmán García","Santo Domingo (Piantini)","Personal Trainer","VIP",1625.00,2398.00,14,Activo,11,7
TRX-RD-10397,2025-12-19,002-3335454-7,"Manuel Rodríguez Reyes","Santo Domingo Este (Zona Oriental)","Membresías","Básica",1690.00,1007.00,10,Activo,12,6
TRX-RD-10409,2025-12-19,097-2127106-3,"Manuel Sánchez Rodríguez","Punta Cana (Bávaro)","Tienda Deportiva","Básica",1655.00,1396.00,11,Activo,6,9
TRX-RD-10420,2025-12-19,037-2317067-0,"Kelvin Jiménez Sánchez","Santo Domingo Este (Zona Oriental)","Personal Trainer","VIP",1365.00,2731.00,19,Activo,19,10
TRX-RD-10439,2025-12-19,402-5462716-5,"Genesis García García","Punta Cana (Bávaro)","Membresías","Premium",2690.00,1764.00,13,Activo,8,6
TRX-RD-10473,2025-12-19,031-4380637-4,"Patricia Gómez Díaz","Puerto Plata Club","Membresías","Premium",2690.00,1726.00,10,Activo,9,8
TRX-RD-10524,2025-12-19,037-1003202-4,"Gabriel Díaz Martínez","Santo Domingo Este (Zona Oriental)","Membresías","Básica",1690.00,1256.00,8,Activo,11,9
TRX-RD-10529,2025-12-19,031-0627540-1,"María Morales Guzmán","Punta Cana (Bávaro)","Personal Trainer","Básica",1471.00,1201.00,14,Activo,7,8
TRX-RD-10544,2025-12-19,402-0142321-3,"Stephanie Morales Marte","Punta Cana (Bávaro)","Membresías","VIP",4890.00,2376.00,10,Activo,10,8
TRX-RD-10565,2025-12-19,011-6743865-2,"María Rosario Cruz","Puerto Plata Club","Membresías","Premium",2690.00,1561.00,10,Activo,14,8
TRX-RD-10596,2025-12-19,011-4966584-4,"Emmanuel Vásquez Sánchez","Santo Domingo Este (Zona Oriental)","Membresías","Premium",2690.00,1777.00,13,Activo,15,7
TRX-RD-10115,2025-12-20,097-6534532-8,"Yamilka Sánchez Jiménez","Santo Domingo (Piantini)","Membresías","Premium",2690.00,1448.00,9,Activo,8,9
TRX-RD-10120,2025-12-20,402-9335168-6,"Francisco Paulino Guzmán","Puerto Plata Club","Membresías","Básica",1690.00,1199.00,7,Activo,4,9
TRX-RD-10171,2025-12-20,402-9933288-8,"Carmen Peña Díaz","Santiago (Los Jardines)","Membresías","Premium",2690.00,1344.00,9,Activo,10,8
TRX-RD-10314,2025-12-20,097-2331703-9,"María Jiménez Martínez","Santiago (Los Jardines)","Personal Trainer","Básica",1612.00,1256.00,9,Activo,12,8
TRX-RD-10436,2025-12-20,001-7434335-0,"Ramón Morales Santana","Santo Domingo (Piantini)","Membresías","Premium",2690.00,1388.00,11,Activo,7,7
TRX-RD-10462,2025-12-20,402-0044725-4,"Nicole Rosario Castillo","Santo Domingo (Piantini)","Membresías","VIP",4890.00,2318.00,9,Activo,12,9
TRX-RD-10463,2025-12-20,402-0044725-4,"Nicole Rosario Castillo","Santo Domingo (Piantini)","Personal Trainer","VIP",1136.00,2318.00,9,Activo,12,9
TRX-RD-10488,2025-12-20,402-0934530-1,"Johanny Ventura Santana","Santiago (Los Jardines)","Membresías","Básica",1690.00,1432.00,11,Activo,16,7
TRX-RD-10523,2025-12-20,097-1092080-3,"Carolina Reyes Ventura","Punta Cana (Bávaro)","Tienda Deportiva","Premium",1596.00,1673.00,12,Activo,10,8
TRX-RD-10582,2025-12-20,037-0461767-3,"Luis Vásquez Díaz","Puerto Plata Club","Membresías","Premium",2690.00,1417.00,10,Activo,11,8
TRX-RD-9997,2025-12-21,002-7106673-0,"Emmanuel Santana Paulino","Santiago (Los Jardines)","Clases Guiadas","Premium",870.00,1582.00,12,Activo,7,9
TRX-RD-10016,2025-12-21,097-7028978-4,"Carlos Guzmán Gómez","Punta Cana (Bávaro)","Tienda Deportiva","Básica",1772.00,855.00,6,Activo,5,8
TRX-RD-10031,2025-12-21,011-2413859-3,"Luisa Rosario Guzmán","Santiago (Los Jardines)","Clases Guiadas","Básica",848.00,1192.00,7,Activo,9,9
TRX-RD-10080,2025-12-21,001-8113511-2,"Altagracia Santana Pérez","Santo Domingo (Piantini)","Clases Guiadas","Premium",1017.00,1587.00,6,Activo,8,6
TRX-RD-10103,2025-12-21,402-2735504-3,"Ramón Marte Sánchez","Santiago (Los Jardines)","Membresías","Premium",2690.00,1446.00,12,Activo,10,9
TRX-RD-10125,2025-12-21,001-9801258-5,"Johanny Pérez Marte","Santiago (Los Jardines)","Membresías","Básica",1690.00,1140.00,4,Activo,7,8
TRX-RD-10126,2025-12-21,031-7139591-0,"Rafael Sánchez Paulino","Santo Domingo Este (Zona Oriental)","Membresías","Básica",1690.00,1135.00,11,Activo,9,8
TRX-RD-10145,2025-12-21,001-7971463-9,"Luisa Peña Díaz","Punta Cana (Bávaro)","Tienda Deportiva","VIP",2181.00,2491.00,11,Activo,11,9
TRX-RD-10158,2025-12-21,037-7016446-9,"Ana Cruz Peña","Santiago (Los Jardines)","Membresías","Básica",1690.00,1191.00,11,Activo,14,9
TRX-RD-10183,2025-12-21,001-7943153-1,"Laura Martínez Reyes","Santo Domingo (Piantini)","Personal Trainer","Básica",1840.00,1213.00,15,Activo,9,8
TRX-RD-10206,2025-12-21,002-2514215-7,"Altagracia Rosario Guzmán","Santo Domingo (Piantini)","Clases Guiadas","VIP",517.00,2503.00,9,Activo,8,8
TRX-RD-10217,2025-12-21,097-9949127-0,"Francisco Santana Peña","Santo Domingo (Piantini)","Membresías","VIP",4890.00,2523.00,15,Activo,6,9
TRX-RD-10229,2025-12-21,097-8090752-4,"Juan Martínez Castillo","Santo Domingo (Piantini)","Membresías","Premium",2690.00,1545.00,7,Activo,9,8
TRX-RD-10230,2025-12-21,031-2974266-8,"Johanny Jiménez Jiménez","Santo Domingo (Piantini)","Membresías","Premium",2690.00,1751.00,12,Activo,12,6
TRX-RD-10275,2025-12-21,002-2155877-8,"Genesis Jiménez García","Santiago (Los Jardines)","Membresías","Premium",2690.00,1357.00,13,Activo,10,8
TRX-RD-10373,2025-12-21,037-7192562-9,"Genesis Ventura Paulino","Punta Cana (Bávaro)","Membresías","Básica",1690.00,1030.00,13,Activo,14,9
TRX-RD-10506,2025-12-21,402-3799506-9,"Miguel Castillo Cruz","Santo Domingo Este (Zona Oriental)","Membresías","Básica",1690.00,1112.00,15,Activo,11,6
TRX-RD-10508,2025-12-21,097-8097227-0,"Miguel Ventura Martínez","Santiago (Los Jardines)","Membresías","VIP",4890.00,2387.00,10,Activo,15,8
TRX-RD-10532,2025-12-21,031-9570833-8,"Gabriel Ventura Gómez","Santiago (Los Jardines)","Membresías","Premium",2690.00,1675.00,5,Activo,6,9
TRX-RD-10566,2025-12-21,011-4532392-7,"Gabriel Marte Vásquez","Santo Domingo Este (Zona Oriental)","Membresías","Premium",2690.00,1474.00,14,Activo,9,7
TRX-RD-10109,2025-12-22,001-5994466-9,"Kelvin Rosario Santana","Santo Domingo (Piantini)","Membresías","Premium",2690.00,1635.00,13,Activo,8,7
TRX-RD-10122,2025-12-22,402-9335168-6,"Francisco Paulino Guzmán","Puerto Plata Club","Clases Guiadas","Básica",1042.00,1199.00,7,Activo,4,9
TRX-RD-10135,2025-12-22,402-4830579-5,"Laura Marte Guzmán","Santiago (Los Jardines)","Clases Guiadas","Básica",1089.00,999.00,12,Activo,5,7
TRX-RD-10141,2025-12-22,402-8428539-8,"Francisco Rodríguez Cruz","Santo Domingo Este (Zona Oriental)","Membresías","Básica",1690.00,1144.00,9,Activo,8,8
TRX-RD-10144,2025-12-22,001-7971463-9,"Luisa Peña Díaz","Punta Cana (Bávaro)","Personal Trainer","VIP",1327.00,2491.00,11,Activo,11,9
TRX-RD-10303,2025-12-22,031-0815783-9,"Nicole Peña Rodríguez","Punta Cana (Bávaro)","Tienda Deportiva","Básica",1152.00,950.00,6,Activo,17,8
TRX-RD-10310,2025-12-22,011-6197242-5,"Ramón Pérez Rosario","Santo Domingo (Piantini)","Membresías","Básica",1690.00,1064.00,9,Activo,11,8
TRX-RD-10317,2025-12-22,011-8180435-0,"Ramón García Peña","Santiago (Los Jardines)","Membresías","Básica",1690.00,1183.00,6,Activo,5,7
TRX-RD-10338,2025-12-22,031-6441568-3,"Manuel Paulino Ventura","Puerto Plata Club","Membresías","VIP",4890.00,2333.00,12,Activo,15,8
TRX-RD-10422,2025-12-22,031-1611272-7,"Carmen Vásquez Gómez","Santiago (Los Jardines)","Membresías","Básica",1690.00,1263.00,11,Activo,11,9
TRX-RD-10428,2025-12-22,097-1755408-4,"Carolina Paulino Marte","Santo Domingo Este (Zona Oriental)","Personal Trainer","Premium",1591.00,1360.00,5,Activo,7,10
TRX-RD-10456,2025-12-22,031-3993669-8,"Carolina Vásquez Pérez","Punta Cana (Bávaro)","Membresías","Premium",2690.00,1428.00,8,Activo,11,9
TRX-RD-10459,2025-12-22,402-0309719-7,"Yudelka Rodríguez Guzmán","Santo Domingo (Piantini)","Membresías","VIP",4890.00,2215.00,16,Activo,7,9
TRX-RD-10480,2025-12-22,402-9645729-0,"María Ventura García","Punta Cana (Bávaro)","Membresías","Básica",1690.00,1174.00,8,Activo,6,7
TRX-RD-10484,2025-12-22,002-4563876-2,"Rosa Reyes Peña","Puerto Plata Club","Personal Trainer","Básica",1450.00,1081.00,11,Activo,16,8
TRX-RD-10499,2025-12-22,097-2914681-2,"Ana Rosario Peña","Punta Cana (Bávaro)","Membresías","Premium",2690.00,1545.00,14,Activo,11,8
TRX-RD-10546,2025-12-22,002-8546073-9,"Altagracia García Ventura","Punta Cana (Bávaro)","Tienda Deportiva","Básica",1969.00,1224.00,10,Activo,11,9
TRX-RD-10550,2025-12-22,002-5568091-0,"Gabriel Guzmán Martínez","Santo Domingo (Piantini)","Membresías","Básica",1690.00,948.00,11,Activo,14,9
TRX-RD-10563,2025-12-22,031-3353004-2,"Emmanuel Reyes Marte","Santiago (Los Jardines)","Personal Trainer","Básica",1534.00,1007.00,7,Activo,15,9
TRX-RD-10568,2025-12-22,011-9652373-0,"Rosa Gómez Rodríguez","Santo Domingo (Piantini)","Personal Trainer","Básica",1549.00,1353.00,11,Activo,10,5
TRX-RD-10576,2025-12-22,011-3817674-6,"Manuel Reyes Rodríguez","Santiago (Los Jardines)","Membresías","VIP",4890.00,2435.00,12,Activo,10,7
TRX-RD-10604,2025-12-22,011-8674698-6,"Ramón Reyes Paulino","Santo Domingo (Piantini)","Membresías","Premium",2690.00,1433.00,11,Activo,5,10
TRX-RD-9987,2025-12-23,031-4201189-3,"Alejandro Díaz Castillo","Santo Domingo (Piantini)","Membresías","Básica",1690.00,949.00,11,Activo,8,8
TRX-RD-10077,2025-12-23,402-4689026-9,"Gabriel Santana García","Santiago (Los Jardines)","Membresías","Premium",2690.00,1701.00,9,Activo,11,6
TRX-RD-10079,2025-12-23,001-8113511-2,"Altagracia Santana Pérez","Santo Domingo (Piantini)","Membresías","Premium",2690.00,1587.00,6,Activo,8,6
TRX-RD-10102,2025-12-23,001-3787669-4,"Ramón Díaz Rodríguez","Punta Cana (Bávaro)","Tienda Deportiva","Premium",2465.00,1538.00,11,Activo,15,9
TRX-RD-10104,2025-12-23,402-2735504-3,"Ramón Marte Sánchez","Santiago (Los Jardines)","Tienda Deportiva","Premium",1642.00,1446.00,12,Activo,10,9
TRX-RD-10107,2025-12-23,002-6952256-1,"Nicole Santana Reyes","Santo Domingo (Piantini)","Personal Trainer","VIP",1482.00,2640.00,13,Activo,9,7
TRX-RD-10110,2025-12-23,097-4067578-1,"Stephanie Ventura Pérez","Santo Domingo (Piantini)","Membresías","Premium",2690.00,1813.00,11,Activo,12,8
TRX-RD-10136,2025-12-23,031-8069871-8,"Miguel Martínez Cruz","Santo Domingo Este (Zona Oriental)","Membresías","Básica",1690.00,1173.00,12,Activo,19,6
TRX-RD-10140,2025-12-23,011-2564054-8,"Pedro García Reyes","Puerto Plata Club","Tienda Deportiva","Premium",1964.00,1702.00,13,Activo,9,8
TRX-RD-10149,2025-12-23,097-4814056-4,"Alejandro Cruz Díaz","Punta Cana (Bávaro)","Membresías","VIP",4890.00,2397.00,15,Activo,11,9
TRX-RD-10163,2025-12-23,001-0472829-0,"Luisa Santana Díaz","Santo Domingo (Piantini)","Membresías","Premium",2690.00,1560.00,9,Activo,8,8
TRX-RD-10181,2025-12-23,037-2679702-4,"Rafael Castillo Peña","Santo Domingo (Piantini)","Tienda Deportiva","Básica",1813.00,1274.00,12,Activo,15,7
TRX-RD-10241,2025-12-23,002-5206211-2,"Kelvin Cruz Morales","Puerto Plata Club","Membresías","Premium",2690.00,2020.00,10,Activo,12,7
TRX-RD-10268,2025-12-23,402-8434250-4,"Luisa Sánchez Cruz","Punta Cana (Bávaro)","Membresías","VIP",4890.00,2475.00,14,Activo,11,9
TRX-RD-10270,2025-12-23,402-7419040-0,"Manuel Morales Martínez","Santiago (Los Jardines)","Membresías","VIP",4890.00,2232.00,14,Activo,11,8
TRX-RD-10307,2025-12-23,097-3288495-3,"Luis Sánchez Peña","Santiago (Los Jardines)","Membresías","VIP",4890.00,2380.00,11,Activo,11,8
TRX-RD-10311,2025-12-23,011-6197242-5,"Ramón Pérez Rosario","Santo Domingo (Piantini)","Tienda Deportiva","Básica",1848.00,1064.00,9,Activo,11,8
TRX-RD-10342,2025-12-23,001-1398005-6,"José Morales Paulino","Punta Cana (Bávaro)","Membresías","Premium",2690.00,1722.00,9,Activo,8,8
TRX-RD-10350,2025-12-23,002-3232256-0,"Patricia Santana Morales","Santo Domingo (Piantini)","Membresías","Básica",1690.00,1098.00,11,Activo,8,7
TRX-RD-10375,2025-12-23,031-0979907-6,"Yamilka Peña Sánchez","Puerto Plata Club","Membresías","VIP",4890.00,2596.00,8,Activo,17,9
TRX-RD-10405,2025-12-23,011-0266902-3,"Genesis Castillo Peña","Santo Domingo (Piantini)","Membresías","VIP",4890.00,2620.00,14,Activo,10,8
TRX-RD-10407,2025-12-23,037-0024297-1,"Pedro Guzmán Vásquez","Santo Domingo (Piantini)","Clases Guiadas","VIP",837.00,2327.00,17,Activo,17,7
TRX-RD-10441,2025-12-23,011-0238353-4,"José Jiménez Guzmán","Santo Domingo Este (Zona Oriental)","Membresías","Básica",1690.00,998.00,7,Activo,14,10
TRX-RD-10470,2025-12-23,011-3380860-8,"José Díaz Vásquez","Santo Domingo (Piantini)","Membresías","Básica",1690.00,1353.00,5,Activo,13,8
TRX-RD-10483,2025-12-23,002-4563876-2,"Rosa Reyes Peña","Puerto Plata Club","Membresías","Básica",1690.00,1081.00,11,Activo,16,8
TRX-RD-10500,2025-12-23,031-7376796-7,"Laura Martínez Marte","Santiago (Los Jardines)","Membresías","VIP",4890.00,2424.00,10,Activo,10,8
TRX-RD-10535,2025-12-23,031-5780704-5,"Joan Guzmán Rodríguez","Punta Cana (Bávaro)","Membresías","VIP",4890.00,2509.00,13,Activo,13,9
TRX-RD-10560,2025-12-23,031-2956002-9,"Manuel Pérez Guzmán","Santo Domingo Este (Zona Oriental)","Personal Trainer","Premium",1567.00,1777.00,12,Activo,13,7
TRX-RD-10569,2025-12-23,011-9652373-0,"Rosa Gómez Rodríguez","Santo Domingo (Piantini)","Clases Guiadas","Básica",1102.00,1353.00,11,Activo,10,5
TRX-RD-10586,2025-12-23,037-7816548-4,"Manuel Jiménez Martínez","Santiago (Los Jardines)","Membresías","Premium",2690.00,1719.00,11,Activo,12,9
TRX-RD-10010,2025-12-24,037-4799381-8,"José Castillo Jiménez","Punta Cana (Bávaro)","Personal Trainer","Premium",1628.00,1686.00,12,Activo,17,8
TRX-RD-10092,2025-12-24,011-6895563-9,"Kelvin Rodríguez Gómez","Santo Domingo Este (Zona Oriental)","Membresías","Básica",1690.00,1157.00,12,Activo,6,9
TRX-RD-10175,2025-12-24,001-3849562-7,"Joan Guzmán Santana","Santo Domingo (Piantini)","Membresías","VIP",4890.00,2406.00,12,Activo,12,7
TRX-RD-10180,2025-12-24,037-2679702-4,"Rafael Castillo Peña","Santo Domingo (Piantini)","Membresías","Básica",1690.00,1274.00,12,Activo,15,7
TRX-RD-10194,2025-12-24,037-7029147-8,"Carlos Marte Pérez","Santiago (Los Jardines)","Personal Trainer","Premium",1202.00,1534.00,8,Activo,12,7
TRX-RD-10249,2025-12-24,001-0419364-4,"Ramón Jiménez Santana","Santo Domingo (Piantini)","Membresías","Básica",1690.00,1238.00,12,Activo,13,9
TRX-RD-10283,2025-12-24,037-7869598-5,"Kelvin Ventura García","Punta Cana (Bávaro)","Clases Guiadas","Premium",1162.00,1596.00,13,Activo,16,9
TRX-RD-10304,2025-12-24,011-9824525-8,"José Sánchez Marte","Santo Domingo (Piantini)","Membresías","Premium",2690.00,1765.00,11,Activo,11,10
TRX-RD-10306,2025-12-24,037-7274299-9,"Juan Díaz Rodríguez","Santo Domingo Este (Zona Oriental)","Clases Guiadas","Básica",1152.00,1358.00,8,Activo,9,7
TRX-RD-10368,2025-12-24,097-2566732-4,"Johanny Castillo Reyes","Santo Domingo Este (Zona Oriental)","Membresías","Básica",1690.00,1137.00,7,Activo,8,8
TRX-RD-10385,2025-12-24,097-4631063-1,"Pedro Peña Vásquez","Santo Domingo (Piantini)","Membresías","Básica",1690.00,1244.00,9,Activo,6,9
TRX-RD-10467,2025-12-24,001-2826741-6,"Yamilka Santana Martínez","Santo Domingo Este (Zona Oriental)","Membresías","Básica",1690.00,1389.00,12,Activo,11,10
TRX-RD-10479,2025-12-24,097-6751381-6,"Carmen Gómez Martínez","Santiago (Los Jardines)","Membresías","Básica",1690.00,1385.00,11,Activo,15,7
TRX-RD-10549,2025-12-24,001-4699582-4,"Emmanuel Pérez Martínez","Santo Domingo (Piantini)","Membresías","Premium",2690.00,1485.00,13,Activo,10,9
TRX-RD-10559,2025-12-24,031-2956002-9,"Manuel Pérez Guzmán","Santo Domingo Este (Zona Oriental)","Membresías","Premium",2690.00,1777.00,12,Activo,13,7
TRX-RD-10561,2025-12-24,001-9581794-5,"Carlos Sánchez Martínez","Puerto Plata Club","Membresías","VIP",4890.00,2196.00,12,Activo,11,7
TRX-RD-10579,2025-12-24,011-3392304-3,"Pedro Gómez Díaz","Santiago (Los Jardines)","Membresías","Básica",1690.00,1229.00,16,Activo,5,7
TRX-RD-10591,2025-12-24,002-6200903-8,"Carmen Sánchez Castillo","Santiago (Los Jardines)","Personal Trainer","Básica",1483.00,1560.00,8,Activo,10,8
TRX-RD-10595,2025-12-24,031-2693777-4,"Emmanuel Santana Reyes","Santo Domingo Este (Zona Oriental)","Membresías","Básica",1690.00,1388.00,12,Activo,15,9
TRX-RD-10597,2025-12-24,002-9208152-8,"Carlos Ventura Morales","Santiago (Los Jardines)","Membresías","Básica",1690.00,1289.00,6,Activo,13,9
TRX-RD-10598,2025-12-24,402-5039105-5,"María Díaz Santana","Puerto Plata Club","Membresías","Básica",1690.00,1209.00,10,Activo,9,8
TRX-RD-10013,2025-12-25,402-3725711-4,"Genesis Rodríguez Sánchez","Punta Cana (Bávaro)","Membresías","Básica",1690.00,1179.00,14,Activo,8,8
TRX-RD-10038,2025-12-25,011-7722143-7,"Nicole Cruz Pérez","Punta Cana (Bávaro)","Membresías","Básica",1690.00,1290.00,13,Activo,16,7
TRX-RD-10044,2025-12-25,002-6149066-8,"Carolina Jiménez Jiménez","Santo Domingo (Piantini)","Personal Trainer","Básica",1409.00,1195.00,10,Activo,12,6
TRX-RD-10075,2025-12-25,002-1029560-6,"Manuel Gómez Cruz","Santiago (Los Jardines)","Membresías","Premium",2690.00,1537.00,11,Activo,16,10
TRX-RD-10112,2025-12-25,037-4959824-3,"Laura Morales Sánchez","Santo Domingo (Piantini)","Personal Trainer","Premium",1684.00,1713.00,5,Activo,10,9
TRX-RD-10116,2025-12-25,097-6534532-8,"Yamilka Sánchez Jiménez","Santo Domingo (Piantini)","Personal Trainer","Premium",1474.00,1448.00,9,Activo,8,9
TRX-RD-10248,2025-12-25,097-6771051-1,"Nicole Cruz Morales","Santo Domingo (Piantini)","Tienda Deportiva","Premium",623.00,1626.00,11,Activo,6,8
TRX-RD-10286,2025-12-25,011-4990913-5,"Luis Sánchez Díaz","Santo Domingo (Piantini)","Tienda Deportiva","VIP",1738.00,2605.00,10,Activo,15,6
TRX-RD-10291,2025-12-25,011-7420481-6,"Ramón Reyes García","Santo Domingo Este (Zona Oriental)","Membresías","Básica",1690.00,1608.00,11,Activo,16,7
TRX-RD-10326,2025-12-25,037-6459188-3,"Joan Reyes Morales","Punta Cana (Bávaro)","Membresías","Premium",2690.00,1588.00,9,Activo,12,9
TRX-RD-10336,2025-12-25,011-9218691-2,"Ramón Santana Gómez","Santiago (Los Jardines)","Membresías","Premium",2690.00,1586.00,11,Activo,10,7
TRX-RD-10349,2025-12-25,002-1834056-0,"Rafael Sánchez Ventura","Santo Domingo (Piantini)","Tienda Deportiva","Básica",1124.00,1305.00,12,Activo,13,8
TRX-RD-10413,2025-12-25,037-6030232-7,"Rosa Vásquez Jiménez","Santiago (Los Jardines)","Clases Guiadas","VIP",1078.00,2326.00,10,Activo,10,8
TRX-RD-10427,2025-12-25,097-1755408-4,"Carolina Paulino Marte","Santo Domingo Este (Zona Oriental)","Membresías","Premium",2690.00,1360.00,5,Activo,7,10
TRX-RD-10451,2025-12-25,002-4930097-1,"Alejandro Paulino Jiménez","Santo Domingo (Piantini)","Membresías","Básica",1690.00,1333.00,7,Activo,14,9
TRX-RD-10497,2025-12-25,031-6853975-1,"Francisco Ventura Rodríguez","Santo Domingo (Piantini)","Clases Guiadas","Premium",1119.00,1584.00,11,Activo,4,8
TRX-RD-10502,2025-12-25,031-7376796-7,"Laura Martínez Marte","Santiago (Los Jardines)","Clases Guiadas","VIP",729.00,2424.00,10,Activo,10,8
TRX-RD-10515,2025-12-25,402-1332067-0,"Carlos Díaz Martínez","Santo Domingo Este (Zona Oriental)","Membresías","Básica",1690.00,1485.00,10,Activo,12,6
TRX-RD-10556,2025-12-25,402-6446294-2,"Carolina Morales Guzmán","Punta Cana (Bávaro)","Membresías","Básica",1690.00,1314.00,9,Activo,9,9
TRX-RD-10570,2025-12-25,001-2331035-1,"Rosa Vásquez Peña","Santiago (Los Jardines)","Membresías","Premium",2690.00,1609.00,14,Activo,11,8
TRX-RD-10571,2025-12-25,011-7533243-4,"Kelvin Ventura Sánchez","Santiago (Los Jardines)","Membresías","Premium",2690.00,1646.00,16,Activo,12,8
TRX-RD-10587,2025-12-25,037-7816548-4,"Manuel Jiménez Martínez","Santiago (Los Jardines)","Personal Trainer","Premium",1559.00,1719.00,11,Activo,12,9
TRX-RD-9992,2025-12-26,037-1550315-1,"Miguel Ventura Rodríguez","Punta Cana (Bávaro)","Personal Trainer","Premium",1435.00,1579.00,8,Activo,7,8
TRX-RD-10062,2025-12-26,002-2145915-9,"Juan Marte Paulino","Santo Domingo (Piantini)","Membresías","Premium",2690.00,1683.00,11,Activo,9,8
TRX-RD-10072,2025-12-26,402-6347891-5,"Ramón Martínez Morales","Punta Cana (Bávaro)","Tienda Deportiva","Básica",1679.00,1268.00,11,Activo,5,7
TRX-RD-10076,2025-12-26,002-1029560-6,"Manuel Gómez Cruz","Santiago (Los Jardines)","Personal Trainer","Premium",1180.00,1537.00,11,Activo,16,10
TRX-RD-10078,2025-12-26,402-4689026-9,"Gabriel Santana García","Santiago (Los Jardines)","Tienda Deportiva","Premium",2266.00,1701.00,9,Activo,11,6
TRX-RD-10088,2025-12-26,002-0939135-8,"Stephanie Guzmán Morales","Santiago (Los Jardines)","Tienda Deportiva","Básica",1816.00,1115.00,11,Activo,10,8
TRX-RD-10091,2025-12-26,402-0968845-2,"María Santana Sánchez","Santiago (Los Jardines)","Tienda Deportiva","Básica",1148.00,998.00,8,Activo,19,8
TRX-RD-10131,2025-12-26,011-6483844-1,"Luis Cruz Jiménez","Punta Cana (Bávaro)","Clases Guiadas","Premium",1251.00,1584.00,14,Activo,5,9
TRX-RD-10147,2025-12-26,011-9286017-7,"Miguel Reyes Santana","Punta Cana (Bávaro)","Membresías","Básica",1690.00,1359.00,6,Activo,12,8
TRX-RD-10220,2025-12-26,001-2220302-9,"Ana Martínez Santana","Punta Cana (Bávaro)","Tienda Deportiva","Básica",903.00,1409.00,11,Activo,12,10
TRX-RD-10256,2025-12-26,402-1618967-6,"Carlos Paulino Guzmán","Punta Cana (Bávaro)","Membresías","Básica",1690.00,1128.00,10,Activo,11,7
TRX-RD-10277,2025-12-26,037-8021183-9,"Miguel Pérez Rodríguez","Santiago (Los Jardines)","Membresías","Premium",2690.00,1509.00,8,Activo,13,7
TRX-RD-10280,2025-12-26,011-9238115-8,"Pedro Rosario Sánchez","Santiago (Los Jardines)","Personal Trainer","Básica",1380.00,1324.00,13,Activo,11,8
TRX-RD-10299,2025-12-26,011-9170360-0,"Johanny Rodríguez Rosario","Santiago (Los Jardines)","Membresías","VIP",4890.00,2399.00,8,Activo,15,8
TRX-RD-10319,2025-12-26,001-2868275-4,"Ramón Peña García","Santo Domingo (Piantini)","Personal Trainer","VIP",1264.00,2577.00,11,Activo,10,10
TRX-RD-10339,2025-12-26,002-0728408-4,"Juan Vásquez Castillo","Santo Domingo Este (Zona Oriental)","Membresías","Básica",1690.00,1460.00,12,Activo,9,9
TRX-RD-10383,2025-12-26,002-2227557-0,"Kelvin Díaz García","Santo Domingo (Piantini)","Clases Guiadas","VIP",1236.00,2334.00,17,Activo,9,5
TRX-RD-10412,2025-12-26,037-6030232-7,"Rosa Vásquez Jiménez","Santiago (Los Jardines)","Membresías","VIP",4890.00,2326.00,10,Activo,10,8
TRX-RD-10416,2025-12-26,037-4151451-1,"María Díaz Cruz","Punta Cana (Bávaro)","Membresías","Premium",2690.00,1686.00,9,Activo,13,9
TRX-RD-10496,2025-12-26,031-6853975-1,"Francisco Ventura Rodríguez","Santo Domingo (Piantini)","Membresías","Premium",2690.00,1584.00,11,Activo,4,8
TRX-RD-10518,2025-12-26,001-4573372-1,"Carolina Ventura Pérez","Santo Domingo Este (Zona Oriental)","Personal Trainer","Básica",1561.00,1256.00,5,Activo,6,8
TRX-RD-10551,2025-12-26,002-5568091-0,"Gabriel Guzmán Martínez","Santo Domingo (Piantini)","Personal Trainer","Básica",1376.00,948.00,11,Activo,14,9
TRX-RD-10557,2025-12-26,402-6446294-2,"Carolina Morales Guzmán","Punta Cana (Bávaro)","Personal Trainer","Básica",1450.00,1314.00,9,Activo,9,9
TRX-RD-10575,2025-12-26,002-0888852-9,"Kelvin Reyes García","Santo Domingo (Piantini)","Membresías","Básica",1690.00,1261.00,14,Activo,12,9
TRX-RD-10578,2025-12-26,402-2143151-9,"Rosa Sánchez Sánchez","Puerto Plata Club","Membresías","Básica",1690.00,1418.00,13,Activo,10,8
TRX-RD-10602,2025-12-26,002-0860564-2,"Kelvin Santana Gómez","Punta Cana (Bávaro)","Membresías","Premium",2690.00,1422.00,8,Activo,12,8
TRX-RD-10027,2025-12-27,097-5613607-4,"Miguel Díaz Cruz","Punta Cana (Bávaro)","Membresías","Básica",1690.00,1355.00,14,Activo,6,9
TRX-RD-10029,2025-12-27,097-7920909-8,"Ana García Santana","Santo Domingo Este (Zona Oriental)","Membresías","Básica",1690.00,1411.00,10,Activo,9,8
TRX-RD-10042,2025-12-27,097-6356440-9,"Carlos Rodríguez Castillo","Punta Cana (Bávaro)","Clases Guiadas","Premium",911.00,1472.00,13,Activo,13,8
TRX-RD-10093,2025-12-27,011-0658246-1,"Manuel Jiménez Rosario","Puerto Plata Club","Membresías","Premium",2690.00,1298.00,12,Activo,8,7
TRX-RD-10111,2025-12-27,037-4959824-3,"Laura Morales Sánchez","Santo Domingo (Piantini)","Membresías","Premium",2690.00,1713.00,5,Activo,10,9
TRX-RD-10138,2025-12-27,011-3176432-4,"Manuel Gómez Castillo","Santo Domingo Este (Zona Oriental)","Membresías","Básica",1690.00,1311.00,14,Activo,13,6
TRX-RD-10146,2025-12-27,011-2335632-9,"Luisa Rosario Jiménez","Santiago (Los Jardines)","Membresías","Básica",1690.00,1055.00,13,Activo,9,7
TRX-RD-10148,2025-12-27,011-9286017-7,"Miguel Reyes Santana","Punta Cana (Bávaro)","Tienda Deportiva","Básica",1985.00,1359.00,6,Activo,12,8
TRX-RD-10164,2025-12-27,031-0526398-6,"Miguel Gómez Vásquez","Santo Domingo (Piantini)","Membresías","Básica",1690.00,1281.00,11,Activo,14,8
TRX-RD-10179,2025-12-27,402-0381126-6,"María Castillo Díaz","Santiago (Los Jardines)","Membresías","Básica",1690.00,916.00,11,Activo,12,8
TRX-RD-10192,2025-12-27,011-5213746-7,"Johanny Morales Santana","Santiago (Los Jardines)","Membresías","Premium",2690.00,1557.00,7,Activo,10,9
TRX-RD-10209,2025-12-27,011-9577059-7,"Laura Paulino Jiménez","Santo Domingo Este (Zona Oriental)","Tienda Deportiva","Básica",1307.00,1208.00,10,Activo,10,8
TRX-RD-10273,2025-12-27,011-2805876-3,"Nicole Rosario Reyes","Santo Domingo Este (Zona Oriental)","Clases Guiadas","Básica",945.00,1377.00,11,Activo,12,9
TRX-RD-10302,2025-12-27,031-0815783-9,"Nicole Peña Rodríguez","Punta Cana (Bávaro)","Membresías","Básica",1690.00,950.00,6,Activo,17,8
TRX-RD-10312,2025-12-27,402-2867257-8,"Pedro Castillo Rodríguez","Santo Domingo (Piantini)","Membresías","VIP",4890.00,2687.00,11,Activo,14,10
TRX-RD-10313,2025-12-27,097-2331703-9,"María Jiménez Martínez","Santiago (Los Jardines)","Membresías","Básica",1690.00,1256.00,9,Activo,12,8
TRX-RD-10347,2025-12-27,002-1834056-0,"Rafael Sánchez Ventura","Santo Domingo (Piantini)","Membresías","Básica",1690.00,1305.00,12,Activo,13,8
TRX-RD-10348,2025-12-27,002-1834056-0,"Rafael Sánchez Ventura","Santo Domingo (Piantini)","Clases Guiadas","Básica",1095.00,1305.00,12,Activo,13,8
TRX-RD-10361,2025-12-27,011-0228573-9,"Laura Sánchez Peña","Santiago (Los Jardines)","Clases Guiadas","Premium",894.00,1619.00,7,Activo,13,8
TRX-RD-10432,2025-12-27,402-2759002-9,"Carmen Gómez Castillo","Santo Domingo (Piantini)","Personal Trainer","Premium",1462.00,1966.00,8,Activo,8,8
TRX-RD-10437,2025-12-27,037-5296970-3,"Rosa Sánchez Reyes","Punta Cana (Bávaro)","Membresías","Premium",2690.00,1522.00,10,Activo,16,7
TRX-RD-10449,2025-12-27,037-4771277-0,"Johanny Santana Santana","Santiago (Los Jardines)","Clases Guiadas","Básica",1005.00,1270.00,8,Activo,18,7
TRX-RD-10453,2025-12-27,097-4316545-9,"José Sánchez García","Punta Cana (Bávaro)","Clases Guiadas","Básica",877.00,1229.00,9,Activo,15,10
TRX-RD-10466,2025-12-27,402-6753909-2,"Rosa Gómez Ventura","Santo Domingo Este (Zona Oriental)","Clases Guiadas","Básica",695.00,1429.00,8,Activo,15,8
TRX-RD-10481,2025-12-27,037-8180441-8,"Juan Cruz Ventura","Santiago (Los Jardines)","Membresías","Premium",2690.00,1802.00,7,Activo,8,8
TRX-RD-10505,2025-12-27,037-8345657-1,"Altagracia Guzmán Rodríguez","Santo Domingo (Piantini)","Tienda Deportiva","VIP",1593.00,2412.00,9,Activo,9,8
TRX-RD-10511,2025-12-27,031-2023540-7,"Nicole Peña Pérez","Santo Domingo (Piantini)","Clases Guiadas","VIP",736.00,2393.00,8,Activo,9,7
TRX-RD-10065,2025-12-28,011-8606403-4,"Rafael Paulino Gómez","Punta Cana (Bávaro)","Membresías","Básica",1690.00,1076.00,14,Activo,13,8
TRX-RD-10161,2025-12-28,037-6831363-1,"José Santana Díaz","Santiago (Los Jardines)","Membresías","Básica",1690.00,1317.00,9,Activo,8,7
TRX-RD-10173,2025-12-28,031-1102942-1,"Miguel Sánchez Sánchez","Santo Domingo (Piantini)","Personal Trainer","Básica",1386.00,1329.00,19,Activo,16,8
TRX-RD-10195,2025-12-28,001-0584045-8,"Johanny Paulino Sánchez","Santo Domingo (Piantini)","Membresías","Premium",2690.00,1818.00,12,Activo,14,7
TRX-RD-10240,2025-12-28,002-6000131-8,"María Jiménez Santana","Puerto Plata Club","Membresías","Premium",2690.00,1598.00,10,Activo,11,9
TRX-RD-10266,2025-12-28,002-6118565-6,"Pedro Guzmán Paulino","Punta Cana (Bávaro)","Membresías","Básica",1690.00,1055.00,5,Activo,12,7
TRX-RD-10287,2025-12-28,002-6804390-8,"Alejandro Morales Ventura","Santiago (Los Jardines)","Membresías","Básica",1690.00,1291.00,11,Activo,11,6
TRX-RD-10289,2025-12-28,031-8253717-9,"Juan Castillo Pérez","Santo Domingo (Piantini)","Membresías","Básica",1690.00,1057.00,14,Activo,9,9
TRX-RD-10343,2025-12-28,001-1398005-6,"José Morales Paulino","Punta Cana (Bávaro)","Clases Guiadas","Premium",1045.00,1722.00,9,Activo,8,8
TRX-RD-10344,2025-12-28,031-0115665-5,"Altagracia Vásquez Castillo","Santiago (Los Jardines)","Membresías","Básica",1690.00,1249.00,8,Activo,9,9
TRX-RD-10396,2025-12-28,037-4720712-8,"Alejandro Paulino Gómez","Santiago (Los Jardines)","Membresías","Básica",1690.00,1054.00,13,Activo,8,8
TRX-RD-10404,2025-12-28,037-6202217-0,"Stephanie Marte Castillo","Santiago (Los Jardines)","Personal Trainer","Básica",1418.00,1333.00,11,Activo,10,9
TRX-RD-10408,2025-12-28,097-2127106-3,"Manuel Sánchez Rodríguez","Punta Cana (Bávaro)","Membresías","Básica",1690.00,1396.00,11,Activo,6,9
TRX-RD-10430,2025-12-28,001-4225018-2,"Rafael Gómez Díaz","Santiago (Los Jardines)","Membresías","Básica",1690.00,1301.00,13,Activo,6,9
TRX-RD-10452,2025-12-28,097-4316545-9,"José Sánchez García","Punta Cana (Bávaro)","Membresías","Básica",1690.00,1229.00,9,Activo,15,10
TRX-RD-10510,2025-12-28,031-2023540-7,"Nicole Peña Pérez","Santo Domingo (Piantini)","Personal Trainer","VIP",1179.00,2393.00,8,Activo,9,7